pid,location,property_type,appraisal_2025,assessment_2025,appraisal_2024,assessment_2024,appraisal_2023,assessment_2023,appraisal_2022,assessment_2022,appraisal_2021,assessment_2021
1,17 FARAWAY LN,RESIDENTIAL,"$569,840","$569,840",461900,461900,461900,461900,461900,461900,,
2,434 N MAIN ST,COMMERCIAL,"$1,372,200","$1,372,200",1177200,1177200,1102900,1102900,1102900,1102900,,
3,15 WILDWOOD DR,RESIDENTIAL,"$693,263","$693,263",529600,529600,529600,529600,529600,529600,,
5,21 WILDWOOD DR,RESIDENTIAL,"$644,090","$644,090",461100,461100,458900,458900,448700,448700,,
6,0 WILDWOOD DR,,"$496,500","$496,500",403200,403200,403200,403200,403200,403200,,
7,25 WILDWOOD DR,RESIDENTIAL,"$1,101,227","$1,101,227",810100,810100,810100,810100,810100,810100,,
8,27 WILDWOOD DR,RESIDENTIAL,"$878,652","$878,652",669100,669100,669100,669100,669100,669100,,
9,29 WILDWOOD DR,RESIDENTIAL,"$812,100","$812,100",636000,636000,635900,635900,635900,635900,,
10,33 WILDWOOD DR,RESIDENTIAL,"$860,400","$860,400",644400,644400,644400,644400,644400,644400,,
11,37 WILDWOOD DR,RESIDENTIAL,"$1,068,300","$1,068,300",727200,727200,727200,727200,727200,727200,,
12,39 WILDWOOD DR,RESIDENTIAL,"$892,100","$892,100",699200,699200,682900,682900,682900,682900,,
13,41 WILDWOOD DR,RESIDENTIAL,"$740,700","$740,700",502200,502200,487300,487300,487300,487300,,
14,31 OAK RIDGE RD,RESIDENTIAL,"$1,019,700","$1,019,700",779000,779000,779100,779100,779100,779100,,
15,72 OAK RIDGE RD,RESIDENTIAL,"$792,700","$792,700",641400,641400,641600,641600,641600,641600,,
16,70 OAK RIDGE RD,RESIDENTIAL,"$684,100","$684,100",557700,557700,557600,557600,557600,557600,,
17,66 OAK RIDGE RD,RESIDENTIAL,"$894,000","$894,000",691400,691400,715600,715600,715600,715600,,
18,62 OAK RIDGE RD,RESIDENTIAL,"$903,880","$903,880",687700,687700,687700,687700,644500,644500,,
19,60 OAK RIDGE RD,RESIDENTIAL,"$1,086,558","$1,086,558",825200,825200,825200,825200,825200,825200,,
20,56 OAK RIDGE RD,RESIDENTIAL,"$1,104,600","$1,104,600",844400,844400,833400,833400,833400,833400,,
21,52 OAK RIDGE RD,RESIDENTIAL,"$1,033,516","$1,033,516",782100,782100,782100,782100,782100,782100,,
22,48 OAK RIDGE RD,,"$80,901","$80,901",65600,65600,65600,65600,65600,65600,,
23,44 OAK RIDGE RD,RESIDENTIAL,"$1,344,361","$1,344,361",1101800,1101800,1101800,1101800,1101800,1101800,,
24,40 OAK RIDGE RD,RESIDENTIAL,"$647,200","$647,200",470400,470400,470300,470300,470300,470300,,
25,36 OAK RIDGE RD,RESIDENTIAL,"$632,200","$632,200",455600,455600,455600,455600,455600,455600,,
26,65 OAK RIDGE RD,RESIDENTIAL,"$1,474,924","$1,474,924",985900,985900,985900,985900,985900,985900,,
27,32 OAK RIDGE RD,RESIDENTIAL,"$912,685","$912,685",717300,717300,717300,717300,717300,717300,,
28,28 OAK RIDGE RD,RESIDENTIAL,"$888,400","$888,400",685500,685500,659500,659500,659500,659500,,
29,11 FARAWAY LN,,"$1,536,800","$1,536,800",1247000,1247000,1247000,1247000,1307000,1307000,,
30,23 OAK RIDGE RD,RESIDENTIAL,"$749,700","$749,700",524500,524500,524400,524400,524400,524400,,
31,42 WILDWOOD DR,RESIDENTIAL,"$992,100","$992,100",691500,691500,691700,691700,691700,691700,,
32,38 WILDWOOD DR,RESIDENTIAL,"$779,197","$779,197",564200,564200,564200,564200,564200,564200,,
33,34 WILDWOOD DR,RESIDENTIAL,"$1,114,097","$1,114,097",755000,755000,755000,755000,755000,755000,,
34,24 WILDWOOD DR,RESIDENTIAL,"$886,909","$886,909",609900,609900,609900,609900,609900,609900,,
35,16 WILDWOOD DR,RESIDENTIAL,"$648,900","$648,900",467900,467900,467800,467800,467800,467800,,
36,14 WILDWOOD DR,RESIDENTIAL,"$611,300","$611,300",448200,448200,448400,448400,448400,448400,,
37,10 WILDWOOD DR,RESIDENTIAL,"$601,900","$601,900",476200,476200,476300,476300,472000,472000,,
38,391 N MAIN ST,RESIDENTIAL,"$888,996","$888,996",678000,678000,678000,678000,678000,678000,,
39,17 RICHARDSON PL,RESIDENTIAL,"$392,300","$392,300",274000,274000,274000,274000,274000,274000,,
40,1 OAK RIDGE RD,COMMERCIAL,"$2,107,820","$2,107,820",1889900,1889900,1889900,1889900,1889900,1889900,,
41,SUGARWOOD  CIR,,"$672,000","$672,000",277500,277500,277500,277500,277500,277500,,
42,11 OAK RIDGE RD,RESIDENTIAL,"$517,484","$517,484",392400,392400,392400,392400,392400,392400,,
43,15 OAK RIDGE RD,RESIDENTIAL,"$739,200","$739,200",599400,599400,599500,599500,599500,599500,,
44,1 WILDWOOD DR,RESIDENTIAL,"$591,684","$591,684",465100,465100,465100,465100,465100,465100,,
45,5 WILDWOOD DR,RESIDENTIAL,"$614,223","$614,223",439700,439700,439700,439700,439700,439700,,
46,9 WILDWOOD DR,RESIDENTIAL,"$567,243","$567,243",407100,407100,407100,407100,368800,368800,,
47,6 WILDWOOD DR,RESIDENTIAL,"$629,900","$629,900",514600,514600,514800,514800,514800,514800,,
48,19 OAK RIDGE RD,RESIDENTIAL,"$678,100","$678,100",456100,456100,456000,456000,456000,456000,,
49,8 CHAMBERS CIR,RESIDENTIAL,"$991,800","$991,800",728200,728200,728300,728300,728300,728300,,
50,6 CHAMBERS CIR,RESIDENTIAL,"$725,200","$725,200",574400,574400,574700,574700,574700,574700,,
51,4 CHAMBERS CIR,RESIDENTIAL,"$952,739","$952,739",742600,742600,742600,742600,742600,742600,,
52,2 CHAMBERS CIR,RESIDENTIAL,"$973,161","$973,161",743800,743800,743800,743800,743800,743800,,
53,1 CHAMBERS RD,RESIDENTIAL,"$1,250,605","$1,250,605",958400,958400,958400,958400,958400,958400,,
54,24 OAK RIDGE RD,RESIDENTIAL,"$870,917","$870,917",684400,684400,679400,679400,679400,679400,,
55,8 DOVE LN,RESIDENTIAL,"$961,404","$961,404",753900,753900,753900,753900,755900,755900,,
56,22 OAK RIDGE RD,RESIDENTIAL,"$845,100","$845,100",653700,653700,653700,653700,653700,653700,,
57,18 OAK RIDGE RD,RESIDENTIAL,"$597,200","$597,200",454700,454700,454700,454700,454700,454700,,
58,14 OAK RIDGE RD,RESIDENTIAL,"$588,591","$588,591",391500,391500,329300,329300,329300,329300,,
59,10 OAK RIDGE RD,RESIDENTIAL,"$614,700","$614,700",417700,417700,417700,417700,417700,417700,,
60,6 OAK RIDGE RD #1,,"$630,600","$630,600",433800,433800,433800,433800,433800,433800,,
61,6 OAK RIDGE RD 2,,"$582,400","$582,400",399700,399700,399700,399700,399700,399700,,
62,6 OAK RIDGE RD 3,,"$518,300","$518,300",352600,352600,352600,352600,352600,352600,,
63,6 OAK RIDGE RD #4,,"$578,700","$578,700",411200,411200,411200,411200,411200,411200,,
64,6 OAK RIDGE RD 5,,"$491,800","$491,800",340800,340800,340800,340800,340800,340800,,
65,6 OAK RIDGE RD #6,,"$566,400","$566,400",399200,399200,399200,399200,399200,399200,,
66,6 OAK RIDGE RD 7,,"$580,500","$580,500",398800,398800,398800,398800,398800,398800,,
67,6 OAK RIDGE RD 8,,"$544,000","$544,000",389800,389800,389800,389800,389800,389800,,
68,6 OAK RIDGE RD 9,,"$633,600","$633,600",412600,412600,413400,413400,413400,413400,,
69,6 OAK RIDGE RD #10,,"$551,500","$551,500",385700,385700,384100,384100,384100,384100,,
70,6 OAK RIDGE RD 11,,"$536,600","$536,600",375500,375500,375500,375500,375500,375500,,
71,6 OAK RIDGE RD 12,,"$560,000","$560,000",388600,388600,388600,388600,388600,388600,,
72,6 OAK RIDGE RD #13,,"$558,900","$558,900",385100,385100,385100,385100,385100,385100,,
73,6 OAK RIDGE RD 14,,"$490,000","$490,000",342700,342700,342700,342700,342700,342700,,
74,6 OAK RIDGE RD 15,,"$578,100","$578,100",411000,411000,411000,411000,411000,411000,,
75,6 OAK RIDGE RD 16,,"$586,900","$586,900",413600,413600,413600,413600,413600,413600,,
76,6 OAK RIDGE RD 17,,"$594,700","$594,700",426800,426800,426800,426800,426800,426800,,
77,6 OAK RIDGE RD #19,,"$550,900","$550,900",382600,382600,382600,382600,382600,382600,,
78,6 OAK RIDGE RD 20,,"$543,800","$543,800",374800,374800,374800,374800,374800,374800,,
79,6 OAK RIDGE RD 21,,"$529,300","$529,300",361300,361300,361300,361300,361300,361300,,
80,6 OAK RIDGE RD 22,,"$590,300","$590,300",410500,410500,376800,376800,376800,376800,,
81,6 OAK RIDGE RD 23,,"$597,300","$597,300",411800,411800,411800,411800,411800,411800,,
82,6 OAK RIDGE RD 24,,"$472,400","$472,400",325700,325700,325700,325700,325700,325700,,
83,6 OAK RIDGE RD 25,,"$588,800","$588,800",413300,413300,413300,413300,413300,413300,,
84,6 OAK RIDGE RD 26,,"$563,500","$563,500",388200,388200,388200,388200,388200,388200,,
85,6 OAK RIDGE RD #27,,"$562,900","$562,900",389700,389700,389700,389700,389700,389700,,
86,6 OAK RIDGE RD 28,,"$586,100","$586,100",410700,410700,410700,410700,410700,410700,,
87,6 OAK RIDGE RD 29,,"$572,100","$572,100",394900,394900,394900,394900,394900,394900,,
88,6 OAK RIDGE RD 30,,"$550,400","$550,400",378500,378500,378500,378500,378500,378500,,
89,6 OAK RIDGE RD 31,,"$568,700","$568,700",395300,395300,395300,395300,395300,395300,,
90,6 OAK RIDGE RD 32,,"$591,100","$591,100",406500,406500,406500,406500,406500,406500,,
91,407 N MAIN ST,COMMERCIAL,"$4,416,433","$4,416,433",3447900,3447900,3427300,3427300,3427300,3427300,,
92,3 SCOTT AVE,RESIDENTIAL,"$492,100","$492,100",344900,344900,345000,345000,415600,415600,,
93,7 SCOTT AVE,RESIDENTIAL,"$859,100","$859,100",717100,717100,717200,717200,717200,717200,,
94,6 SCOTT AVE,RESIDENTIAL,"$427,000","$427,000",307700,307700,307800,307800,307800,307800,,
95,2 SCOTT AVE,RESIDENTIAL,"$421,400","$421,400",336700,336700,336800,336800,336800,336800,,
96,421 N MAIN ST,RESIDENTIAL,"$503,200","$503,200",354000,354000,354100,354100,279900,279900,,
97,7 WYETH FARM CIR,RESIDENTIAL,"$774,500","$774,500",497200,497200,499200,499200,499200,499200,,
98,6 WYETH FARM CIR,RESIDENTIAL,"$611,000","$611,000",444300,444300,444400,444400,444400,444400,,
99,4 WYETH FARM CIR,RESIDENTIAL,"$654,800","$654,800",534600,534600,546700,546700,546700,546700,,
100,11 DUNSTER DR,RESIDENTIAL,"$640,041","$640,041",500800,500800,500800,500800,500800,500800,,
101,10 LONGWOOD LN,RESIDENTIAL,"$541,200","$541,200",389000,389000,389100,389100,389100,389100,,
102,6 LONGWOOD LN,RESIDENTIAL,"$583,600","$583,600",418100,418100,418200,418200,418200,418200,,
103,2 LONGWOOD LN,RESIDENTIAL,"$676,500","$676,500",484500,484500,484600,484600,473200,473200,,
104,1 GILSON RD,RESIDENTIAL,"$551,100","$551,100",377500,377500,379200,379200,379200,379200,,
105,3 GILSON RD,RESIDENTIAL,"$647,800","$647,800",453400,453400,453600,453600,453600,453600,,
106,5 GILSON RD,RESIDENTIAL,"$580,700","$580,700",402700,402700,403000,403000,403000,403000,,
107,7 GILSON RD,RESIDENTIAL,"$543,500","$543,500",384300,384300,384200,384200,380900,380900,,
108,9 GILSON RD,RESIDENTIAL,"$561,000","$561,000",399300,399300,399600,399600,399600,399600,,
109,11 GILSON RD,RESIDENTIAL,"$675,022","$675,022",461600,461600,458200,458200,458200,458200,,
110,13 GILSON RD,RESIDENTIAL,"$621,339","$621,339",446500,446500,446500,446500,446500,446500,,
111,15 GILSON RD,RESIDENTIAL,"$552,427","$552,427",387500,387500,387500,387500,387500,387500,,
112,17 GILSON RD,RESIDENTIAL,"$635,500","$635,500",502400,502400,502500,502500,502500,502500,,
113,19 GILSON RD,RESIDENTIAL,"$542,316","$542,316",371000,371000,371000,371000,371000,371000,,
114,21 GILSON RD,RESIDENTIAL,"$805,039","$805,039",540500,540500,540500,540500,540500,540500,,
115,23 GILSON RD,RESIDENTIAL,"$591,606","$591,606",418500,418500,397300,397300,397300,397300,,
116,25 GILSON RD,RESIDENTIAL,"$642,141","$642,141",435400,435400,435400,435400,435400,435400,,
117,27 GILSON RD,RESIDENTIAL,"$806,209","$806,209",530900,530900,530900,530900,530900,530900,,
118,29 GILSON RD,RESIDENTIAL,"$543,200","$543,200",380300,380300,380300,380300,380300,380300,,
119,28 GILSON RD,RESIDENTIAL,"$598,657","$598,657",414700,414700,414700,414700,406500,406500,,
120,26 GILSON RD,RESIDENTIAL,"$581,300","$581,300",400000,400000,400000,400000,377200,377200,,
121,16 GILSON RD,RESIDENTIAL,"$583,000","$583,000",401300,401300,401200,401200,401200,401200,,
122,10 GILSON RD,RESIDENTIAL,"$879,200","$879,200",579600,579600,579600,579600,579600,579600,,
123,4 GILSON RD,RESIDENTIAL,"$603,000","$603,000",414900,414900,415000,415000,415000,415000,,
124,2 GILSON RD,RESIDENTIAL,"$557,100","$557,100",378600,378600,378700,378700,378700,378700,,
125,5 LASH RD,RESIDENTIAL,"$754,700","$754,700",520200,520200,520300,520300,520300,520300,,
126,7 LASH RD,RESIDENTIAL,"$658,500","$658,500",446000,446000,446000,446000,446000,446000,,
127,9 LASH RD,RESIDENTIAL,"$508,200","$508,200",355800,355800,355900,355900,355900,355900,,
128,46 LASH RD,RESIDENTIAL,"$885,739","$885,739",587800,587800,584900,584900,584900,584900,,
129,7 CAMBRIDGE PL,RESIDENTIAL,"$539,400","$539,400",370500,370500,370500,370500,370500,370500,,
130,5 CAMBRIDGE PL,RESIDENTIAL,"$549,400","$549,400",387500,387500,387500,387500,387500,387500,,
131,5 DUNSTER DR,,"$110,900","$110,900",90100,90100,90200,90200,90200,90200,,
132,4 CAMBRIDGE PL,RESIDENTIAL,"$501,800","$501,800",349600,349600,349600,349600,349600,349600,,
133,10 CAMBRIDGE PL,RESIDENTIAL,"$627,400","$627,400",447900,447900,447900,447900,457600,457600,,
134,8 LASH RD,RESIDENTIAL,"$527,691","$527,691",366100,366100,364400,364400,364400,364400,,
135,12 BEACON RD,RESIDENTIAL,"$530,600","$530,600",370600,370600,370700,370700,370700,370700,,
136,7 DUNSTER DR,RESIDENTIAL,"$663,600","$663,600",471700,471700,471800,471800,471800,471800,,
137,1 BEACON RD,RESIDENTIAL,"$567,500","$567,500",410300,410300,410400,410400,407400,407400,,
138,3 BEACON RD,RESIDENTIAL,"$538,700","$538,700",388700,388700,388800,388800,388800,388800,,
139,5 BEACON RD,RESIDENTIAL,"$704,300","$704,300",549300,549300,549400,549400,549400,549400,,
140,27 LASH RD,RESIDENTIAL,"$553,000","$553,000",399900,399900,400000,400000,400000,400000,,
141,3 LONGWOOD LN,RESIDENTIAL,"$533,700","$533,700",369900,369900,370000,370000,370000,370000,,
142,5 LONGWOOD LN,RESIDENTIAL,"$673,100","$673,100",455800,455800,455900,455900,455900,455900,,
143,9 DUNSTER DR,RESIDENTIAL,"$551,900","$551,900",370800,370800,370900,370900,370900,370900,,
144,428 N MAIN ST,COMMERCIAL,"$1,874,766","$1,874,766",1510500,1510500,1510500,1510500,1510500,1510500,,
145,0 N MAIN ST,,"$22,200","$22,200",18400,18400,18400,18400,18400,18400,,
146,426 N MAIN ST,RESIDENTIAL,"$347,000","$347,000",252700,252700,252700,252700,252700,252700,,
147,422 N MAIN ST,RESIDENTIAL,"$579,300","$579,300",389300,389300,389300,389300,389300,389300,,
148,420 N MAIN ST,RESIDENTIAL,"$400,800","$400,800",290200,290200,290300,290300,290300,290300,,
149,418 N MAIN ST,RESIDENTIAL,"$513,400","$513,400",342600,342600,342600,342600,507600,507600,,
150,0 N MAIN ST,,"$141,700","$141,700",117100,117100,117100,117100,134400,134400,,
151,1 GOULD RD,RESIDENTIAL,"$606,807","$606,807",440600,440600,440600,440600,440600,440600,,
152,2 GOULD RD,RESIDENTIAL,"$577,024","$577,024",424700,424700,424700,424700,424700,424700,,
153,33 GOULD RD,RESIDENTIAL,"$631,254","$631,254",506500,506500,477300,477300,477300,477300,,
154,43 GOULD RD,RESIDENTIAL,"$635,000","$635,000",457400,457400,457600,457600,457600,457600,,
155,1-3 FIELD RD,COMMERCIAL,"$43,707,904","$42,629,135",36868400,35974370,36868400,35974370,36868400,35974370,,
156,47 GOULD RD,RESIDENTIAL,"$350,414","$350,414",260900,260900,260900,260900,260900,260900,,
157,394 N MAIN ST,,"$1,667,450","$1,667,450",1345900,1345900,1345900,1345900,1345900,1345900,,
158,394 N MAIN ST,INDUSTRIAL,"$1,767,400","$1,767,400",1106400,1106400,1106400,1106400,1106400,1106400,,
159,11 TRAILHEAD LN,,"$191,900","$191,900",171000,171000,171000,158800,171000,158800,,
160,0 EAST WILDER RD,,"$517,618","$517,618",427700,427700,427700,427700,427700,427700,,
161,79 EAST WILDER RD,COMMERCIAL,"$1,344,340","$1,344,340",1047000,1047000,1047000,1047000,1047000,1047000,,
162,78 EAST WILDER RD,RESIDENTIAL,"$686,784","$686,784",552800,552800,552800,552800,552800,552800,,
163,72 EAST WILDER RD,RESIDENTIAL,"$342,042","$342,042",248300,248300,248300,248300,248300,248300,,
164,68 EAST WILDER RD,RESIDENTIAL,"$385,700","$385,700",274600,274600,274600,274600,274600,274600,,
165,66 EAST WILDER RD,RESIDENTIAL,"$510,500","$510,500",361400,361400,361300,361300,361300,361300,,
166,62 EAST WILDER RD,RESIDENTIAL,"$623,600","$623,600",508700,508700,508700,508700,508700,508700,,
167,60 EAST WILDER RD,RESIDENTIAL,"$370,600","$370,600",276400,276400,276400,276400,276400,276400,,
168,58 EAST WILDER RD,,"$153,200","$153,200",69300,69300,69300,69300,69300,69300,,
169,0 EAST WILDER RD,,"$91,332","$91,332",75500,75500,75500,75500,75500,75500,,
170,7 QUAIL HOLLOW DR,COMMERCIAL,"$6,284,627","$6,284,625",4907000,4907000,4907000,4907000,4907000,4907000,,
172,367 N MAIN ST,RESIDENTIAL,"$976,288","$976,288",720300,720300,720300,720300,720300,720300,,
173,371 N MAIN ST,RESIDENTIAL,"$639,700","$639,700",443000,443000,443000,443000,443000,443000,,
174,375 N MAIN ST,RESIDENTIAL,"$157,000","$157,000",120600,120600,120000,120000,120000,120000,,
176,377 N MAIN ST,COMMERCIAL,"$1,387,432","$1,387,430",1115000,1115000,1115000,1115000,1115000,1115000,,
177,379 N MAIN ST,RESIDENTIAL,"$312,200","$312,200",228000,228000,228100,228100,228100,228100,,
178,5 RICHARDSON PL,RESIDENTIAL,"$274,300","$274,300",211900,211900,211900,211900,211900,211900,,
179,9 RICHARDSON PL,RESIDENTIAL,"$338,300","$338,300",230200,230200,230200,230200,230200,230200,,
180,387 N MAIN ST,,"$127,936","$127,936",105700,105700,105700,105700,105700,105700,,
181,6 RICHARDSON PL,RESIDENTIAL,"$337,400","$337,400",260100,260100,260100,260100,260100,260100,,
182,2 RICHARDSON PL,RESIDENTIAL,"$365,300","$365,300",264600,264600,264600,264600,264600,264600,,
183,385 N MAIN ST,RESIDENTIAL,"$316,375","$316,375",235000,235000,205500,205500,205500,205500,,
184,388 N MAIN ST,RESIDENTIAL,"$521,600","$521,600",396600,396600,396600,396600,396600,396600,,
185,386 N MAIN ST,RESIDENTIAL,"$339,967","$339,967",278100,278100,278100,278100,278100,278100,,
186,384 N MAIN ST,RESIDENTIAL,"$545,400","$545,400",435500,435500,435500,435500,435500,435500,,
187,382 N MAIN ST,RESIDENTIAL,"$379,994","$379,994",282700,282700,282700,282700,282700,282700,,
188,376 N MAIN ST,RESIDENTIAL,"$406,400","$406,400",318700,318700,318800,318800,318800,318800,,
189,1 INDIAN RIDGE DR,RESIDENTIAL,"$378,800","$378,800",277100,277100,277000,277000,277000,277000,,
190,0 INDIAN RIDGE DR,,"$55,500","$55,500",46900,46900,46900,46900,46900,46900,,
192,378 N MAIN ST,RESIDENTIAL,"$548,056","$548,056",378300,378300,378300,378300,378300,378300,,
193,0 INDIAN RIDGE DR,,"$6,100","$6,100",5100,5100,5100,5100,5100,5100,,
194,0 N MAIN ST,,"$6,000","$6,000",5000,5000,5000,5000,5000,5000,,
195,0 INDIAN RIDGE DR,,"$6,100","$6,100",5100,5100,5100,5100,5100,5100,,
196,0 INDIAN RIDGE DR,,"$6,000","$6,000",5000,5000,5000,5000,5000,5000,,
197,8 INDIAN RIDGE DR,RESIDENTIAL,"$343,700","$343,700",253200,253200,253100,253100,253100,253100,,
198,6 INDIAN RIDGE DR,RESIDENTIAL,"$416,800","$416,800",334300,334300,334400,334400,334400,334400,,
199,4 INDIAN RIDGE DR,RESIDENTIAL,"$530,900","$530,900",376300,376300,376400,376400,376400,376400,,
200,0 INDIAN RIDGE DR,,"$108,600","$108,600",89700,89700,89700,89700,89700,89700,,
201,305 N MAIN ST,COMMERCIAL,"$1,098,520","$1,098,520",835100,835100,835100,835100,835100,835100,,
202,0 N MAIN ST,,"$654,800","$16,515",544800,16515,544800,16515,544800,16515,,
203,459 MOUNT SUPPORT RD,COMMERCIAL,"$385,300","$385,300",298100,298100,297900,297900,297900,297900,,
204,1 MEDICAL CENTER DR,COMMERCIAL,"$1,476,700","$1,476,700",1683800,1683800,1683800,1683800,1683800,1683800,,
206,1 MEDICAL CENTER DR,COMMERCIAL,"$5,601,400","$5,601,400",5217900,5217900,4692500,4692500,4692500,4692500,,
207,1 MEDICAL CENTER DR,,"$19,724,205","$19,724,205",18469000,18469000,18469000,18469000,18469000,18469000,,
208,1 MEDICAL CENTER DR,COMMERCIAL,"$837,484,100","$837,484,100",778046000,778046000,781135300,781135300,715339700,715339700,,
209,0 NH ROUTE 120,,"$540,700","$540,700",415800,415800,415800,415800,415800,415800,,
210,0 NH ROUTE 120,,"$3,979,800","$3,979,800",3928400,3928400,3928400,3928400,3928400,3928400,,
211,32 CENTERRA PKWY,COMMERCIAL,"$15,884,888","$15,884,890",14509700,14509700,14506300,14506300,14506300,14506300,,
212,38 CENTERRA PKWY,COMMERCIAL,"$3,011,400","$3,011,400",2422800,2422800,2422800,2422800,2422800,2422800,,
215,33 MORGAN DR,COMMERCIAL,"$10,122,950","$10,122,950",7741200,7741200,7746100,7746100,7463600,7463600,,
216,19 MORGAN DR,COMMERCIAL,"$2,163,075","$2,163,075",1997900,1997900,1997900,1997900,1997900,1997900,,
218,2 MORGAN DR,INDUSTRIAL,"$2,375,625","$2,375,625",2191900,2191900,2347200,2347200,2347200,2347200,,
219,0 CENTERRA PKWY,,"$986,900","$986,900",858400,858400,858400,858400,858400,858400,,
220,35 CENTERRA PKWY,COMMERCIAL,"$6,410,500","$3,846,300",2911740,2911700,4852900,4852900,4852900,4852900,,
221,41 CENTERRA PKWY,COMMERCIAL,"$10,949,900","$10,949,900",10229200,10229200,10229200,10229200,10229200,10229200,,
222,46 CENTERRA PKWY,COMMERCIAL,"$9,508,600","$9,508,600",9076000,9076000,9076000,9076000,9076000,9076000,,
223,11 LAFAYETTE ST,COMMERCIAL,"$8,997,500","$8,997,500",6616100,6616100,8002000,8002000,8002900,8002900,,
224,21 LAFAYETTE ST,COMMERCIAL,"$10,686,100","$10,686,100",10138500,10138500,10138500,10138500,10138500,10138500,,
225,0 LAFAYETTE ST,,"$1,072,500","$1,072,500",768800,768800,768800,768800,768800,768800,,
226,37 LAFAYETTE ST,INDUSTRIAL,"$1,105,575","$1,105,575",983200,983200,983200,983200,983200,983200,,
227,7 LUCENT DR,COMMERCIAL,"$9,512,175","$9,512,175",7384100,7384100,6633400,6633400,6445400,6445400,,
228,4 LUCENT DR,COMMERCIAL,"$7,678,388","$7,678,388",6725400,6725400,6725400,6725400,6725400,6725400,,
229,48 LAFAYETTE ST,INDUSTRIAL,"$2,560,900","$2,560,900",1986900,1986900,1986900,1986900,1986900,1986900,,
230,44 LAFAYETTE ST,INDUSTRIAL,"$2,132,388","$2,132,388",1861600,1861600,1861600,1861600,1861600,1861600,,
232,30 LAFAYETTE ST,COMMERCIAL,"$10,425,600","$10,425,600",9588900,9588900,9588900,9588900,9588900,9588900,,
233,16 CAVENDISH CT,COMMERCIAL,"$11,219,300","$11,219,300",9870200,9870000,9870200,9870000,11270900,11029000,,
234,10 CAVENDISH CT,COMMERCIAL,"$7,823,300","$7,823,300",6970600,6970600,6970600,6970600,6970600,6970600,,
235,60 ALTA BLVD,COMMERCIAL,"$28,695,668","$28,129,085",23709400,23142815,23591700,23025115,23591700,23025115,,
236,0 LAFAYETTE ST,,"$562,100",$230,535400,230,535400,230,535400,230,,
237,460 MOUNT SUPPORT RD,,"$447,300","$447,300",370200,370200,370200,370200,370200,370200,,
238,444 MOUNT SUPPORT RD,COMMERCIAL,"$14,293,500","$14,293,500",13597600,13597600,13597600,13597600,13597600,13597600,,
239,0 MOUNT SUPPORT RD,,"$484,200","$484,200",407100,407100,407100,407100,407100,407100,,
240,0 MOUNT SUPPORT RD,,"$72,600",$445,72600,445,72600,445,72600,445,,
241,0 MOUNT SUPPORT RD,,"$274,000",$220,256700,220,256700,220,256700,220,,
242,432 MOUNT SUPPORT RD,,"$242,300","$242,300",227600,227600,227600,227600,227600,227600,,
243,0 LAKEVIEW DR,,"$178,700","$178,700",147900,147900,147900,147900,133500,133500,,
244,33 EAST WILDER RD,RESIDENTIAL,"$764,625","$764,625",621800,621800,621800,621800,568600,568600,,
245,54 EAST WILDER RD,RESIDENTIAL,"$437,235","$437,235",308700,308700,308700,308700,319300,319300,,
246,48 EAST WILDER RD,RESIDENTIAL,"$669,641","$669,641",547500,547500,547500,547500,547500,547500,,
247,36 EAST WILDER RD,RESIDENTIAL,"$1,452,739","$1,452,739",1006300,1006300,1006300,1006300,1006300,1006300,,
248,18 EAST WILDER RD,RESIDENTIAL,"$568,004","$568,004",380700,380700,380700,380700,400100,400100,,
249,1 LAKEVIEW DR,RESIDENTIAL,"$415,500","$415,500",305500,305500,305400,305400,305400,305400,,
250,9 LAKEVIEW DR,RESIDENTIAL,"$370,784","$370,784",274900,274900,273600,273600,273600,273600,,
251,11 LAKEVIEW DR,RESIDENTIAL,"$579,660","$579,660",439800,439800,443200,443200,443200,443200,,
252,10 LAKEVIEW DR,RESIDENTIAL,"$268,700","$268,700",193500,193500,193700,193700,193700,193700,,
253,14 COBURN TER,RESIDENTIAL,"$493,000","$493,000",353800,353800,353900,353900,353900,353900,,
254,10 COBURN TER,RESIDENTIAL,"$336,700","$336,700",248600,248600,248500,248500,248500,248500,,
255,6 COBURN TER,RESIDENTIAL,"$510,600","$510,600",358800,358800,339900,339900,339900,339900,,
256,4 COBURN TER,RESIDENTIAL,"$511,100","$511,100",360200,360200,360200,360200,360200,360200,,
257,11 COBURN TER,RESIDENTIAL,"$451,300","$451,300",316000,316000,316000,316000,316000,316000,,
258,6 LAKEVIEW DR,RESIDENTIAL,"$442,800","$442,800",305100,305100,305100,305100,305100,305100,,
259,331 N MAIN ST,RESIDENTIAL,"$387,100","$387,100",265500,265500,265500,265500,278600,278600,,
260,9 COBURN TER,RESIDENTIAL,"$381,000","$381,000",287900,287900,287900,287900,287900,287900,,
261,353 N MAIN ST,RESIDENTIAL,"$350,600","$350,600",257100,257100,257100,257100,257100,257100,,
262,3 EAST WILDER RD,RESIDENTIAL,"$497,600","$497,600",353500,353500,349100,349100,349100,349100,,
263,5 EAST WILDER RD,RESIDENTIAL,"$130,800","$130,800",110000,110000,110000,110000,110000,110000,,
264,10 EAST WILDER RD,RESIDENTIAL,"$563,556","$563,556",433900,433900,433900,433900,433900,433900,,
265,0 N MAIN ST,,"$67,400","$67,400",55700,55700,55700,55700,55700,55700,,
266,340 N MAIN ST,RESIDENTIAL,"$391,000","$391,000",282100,282100,282100,282100,282100,282100,,
267,0 N MAIN ST,,"$5,800","$5,800",4800,4800,4800,4800,4800,4800,,
268,328 N MAIN ST,RESIDENTIAL,"$325,700","$325,700",235800,235800,235800,235800,235800,235800,,
269,322 N MAIN ST,RESIDENTIAL,"$396,603","$396,603",289100,289100,289100,289100,289100,289100,,
270,0 N MAIN ST,,"$230,376","$230,376",190300,190300,190300,190300,190300,190300,,
271,215 N MAIN ST,,"$97,100","$97,100",92300,92300,92300,92300,92300,92300,,
272,0 N MAIN ST,,"$9,900","$9,900",9900,9900,9900,9900,9900,9900,,
273,0 N MAIN ST,,"$12,900","$12,900",10700,10700,10700,10700,10700,10700,,
274,249 N MAIN ST,COMMERCIAL,"$49,385,900","$49,385,900",37975400,37975400,42452100,42452100,44291300,44291300,,
275,276 N MAIN ST,RESIDENTIAL,"$408,900","$408,900",330100,330100,330000,330000,330000,330000,,
276,228 N MAIN ST,RESIDENTIAL,"$500,647","$500,647",350400,350400,350400,350400,350400,350400,,
277,0 N MAIN ST,,"$107,470","$107,470",88500,88500,88500,88500,88500,88500,,
278,0 N MAIN ST,,"$107,241","$107,241",88600,88600,88600,88600,88600,88600,,
279,0 N MAIN ST,,"$2,736,494","$2,478,870",2268300,2054180,2268300,2054180,2268300,2054180,,
280,343 MOUNT SUPPORT RD,COMMERCIAL,"$43,585,909","$43,585,910",33837100,33837100,3359700,3359700,3365000,3365000,,
281,401 MOUNT SUPPORT,COMMERCIAL,"$64,751,500","$64,649,250",54874400,54789750,54874400,54789750,43319600,43235140,,
282,0 MOUNT SUPPORT RD,,"$2,011,700","$10,380",1663100,10380,1663100,10380,1663100,10380,,
283,0 MOUNT SUPPORT RD,,"$133,300","$1,710",110400,1710,110400,1710,110400,1710,,
284,420 MOUNT SUPPORT RD,COMMERCIAL,"$215,578","$215,578",198422,198422,198422,198422,217101,217101,,
285,0 MOUNT SUPPORT RD,,"$182,400","$2,030",151300,2030,151300,2030,151300,2030,,
286,260 NH ROUTE 120,,"$156,800","$156,800",264000,264000,264000,264000,264000,264000,,
287,42 WOLF RD,COMMERCIAL,"$21,117,800","$21,117,800",17413200,17413200,17413200,17413200,17413200,17413200,,
288,0 WOLF RD,,"$48,500","$48,500",48500,48500,48500,48500,48500,48500,,
289,67 ETNA RD,COMMERCIAL,"$10,179,300","$10,083,025",9499600,9419825,9499600,9419825,9507600,9427495,,
290,109 ETNA RD,INDUSTRIAL,"$2,814,006","$2,814,006",2365600,2365600,2365600,2365600,2365600,2365600,,
291,115 ETNA RD,COMMERCIAL,"$2,958,138","$2,958,140",2716200,2716200,2716200,2716200,2716200,2716200,,
292,0 ETNA RD,,"$330,291","$330,291",273700,273700,273700,273700,273700,273700,,
293,125 ETNA RD,INDUSTRIAL,"$4,937,548","$4,937,548",5276800,5276800,5276800,5276800,5276800,5276800,,
294,145 ETNA RD,RESIDENTIAL,"$265,600","$265,600",180600,180600,151200,151200,151200,151200,,
295,138 ETNA RD,COMMERCIAL,"$1,025,930","$1,025,930",858500,858500,858500,858500,858500,858500,,
296,112 ETNA RD,COMMERCIAL,"$2,756,700","$2,756,700",2806700,2806700,2806700,2806700,2806700,2806700,,
297,104 ETNA RD,INDUSTRIAL,"$804,066","$804,066",678700,678700,678700,678700,678700,678700,,
298,100 ETNA RD,INDUSTRIAL,"$2,264,553","$2,264,553",2053800,2053800,2053800,2053800,2053000,2053000,,
299,92 ETNA RD,INDUSTRIAL,"$2,092,777","$2,092,777",1654600,1654600,1654600,1654600,1654600,1654600,,
300,90 ETNA RD,COMMERCIAL,"$2,013,613","$2,013,615",1739400,1739400,1739400,1739400,1739400,1739400,,
301,88 ETNA RD,INDUSTRIAL,"$1,694,393","$1,694,393",1423000,1423000,1423000,1423000,1423000,1423000,,
302,82 ETNA RD,COMMERCIAL,"$888,525","$888,525",762100,762100,762100,762100,762100,762100,,
303,161 ALDEN RD,RESIDENTIAL,"$529,215","$529,215",365100,365100,365100,365100,365100,365100,,
304,0 STEVENS RD,,"$1,738,640","$1,738,640",1440700,1440700,1440700,1440700,1438800,1438800,,
305,127 STEVENS RD,RESIDENTIAL,"$397,656","$397,656",289400,289400,289400,289400,289400,289400,,
306,143 STEVENS RD,RESIDENTIAL,"$602,913","$564,788",441500,409890,441500,409890,441500,409750,,
307,169 STEVENS RD,RESIDENTIAL,"$380,175","$380,175",292800,292800,292800,292800,292800,292800,,
308,0 STEVENS RD,,"$168,212",$490,139200,490,139200,490,139200,490,,
309,166 STEVENS RD,RESIDENTIAL,"$762,148","$762,148",608200,608200,608200,608200,608200,608200,,
310,80 STEVENS RD,,"$656,671","$1,314",543100,1315,543100,1315,543100,1315,,
311,158 STEVENS RD,RESIDENTIAL,"$772,913","$726,511",560300,522320,557800,519820,557800,519820,,
312,150 STEVENS RD,RESIDENTIAL,"$579,199","$579,199",416800,416800,413600,413600,413600,413600,,
313,142 STEVENS RD,RESIDENTIAL,"$1,122,262","$1,110,262",879100,869260,879200,869360,878600,869190,,
315,0 STEVENS RD,,"$182,025","$1,518",150700,1520,150700,1520,125400,1325,,
316,154 ALDEN RD,RESIDENTIAL,"$908,792","$878,193",715200,690160,713700,688660,710900,688660,,
317,31 EAGLE RIDGE DR,RESIDENTIAL,"$1,414,211","$1,414,211",969100,969100,969100,969100,969100,969100,,
318,35 EAGLE RIDGE DR,RESIDENTIAL,"$1,097,300","$1,097,300",847800,847800,844000,844000,652600,652600,,
319,39 EAGLE RIDGE DR,RESIDENTIAL,"$1,377,502","$1,167,303",889300,717650,889300,717650,889300,717650,,
320,43 EAGLE RIDGE DR,RESIDENTIAL,"$1,441,446","$1,441,446",1129200,1129200,1129200,1129200,1169600,1169600,,
321,47 EAGLE RIDGE DR,RESIDENTIAL,"$1,057,500","$1,057,500",838700,838700,838600,838600,838600,838600,,
322,49 EAGLE RIDGE DR,RESIDENTIAL,"$959,184","$959,184",761400,761400,761400,761400,781200,781200,,
323,53 EAGLE RIDGE DR,RESIDENTIAL,"$1,189,679","$1,150,371",750100,717910,750100,717910,752700,720510,,
324,0 EAGLE RIDGE DR,,"$14,500","$14,500",11700,11700,11700,11700,11700,11700,,
325,218 HARDY HILL RD,RESIDENTIAL,"$521,200","$521,200",377500,377500,377500,377500,374600,374600,,
326,43 BLUEBERRY HILL DR,RESIDENTIAL,"$382,615","$382,615",316100,316100,316100,316100,316100,316100,,
327,60 WESTVIEW LN,RESIDENTIAL,"$813,300","$813,300",594300,594300,586600,586600,561200,561200,,
328,40 WESTVIEW LN,RESIDENTIAL,"$789,582","$789,582",638500,638500,641500,641500,641500,641500,,
329,10 WESTVIEW LN,RESIDENTIAL,"$737,300","$737,300",514100,514100,514400,514400,517300,517300,,
330,2 WESTVIEW LN,RESIDENTIAL,"$903,000","$903,000",642900,642900,643200,643200,643200,643200,,
331,7 WESTVIEW LN,RESIDENTIAL,"$478,100","$478,100",338300,338300,338500,338500,338500,338500,,
332,15 WESTVIEW LN,RESIDENTIAL,"$440,900","$440,900",361100,361100,361100,361100,370800,370800,,
333,47 WESTVIEW LN,RESIDENTIAL,"$718,700","$718,700",499600,499600,497200,497200,521100,521100,,
334,55 WESTVIEW LN,RESIDENTIAL,"$650,300","$650,300",516600,516600,495500,495500,495500,495500,,
335,20 BLUEBERRY MDW,RESIDENTIAL,"$770,988","$770,988",599200,599200,599200,599200,618700,618700,,
336,8 BLUEBERRY MDW,RESIDENTIAL,"$829,740","$829,740",570600,570600,549000,549000,549000,549000,,
337,85 ETNA RD,INDUSTRIAL,"$3,729,986","$3,729,986",3091000,3091000,3091000,3091000,3091000,3091000,,
338,93 ETNA RD,INDUSTRIAL,"$1,825,290","$1,825,290",1599100,1599100,1599100,1599100,1599100,1599100,,
339,101 ETNA RD,INDUSTRIAL,"$6,507,353","$6,507,353",5464100,5464100,5464100,5464100,5247100,5247100,,
340,0 CRAFTS AVE,,"$2,900","$2,900",2400,2400,2400,2400,2400,2400,,
341,0 CRAFTS AVE,,"$5,200","$5,200",4300,4300,4300,4300,4300,4300,,
342,0 RIVER PARK DR,,"$223,800","$223,800",193200,193200,193200,193200,0,0,,
343,185 N MAIN ST,COMMERCIAL,"$893,500","$893,500",777400,777400,777400,777400,777400,777400,,
344,187 N MAIN ST,RESIDENTIAL,"$393,900","$393,900",282000,282000,281900,281900,281900,281900,,
345,193 N MAIN ST,,"$154,200","$154,200",125200,125200,125200,125200,144200,144200,,
346,197 N MAIN ST,,"$132,720","$132,720",101800,101800,101800,101800,101800,101800,,
347,0 N MAIN ST,,"$6,800","$6,800",5600,5600,5600,5600,5600,5600,,
348,203 N MAIN ST,,"$111,800","$111,800",92600,92600,92600,92600,114400,114400,,
349,209 N MAIN ST,RESIDENTIAL,"$262,000","$262,000",202900,202900,202800,202800,202800,202800,,
350,211 N MAIN ST,RESIDENTIAL,"$354,400","$354,400",270400,270400,270300,270300,270300,270300,,
351,208 N MAIN ST,RESIDENTIAL,"$393,600","$393,600",272600,272600,272600,272600,272600,272600,,
352,0 N MAIN ST,,"$134,079","$134,079",111000,111000,111000,111000,111000,111000,,
353,198 N MAIN ST,RESIDENTIAL,"$765,594","$765,594",608700,608700,608700,608700,608700,608700,,
354,0 N MAIN ST,,"$5,800","$5,800",4800,4800,4800,4800,4800,4800,,
355,194 N MAIN ST,RESIDENTIAL,"$359,600","$359,600",272300,272300,272300,272300,272300,272300,,
356,192 N MAIN ST,RESIDENTIAL,"$339,400","$339,400",255400,255400,255400,255400,255400,255400,,
357,190 N MAIN ST,RESIDENTIAL,"$303,900","$303,900",222800,222800,222800,222800,222800,222800,,
358,0 N MAIN ST,,"$1,599,500","$21,190",1332000,21190,1332000,21190,1332000,21190,,
359,40 CRAFTS HILL RD,RESIDENTIAL,"$1,204,178","$1,152,311",967500,925205,954700,912405,954700,912405,,
360,5 CRAFTS HILL RD,RESIDENTIAL,"$666,436","$666,436",526300,526300,526300,526300,525900,525900,,
361,81-83 CRAFTS HILL RD,COMMERCIAL,"$3,436,325","$3,436,325",3383500,3383500,3383500,3383500,3383500,3383500,,
362,79 CRAFTS HILL RD,COMMERCIAL,"$478,400","$478,400",436600,436600,436600,436600,436600,436600,,
363,0 HANOVER ST EXT,,"$354,600","$354,600",294800,294800,294800,294800,294800,294800,,
364,0 HANOVER ST EXT,,"$188,050","$188,050",155900,155900,155900,155900,155900,155900,,
365,166 HANOVER ST EXT,COMMERCIAL,"$2,015,200","$2,015,200",1846800,1846800,1843800,1843800,1500300,1500300,,
366,174 HANOVER ST EXT,INDUSTRIAL,"$1,026,954","$1,026,954",862600,862600,862600,862600,862600,862600,,
367,190 HANOVER ST EXT,COMMERCIAL,"$872,800","$872,800",844800,844800,844800,844800,844800,844800,,
368,194 HANOVER ST EXT,RESIDENTIAL,"$575,400","$575,400",397100,397100,397100,397100,397100,397100,,
369,200 HANOVER ST EXT,RESIDENTIAL,"$493,400","$493,400",348000,348000,369000,369000,369000,369000,,
370,325 MOUNT SUPPORT RD,COMMERCIAL,"$1,433,818","$1,433,820",1292000,1292000,1292000,1292000,1292000,1292000,,
371,0 MOUNT SUPPORT RD,,"$15,000",$800,12500,12500,12500,12500,48300,48300,,
372,0 DARTMOUTH AVE,COMMERCIAL,"$202,280","$202,280",172400,172400,172400,172400,172400,172400,,
373,33 DARTMOUTH AVE,RESIDENTIAL,"$524,300","$524,300",374600,374600,374600,374600,374600,374600,,
375,1 MEMORIAL DR,RESIDENTIAL,"$386,900","$386,900",272000,272000,272100,272100,272100,272100,,
376,17 BASSY ST,RESIDENTIAL,"$431,000","$431,000",293100,293100,293200,293200,293200,293200,,
377,35 WOLF RD,RESIDENTIAL,"$430,700","$430,700",308800,308800,308700,308700,313200,313200,,
379,20 WOLF RD #D65,,"$128,000","$128,000",105100,105100,105100,105100,105100,105100,,
380,31 OLD ETNA RD #N-1,COMMERCIAL,"$158,000","$158,000",142900,142900,142900,142900,142900,142900,,
381,31 OLD ETNA RD N-2,COMMERCIAL,"$155,000","$155,000",139900,139900,139900,139900,139900,139900,,
382,31 OLD ETNA RD #N-3,COMMERCIAL,"$158,900","$158,900",152100,152100,152100,152100,152100,152100,,
383,31 OLD ETNA RD N-4,COMMERCIAL,"$150,400","$150,400",144200,144200,144200,144200,144200,144200,,
384,31 OLD ETNA RD N-5,COMMERCIAL,"$176,500","$176,500",159300,159300,159300,159300,159300,159300,,
385,31 OLD ETNA RD #N-6,COMMERCIAL,"$176,500","$176,500",159300,159300,159300,159300,159300,159300,,
386,31 OLD ETNA RD #N-7,COMMERCIAL,"$176,500","$176,500",159300,159300,159300,159300,159300,159300,,
387,31 OLD ETNA RD S-1,COMMERCIAL,"$150,600","$150,600",141300,141300,141300,141300,141300,141300,,
388,31 OLD ETNA RD S-2,COMMERCIAL,"$162,100","$162,100",152100,152100,152100,152100,152100,152100,,
389,31 OLD ETNA RD S-3,COMMERCIAL,"$149,100","$149,100",139900,139900,139900,139900,139900,139900,,
390,31 OLD ETNA RD S-4,COMMERCIAL,"$150,600","$150,600",141300,141300,141300,141300,141300,141300,,
391,31 OLD ETNA RD #S-5,COMMERCIAL,"$192,400","$192,400",180600,180600,180600,180600,180600,180600,,
392,31 OLD ETNA RD #S-6,COMMERCIAL,"$224,700","$224,700",210900,210900,210900,210900,210900,210900,,
393,31 OLD ETNA RD S-7,COMMERCIAL,"$173,000","$173,000",162400,162400,162400,162400,162400,162400,,
394,35 OLD ETNA RD,COMMERCIAL,"$2,048,600","$2,048,600",1813500,1813500,1813500,1813500,1813500,1813500,,
395,0 OLD ETNA RD,,"$485,975","$485,975",402800,402800,402700,402700,402700,402700,,
396,55 ETNA RD,INDUSTRIAL,"$2,924,200","$2,924,200",2483100,2483100,2483100,2483100,2483100,2483100,,
397,76 ETNA RD,INDUSTRIAL,"$3,024,710","$3,024,710",2613500,2613500,2606500,2606500,2606500,2606500,,
398,68 ETNA RD,INDUSTRIAL,"$5,858,590","$5,858,590",5271300,5271300,5271300,5271300,5271300,5271300,,
399,54 + 56 ETNA RD,INDUSTRIAL,"$7,490,178","$2,263,721",2118248,2118200,3888569,3888600,3770168,3770199,,
400,0 NH ROUTE 120,,"$245,310","$245,310",204200,204200,204200,204200,204200,204200,,
401,145 NH ROUTE 120,INDUSTRIAL,"$6,255,700","$6,255,700",5546000,5546000,5546000,5546000,5546000,5546000,,
402,0 OLD ETNA RD,,"$269,959","$269,959",223700,223700,223700,223700,223700,223700,,
403,24 OLD ETNA RD,COMMERCIAL,"$8,076,500","$8,076,500",6539000,6539000,7615900,7615900,7615900,7615900,,
404,11 WOLF RD,RESIDENTIAL,"$405,300","$405,300",328900,328900,328900,328900,328900,328900,,
405,15 WOLF RD,RESIDENTIAL,"$398,500","$398,500",284400,284400,284400,284400,284400,284400,,
406,21 WOLF RD,RESIDENTIAL,"$470,300","$470,300",330200,330200,330300,330300,330300,330300,,
407,25 WOLF RD,COMMERCIAL,"$617,300","$617,300",515000,515000,515200,515200,515200,515200,,
408,33 WOLF RD,RESIDENTIAL,"$437,100","$437,100",309900,309900,309900,309900,309900,309900,,
409,41 LABOMBARD RD,INDUSTRIAL,"$2,621,200","$2,621,200",2229900,2229900,2229900,2229900,2229900,2229900,,
410,52 N LABOMBARD RD,INDUSTRIAL,"$3,762,422","$3,762,422",3328000,3328000,3365800,3365800,3365800,3365800,,
411,50 N LABOMBARD RD,INDUSTRIAL,"$2,082,000","$2,082,000",1803200,1803200,1803200,1803200,1803200,1803200,,
412,40 N LABOMBARD RD,INDUSTRIAL,"$1,244,697","$1,244,697",1061400,1061400,1061400,1061400,1061400,1061400,,
413,32 LABOMBARD RD,RESIDENTIAL,"$629,700","$629,700",456200,456200,456200,456200,456200,456200,,
414,24 LABOMBARD RD,RESIDENTIAL,"$592,280","$497,705",442300,359125,445900,362725,445900,363885,,
415,150 HEATER RD,COMMERCIAL,"$2,003,785","$1,510,930",1716700,1223810,1716700,1223810,1643800,1223810,,
416,40 STEVENS RD,RESIDENTIAL,"$631,374","$631,374",482700,482700,491600,491600,491600,491600,,
417,10 BROOK RD,INDUSTRIAL,"$134,440","$134,440",117700,117700,117700,117700,117700,117700,,
418,16 JENKINS RD,RESIDENTIAL,"$447,900","$447,900",332000,332000,332000,332000,332000,332000,,
419,46 WESTVIEW LN,,"$530,290","$491,580",523800,482680,523800,482680,526000,484880,,
420,529 DARTMOUTH COLLEGE HWY,RESIDENTIAL,"$268,600","$268,600",202300,202300,202300,202300,202400,202400,,
421,531 DARTMOUTH COLLEGE HWY,RESIDENTIAL,"$728,100","$728,100",516200,516200,516400,516400,505500,505500,,
422,541 DARTMOUTH COLLEGE HWY,RESIDENTIAL,"$398,914","$378,352",292500,274450,288800,274450,288800,274450,,
423,571 DARTMOUTH COLLEGE HWY,RESIDENTIAL,"$685,372","$685,193",470500,470325,470500,470325,470400,470325,,
424,589 DARTMOUTH COLLEGE HWY,RESIDENTIAL,"$447,650","$447,650",295300,295300,295300,295300,295300,295300,,
426,19 RUDSBORO RD,RESIDENTIAL,"$342,734","$342,734",262700,262700,262700,262700,262700,262700,,
427,25 RUDSBORO RD,RESIDENTIAL,"$645,816","$627,056",478200,461655,477400,460855,477400,460855,,
428,23 RUDSBORO RD,RESIDENTIAL,"$537,219","$537,219",373100,373100,373100,373100,375500,375500,,
429,35 RUDSBORO RD,RESIDENTIAL,"$437,350","$437,350",307300,307300,307300,307300,307300,307300,,
430,0 RUDSBORO RD,,"$103,495","$103,495",90700,90700,90700,90700,90700,90700,,
431,0 RUDSBORO RD,,"$10,100",$130,8900,130,8900,130,8900,130,,
432,0 RUDSBORO RD,,"$128,008",$486,112200,485,112200,485,112200,485,,
433,0 RUDSBORO RD,,"$102,245","$5,013",90200,5015,90200,5015,90200,5015,,
434,46 RUDSBORO RD,RESIDENTIAL,"$405,674","$405,674",302300,302300,302300,302300,302300,302300,,
435,22 RUDSBORO RD,,"$1,349,700","$1,349,700",1297800,1297800,1297800,1297800,1297800,1297800,,
436,22 RUDSBORO RD 1,,"$104,900","$104,900",53700,53700,53700,53700,53700,53700,,
437,22 RUDSBORO RD 2,,"$101,900","$101,900",51600,51600,51600,51600,51600,51600,,
438,22 RUDSBORO RD 3,,"$76,300","$76,300",39200,39200,38800,38800,40300,40300,,
439,22 RUDSBORO RD 4,,"$84,100","$84,100",40000,40000,40000,40000,40000,40000,,
440,22 RUDSBORO RD 5,,"$118,300","$118,300",60200,60200,60200,60200,60200,60200,,
441,22 RUDSBORO RD 6,,"$86,900","$86,900",43400,43400,43100,43100,43100,43100,,
442,22 RUDSBORO RD 7,,"$119,700","$119,700",59600,59600,59600,59600,59600,59600,,
443,22 RUDSBORO RD 8,,"$116,500","$116,500",58700,58700,58700,58700,58700,58700,,
444,22 RUDSBORO RD #9,,"$97,900","$97,900",48000,48000,48000,48000,48000,48000,,
445,22 RUDSBORO RD #10,,"$80,300","$80,300",29200,29200,29200,29200,29200,29200,,
446,22 RUDSBORO RD #11,,"$59,000","$59,000",28800,28800,28800,28800,28800,28800,,
447,22 RUDSBORO RD 12,,"$88,800","$88,800",46400,46400,46400,46400,46400,46400,,
448,22 RUDSBORO RD #13,,$0,$0,0,0,0,0,18200,18200,,
449,22 RUDSBORO RD 14,,"$61,600","$61,600",30800,30800,30800,30800,30800,30800,,
450,22 RUDSBORO RD #15,,"$100,400","$100,400",50200,50200,50200,50200,50200,50200,,
451,22 RUDSBORO RD 16,,"$57,100","$57,100",28200,28200,28100,28100,28100,28100,,
452,22 RUDSBORO RD 17,,"$88,800","$88,800",44300,44300,44300,44300,44300,44300,,
453,22 RUDSBORO RD #18,,"$60,700","$60,700",30200,30200,30200,30200,30200,30200,,
454,22 RUDSBORO RD 19,,"$77,200","$77,200",39800,39800,39800,39800,39800,39800,,
455,22 RUDSBORO RD 20,,"$129,500","$129,500",67100,67100,67100,67100,67100,67100,,
456,22 RUDSBORO RD #21,,"$123,100","$123,100",62100,62100,59100,59100,59100,59100,,
457,22 RUDSBORO RD 22,,"$102,100","$102,100",53700,53700,53700,53700,53700,53700,,
458,22 RUDSBORO RD 23,,"$63,800","$63,800",31400,31400,31400,31400,31400,31400,,
459,22 RUDSBORO RD 24,,"$124,600","$124,600",63000,63000,63000,63000,63000,63000,,
460,22 RUDSBORO RD 25,,"$124,200","$124,200",64200,64200,64200,64200,64200,64200,,
461,22 RUDSBORO RD 26,,"$55,300","$55,300",26700,26700,26700,26700,26700,26700,,
462,22 RUDSBORO RD 27,,"$79,800","$79,800",41800,41800,41800,41800,41800,41800,,
463,22 RUDSBORO RD 28,,"$64,100","$64,100",31900,31900,31900,31900,31900,31900,,
464,22 RUDSBORO RD 29,,"$75,300","$75,300",38800,38800,38800,38800,38800,38800,,
465,22 RUDSBORO RD #30,,"$135,300","$135,300",69100,69100,69100,69100,69100,69100,,
466,22 RUDSBORO RD #31,,"$94,600","$94,600",47100,47100,47100,47100,47100,47100,,
467,22 RUDSBORO RD 32,,"$70,500","$70,500",35000,35000,35300,35300,35300,35300,,
468,22 RUDSBORO RD 33,,"$65,800","$65,800",33100,33100,36400,36400,36400,36400,,
469,22 RUDSBORO RD 34,,"$104,200","$104,200",52800,52800,52800,52800,52800,52800,,
470,22 RUDSBORO RD 35,,"$105,400","$105,400",53700,53700,53700,53700,53700,53700,,
471,22 RUDSBORO RD 36,,"$79,200","$79,200",39300,39300,38800,38800,38800,38800,,
472,22 RUDSBORO RD #37,,"$127,400","$127,400",65300,65300,65300,65300,65300,65300,,
473,22 RUDSBORO RD #38,,"$83,800","$83,800",43700,43700,43700,43700,43700,43700,,
474,22 RUDSBORO RD 39,,"$100,800","$100,800",50900,50900,49800,49800,44800,44800,,
475,22 RUDSBORO RD 40,,"$94,500","$94,500",46700,46700,46700,46700,46700,46700,,
476,22 RUDSBORO RD 41,,"$138,300","$138,300",72000,72000,72000,72000,72000,72000,,
477,22 RUDSBORO RD #42,,"$93,400","$93,400",48600,48600,48600,48600,48600,48600,,
478,22 RUDSBORO RD 43,,"$52,500","$52,500",26000,26000,26000,26000,26000,26000,,
479,22 RUDSBORO RD 44,,"$123,100","$123,100",63600,63600,63600,63600,63600,63600,,
480,22 RUDSBORO RD 45,,"$99,200","$99,200",50100,50100,50100,50100,52800,52800,,
481,22 RUDSBORO RD #46,,"$92,500","$92,500",45900,45900,45900,45900,45900,45900,,
482,22 RUDSBORO RD 47,,"$66,800","$66,800",33200,33200,33200,33200,33200,33200,,
483,22 RUDSBORO RD 48,,"$112,300","$112,300",56700,56700,56100,56100,56100,56100,,
484,22 RUDSBORO RD #49,,"$108,600","$108,600",55800,55800,55800,55800,55800,55800,,
485,22 RUDSBORO RD #50,,"$95,800","$95,800",47300,47300,45600,45600,45600,45600,,
486,22 BRIDGE ST,COMMERCIAL,"$850,859","$850,860",730300,730300,730300,730300,730300,730300,,
487,18 BRIDGE ST,COMMERCIAL,"$828,425","$828,425",695400,695400,695400,695400,695400,695400,,
488,0 CRAFTS AVE,,"$12,400","$12,400",10000,10000,10000,10000,10000,10000,,
489,3 CRAFTS AVE,RESIDENTIAL,"$462,700","$462,700",350600,350600,350600,350600,350600,350600,,
490,15 CRAFTS AVE,RESIDENTIAL,"$385,200","$385,200",277400,277400,277400,277400,277400,277400,,
491,17 CRAFTS AVE,RESIDENTIAL,"$472,000","$472,000",361300,361300,361300,361300,361300,361300,,
492,21 CRAFTS AVE,RESIDENTIAL,"$429,900","$429,900",314200,314200,314200,314200,296000,296000,,
493,23 CRAFTS AVE,RESIDENTIAL,"$616,000","$616,000",451000,451000,451000,451000,451000,451000,,
494,27 CRAFTS AVE,RESIDENTIAL,"$473,100","$473,100",344100,344100,344100,344100,344100,344100,,
495,29 CRAFTS AVE,RESIDENTIAL,"$514,100","$514,100",369700,369700,369700,369700,367000,367000,,
496,31 CRAFTS AVE,RESIDENTIAL,"$474,700","$474,700",364600,364600,383100,383100,383100,383100,,
497,0 CRAFTS AVE,,"$35,226","$35,226",28600,28600,28600,28600,28600,28600,,
498,35 CRAFTS AVE,RESIDENTIAL,"$438,600","$438,600",321400,321400,321400,321400,321400,321400,,
499,37 CRAFTS AVE,RESIDENTIAL,"$427,200","$427,200",325700,325700,332300,332300,332300,332300,,
500,41 CRAFTS AVE,RESIDENTIAL,"$391,600","$391,600",290000,290000,290000,290000,290000,290000,,
501,43 CRAFTS AVE,RESIDENTIAL,"$530,100","$530,100",382800,382800,382800,382800,382800,382800,,
502,45 CRAFTS AVE,RESIDENTIAL,"$516,300","$516,300",372000,372000,372000,372000,372000,372000,,
503,0 BEYERLE ST,,"$64,200","$64,200",52300,52300,52300,52300,65900,65900,,
504,51 CRAFTS AVE,RESIDENTIAL,"$194,200","$194,200",185700,185700,266400,266400,266400,266400,,
505,55 CRAFTS AVE,RESIDENTIAL,"$588,300","$588,300",417000,417000,416900,416900,458300,458300,,
506,57 CRAFTS AVE,RESIDENTIAL,"$508,000","$508,000",351900,351900,351900,351900,351900,351900,,
507,1 CHANDLER ST,RESIDENTIAL,"$386,400","$386,400",265000,265000,264900,264900,264900,264900,,
508,3 CHANDLER ST,RESIDENTIAL,"$494,000","$494,000",358600,358600,358500,358500,358500,358500,,
509,5 CHANDLER ST,RESIDENTIAL,"$425,400","$425,400",323400,323400,306600,306600,306600,306600,,
510,161 N MAIN ST,RESIDENTIAL,"$339,200","$339,200",245400,245400,245400,245400,245400,245400,,
511,165 N MAIN ST,RESIDENTIAL,"$417,200","$417,200",286700,286700,286700,286700,286700,286700,,
512,167 N MAIN ST,RESIDENTIAL,"$186,900","$186,900",140900,140900,140900,140900,140900,140900,,
513,158 N MAIN ST,RESIDENTIAL,"$441,100","$441,100",309100,309100,309000,309000,205500,205500,,
514,154 N MAIN ST,RESIDENTIAL,"$424,800","$424,800",300600,300600,300500,300500,300500,300500,,
515,150 N MAIN ST,RESIDENTIAL,"$350,100","$350,100",242000,242000,241900,241900,241900,241900,,
516,0 N MAIN ST,,"$17,700","$17,700",14400,14400,14400,14400,14400,14400,,
517,148 N MAIN ST,RESIDENTIAL,"$370,800","$370,800",271600,271600,278300,278300,278300,278300,,
518,146 N MAIN ST,RESIDENTIAL,"$374,400","$374,400",273000,273000,272900,272900,272900,272900,,
519,144 N MAIN ST,RESIDENTIAL,"$250,300","$250,300",196000,196000,196000,196000,196000,196000,,
520,3 ESTABROOK CIR,RESIDENTIAL,"$401,400","$401,400",283600,283600,283600,283600,283600,283600,,
521,7 ESTABROOK CIR,RESIDENTIAL,"$314,600","$314,600",223500,223500,223500,223500,223500,223500,,
522,9 ESTABROOK CIR,RESIDENTIAL,"$440,700","$440,700",151100,151100,151100,151100,151100,151100,,
523,11 ESTABROOK CIR,RESIDENTIAL,"$318,900","$318,900",232700,232700,232700,232700,232700,232700,,
524,13 ESTABROOK CIR,RESIDENTIAL,"$311,200","$311,200",232700,232700,232700,232700,233800,233800,,
525,15 ESTABROOK CIR,RESIDENTIAL,"$362,500","$362,500",261700,261700,261600,261600,261600,261600,,
526,12 ESTABROOK CIR,RESIDENTIAL,"$427,800","$427,800",306100,306100,306100,306100,306100,306100,,
527,10 ESTABROOK CIR,RESIDENTIAL,"$421,400","$421,400",301200,301200,301200,301200,301200,301200,,
528,8 ESTABROOK CIR,RESIDENTIAL,"$350,400","$350,400",258800,258800,258800,258800,259500,259500,,
529,6 ESTABROOK CIR,RESIDENTIAL,"$283,800","$283,800",210900,210900,210800,210800,210800,210800,,
530,4 ESTABROOK CIR,RESIDENTIAL,"$316,100","$316,100",234000,234000,233900,233900,233900,233900,,
531,2 ESTABROOK CIR,RESIDENTIAL,"$293,900","$293,900",218800,218800,218800,218800,218800,218800,,
532,138 N MAIN ST,RESIDENTIAL,"$669,200","$669,200",448900,448900,448900,448900,454200,454200,,
533,132 N MAIN ST,RESIDENTIAL,"$550,100","$550,100",377000,377000,376900,376900,376900,376900,,
534,128 N MAIN ST,RESIDENTIAL,"$459,900","$459,900",349600,349600,349700,349700,349700,349700,,
535,126 N MAIN ST,RESIDENTIAL,"$415,000","$415,000",299100,299100,298200,298200,331600,331600,,
536,9 HIGHLAND AVE,RESIDENTIAL,"$406,193","$406,193",303200,303200,355300,355300,355300,355300,,
537,3 PEARL ST,RESIDENTIAL,"$383,502","$383,502",270800,270800,334300,334300,334300,334300,,
538,5 PEARL ST,RESIDENTIAL,"$439,329","$439,329",338500,338500,462300,462300,462300,462300,,
539,7 PEARL ST,RESIDENTIAL,"$346,834","$346,834",230000,230000,292000,292000,292000,292000,,
540,9 PEARL ST,RESIDENTIAL,"$515,800","$515,800",382300,382300,382200,382200,382200,382200,,
541,11 PEARL ST,RESIDENTIAL,"$461,100","$461,100",316500,316500,316600,316600,316600,316600,,
542,11 PROSPECT STWEST,RESIDENTIAL,"$503,200","$503,200",368600,368600,368600,368600,368600,368600,,
543,8 HIGHLAND AVE,RESIDENTIAL,"$357,700","$357,700",262100,262100,317300,317300,317300,317300,,
544,118 N MAIN ST,COMMERCIAL,"$870,829","$870,829",560000,560000,560000,560000,560000,560000,,
545,111 N MAIN ST,COMMERCIAL,"$751,100","$751,100",524200,524200,516200,516200,516200,516200,,
546,115 N MAIN ST,RESIDENTIAL,"$501,200","$501,200",385100,385100,385100,385100,385100,385100,,
547,131 N MAIN ST,RESIDENTIAL,"$402,600","$402,600",287800,287800,287700,287700,287700,287700,,
548,133 N MAIN ST,RESIDENTIAL,"$353,700","$353,700",246400,246400,246300,246300,246300,246300,,
549,137 N MAIN ST,RESIDENTIAL,"$786,500","$786,500",505400,505400,505400,505400,505400,505400,,
550,143 N MAIN ST,RESIDENTIAL,"$439,300","$439,300",307400,307400,307300,307300,307300,307300,,
551,145 N MAIN ST,RESIDENTIAL,"$479,600","$479,600",320100,320100,320100,320100,320100,320100,,
552,153 N MAIN ST,RESIDENTIAL,"$550,800","$550,800",367300,367300,367300,367300,367300,367300,,
553,6 BEYERLE ST,RESIDENTIAL,"$445,400","$445,400",314200,314200,314200,314200,302000,302000,,
554,157 N MAIN ST,RESIDENTIAL,"$451,700","$451,700",318100,318100,318100,318100,318100,318100,,
555,159 N MAIN ST,RESIDENTIAL,"$443,800","$443,800",299200,299200,299300,299300,299300,299300,,
556,2 CHANDLER ST,RESIDENTIAL,"$386,100","$386,100",280300,280300,280200,280200,280200,280200,,
557,44 CRAFTS AVE,RESIDENTIAL,"$431,900","$431,900",309800,309800,309700,309700,310900,310900,,
558,10 BEYERLE ST,RESIDENTIAL,"$412,500","$412,500",292700,292700,292700,292700,292700,292700,,
559,40 CRAFTS AVE,RESIDENTIAL,"$399,500","$399,500",271800,271800,271900,271900,271900,271900,,
560,38 CRAFTS AVE,RESIDENTIAL,"$373,200","$373,200",257700,257700,257800,257800,257800,257800,,
561,36 CRAFTS AVE,RESIDENTIAL,"$371,700","$371,700",257700,257700,257800,257800,257800,257800,,
562,32 CRAFTS AVE,RESIDENTIAL,"$407,500","$407,500",315100,315100,314100,314100,314100,314100,,
563,30 CRAFTS AVE,RESIDENTIAL,"$440,900","$440,900",330100,330100,330100,330100,330100,330100,,
564,26 CRAFTS AVE,RESIDENTIAL,"$594,800","$594,800",452700,452700,452700,452700,452700,452700,,
565,22 CRAFTS AVE,RESIDENTIAL,"$302,700","$302,700",227500,227500,227600,227600,227600,227600,,
566,20 CRAFTS AVE,RESIDENTIAL,"$578,900","$578,900",392900,392900,392900,392900,392900,392900,,
567,18 CRAFTS AVE,RESIDENTIAL,"$414,500","$414,500",309300,309300,309300,309300,299100,299100,,
568,16 CRAFTS AVE,RESIDENTIAL,"$399,400","$399,400",299700,299700,299600,299600,299600,299600,,
569,0 CRAFTS AVE,,"$14,700","$14,700",11900,11900,11900,11900,11900,11900,,
570,6 CRAFTS AVE,RESIDENTIAL,"$618,900","$618,900",490700,490700,490900,490900,490900,490900,,
571,71 MAPLE ST,RESIDENTIAL,"$538,000","$538,000",402100,402100,374000,374000,363500,363500,,
572,16 HIGHLAND AVE,RESIDENTIAL,"$421,000","$421,000",303800,303800,303800,303800,303800,303800,,
573,14 PROSPECT STWEST,RESIDENTIAL,"$495,800","$495,800",376900,376900,376900,376900,376900,376900,,
574,14 PEARL ST,RESIDENTIAL,"$551,600","$551,600",405100,405100,405100,405100,405100,405100,,
575,12 PEARL ST,RESIDENTIAL,"$442,400","$442,400",297800,297800,297800,297800,297800,297800,,
576,10 PEARL ST,RESIDENTIAL,"$427,800","$427,800",291400,291400,291400,291400,291400,291400,,
577,8 PEARL ST,RESIDENTIAL,"$514,800","$514,800",379900,379900,356000,356000,356000,356000,,
578,6 PEARL ST,RESIDENTIAL,"$499,400","$499,400",339800,339800,339900,339900,339900,339900,,
579,13 HIGHLAND AVE,RESIDENTIAL,"$512,000","$512,000",380800,380800,380900,380900,380900,380900,,
580,75 MAPLE ST,RESIDENTIAL,"$758,600","$758,600",552500,552500,552600,552600,552600,552600,,
581,79 MAPLE ST,RESIDENTIAL,"$668,100","$668,100",479300,479300,479200,479200,479200,479200,,
582,85 MAPLE ST,RESIDENTIAL,"$493,100","$493,100",342400,342400,342500,342500,342500,342500,,
583,91 MAPLE ST,RESIDENTIAL,"$488,500","$488,500",402100,402100,401400,401400,401400,401400,,
584,99 MAPLE ST,COMMERCIAL,"$713,200","$713,200",570100,570100,570000,570000,570000,570000,,
585,18 ESTABROOK CIR,RESIDENTIAL,"$367,600","$367,600",268600,268600,266800,266800,266800,266800,,
586,16 ESTABROOK CIR,RESIDENTIAL,"$382,200","$382,200",277400,277400,277400,277400,280800,280800,,
587,14 ESTABROOK CIR,RESIDENTIAL,"$356,100","$356,100",257600,257600,259900,259900,259900,259900,,
588,162 N MAIN ST,COMMERCIAL,"$1,214,343","$1,214,345",1054100,1054100,1054100,1054100,1054100,1054100,,
589,106 MAPLE ST,,"$381,400","$381,400",310400,310400,310200,310200,310200,310200,,
590,100 MAPLE ST,RESIDENTIAL,"$517,712","$517,712",358900,358900,358900,358900,347000,347000,,
591,94 MAPLE ST,RESIDENTIAL,"$447,000","$447,000",307700,307700,307600,307600,307600,307600,,
592,90 MAPLE ST,RESIDENTIAL,"$537,800","$537,800",358600,358600,358600,358600,358600,358600,,
593,88 MAPLE ST,RESIDENTIAL,"$471,400","$471,400",344500,344500,344500,344500,344500,344500,,
594,86 MAPLE ST,RESIDENTIAL,"$374,800","$374,800",262400,262400,262400,262400,262400,262400,,
595,84 MAPLE ST,RESIDENTIAL,"$464,400","$464,400",319100,319100,319100,319100,319100,319100,,
596,82 MAPLE ST,RESIDENTIAL,"$381,500","$381,500",276500,276500,276400,276400,276400,276400,,
597,21 HIGHLAND AVE,RESIDENTIAL,"$353,100","$353,100",247400,247400,236600,236600,236600,236600,,
598,3 WINTER STWEST,RESIDENTIAL,"$341,400","$341,400",247600,247600,247600,247600,247600,247600,,
599,5 WINTER STWEST,RESIDENTIAL,"$403,800","$403,800",289000,289000,289000,289000,289000,289000,,
600,7 WINTER STWEST,RESIDENTIAL,"$370,600","$370,600",259500,259500,259500,259500,259500,259500,,
601,9 WINTER STWEST,RESIDENTIAL,"$421,700","$421,700",298700,298700,298700,298700,298700,298700,,
602,11 WINTER STWEST,RESIDENTIAL,"$491,100","$491,100",349700,349700,349800,349800,349800,349800,,
603,20 WINTER STWEST,RESIDENTIAL,"$400,200","$400,200",291600,291600,291600,291600,291600,291600,,
604,18 WINTER STWEST,RESIDENTIAL,"$363,500","$363,500",273700,273700,273700,273700,273700,273700,,
605,14 WINTER STWEST,RESIDENTIAL,"$380,700","$380,700",281800,281800,281800,281800,281800,281800,,
606,12 WINTER STWEST,RESIDENTIAL,"$423,100","$423,100",290800,290800,290800,290800,290800,290800,,
607,10 WINTER STWEST,RESIDENTIAL,"$375,000","$375,000",265300,265300,265300,265300,265300,265300,,
608,6 WINTER STWEST,RESIDENTIAL,"$365,300","$365,300",256600,256600,256600,256600,256600,256600,,
609,4 WINTER STWEST,RESIDENTIAL,"$387,200","$387,200",267900,267900,267800,267800,267800,267800,,
610,7 GREEN STWEST,RESIDENTIAL,"$551,200","$551,200",401400,401400,401400,401400,401400,401400,,
611,11 GREEN STWEST,RESIDENTIAL,"$377,300","$377,300",265100,265100,265100,265100,265100,265100,,
612,13 GREEN STWEST,RESIDENTIAL,"$326,300","$326,300",205700,205700,205700,205700,205700,205700,,
613,15 GREEN STWEST,RESIDENTIAL,"$390,100","$390,100",277700,277700,277700,277700,277700,277700,,
614,17 GREEN STWEST,RESIDENTIAL,"$477,300","$477,300",337100,337100,337100,337100,337100,337100,,
615,19 GREEN STWEST,RESIDENTIAL,"$374,100","$374,100",269800,269800,269800,269800,269800,269800,,
616,21 GREEN STWEST,RESIDENTIAL,"$456,100","$456,100",322900,322900,322800,322800,333300,333300,,
617,23 GREEN STWEST,RESIDENTIAL,"$387,000","$387,000",294800,294800,308400,308400,308400,308400,,
618,24 GREEN STWEST,RESIDENTIAL,"$350,500","$350,500",249600,249600,249600,249600,249600,249600,,
619,22 GREEN STWEST,RESIDENTIAL,"$699,100","$699,100",532500,532500,532500,532500,540900,540900,,
620,20 GREEN STWEST,RESIDENTIAL,"$376,900","$376,900",252200,252200,252200,252200,252200,252200,,
621,18 GREEN STWEST,RESIDENTIAL,"$650,100","$650,100",452900,452900,452900,452900,470400,470400,,
622,12 GREEN STWEST,RESIDENTIAL,"$445,900","$445,900",316300,316300,309100,309100,309100,309100,,
623,8 GREEN STWEST,RESIDENTIAL,"$371,700","$371,700",295100,295100,301200,301200,301200,301200,,
624,4 GREEN STWEST,RESIDENTIAL,"$383,700","$383,700",260300,260300,260300,260300,260300,260300,,
625,5 SPRING STWEST,RESIDENTIAL,"$385,800","$385,800",286200,286200,286200,286200,286200,286200,,
626,9 SPRING STWEST,RESIDENTIAL,"$432,400","$432,400",310500,310500,310500,310500,310500,310500,,
627,11 SPRING STWEST,RESIDENTIAL,"$522,000","$522,000",404700,404700,404700,404700,404700,404700,,
628,10 SPRING STWEST,RESIDENTIAL,"$385,900","$385,900",279700,279700,279700,279700,279700,279700,,
629,8 SPRING STWEST,RESIDENTIAL,"$375,200","$375,200",271700,271700,271700,271700,271700,271700,,
630,6 SPRING STWEST,RESIDENTIAL,"$335,500","$335,500",238300,238300,238300,238300,238300,238300,,
631,2 SPRING STWEST,RESIDENTIAL,"$428,000","$428,000",317400,317400,317400,317400,317400,317400,,
632,2-3-4 BUTTERNUT LA,COMMERCIAL,"$3,075,587","$3,075,585",2267200,2267200,2267200,2267200,2267200,2267200,,
633,0 GREEN STWEST,,"$113,510",$439,92700,440,92700,440,92700,440,,
634,7 PASTURE LN,RESIDENTIAL,"$368,500","$368,500",271600,271600,271700,271700,271700,271700,,
635,9 PASTURE LN,RESIDENTIAL,"$586,900","$586,900",403300,403300,403200,403200,475800,475800,,
636,11 PASTURE LN,RESIDENTIAL,"$602,600","$602,600",454600,454600,448000,448000,448000,448000,,
637,13 PASTURE LN,RESIDENTIAL,"$567,900","$567,900",388000,388000,388000,388000,388000,388000,,
638,15 PASTURE LN,RESIDENTIAL,"$562,600","$562,600",441800,441800,455200,455200,457600,457600,,
639,17 PASTURE LN,RESIDENTIAL,"$429,900","$429,900",299800,299800,299800,299800,299800,299800,,
640,21 PASTURE LN,RESIDENTIAL,"$468,800","$468,800",332000,332000,332100,332100,347700,347700,,
641,22 PASTURE LN,RESIDENTIAL,"$465,000","$465,000",327100,327100,327000,327000,327000,327000,,
642,18 PASTURE LN,RESIDENTIAL,"$376,400","$376,400",274600,274600,274500,274500,274500,274500,,
643,16 PASTURE LN,RESIDENTIAL,"$425,000","$425,000",306900,306900,306800,306800,306800,306800,,
644,14 PASTURE LN,RESIDENTIAL,"$389,200","$389,200",268600,268600,268600,268600,268600,268600,,
645,12 PASTURE LN,RESIDENTIAL,"$507,100","$507,100",347600,347600,347700,347700,347700,347700,,
646,237 HANOVER ST EXT,COMMERCIAL,"$256,900","$256,900",205000,205000,205000,205000,205000,205000,,
647,13 OLD ETNA RD,RESIDENTIAL,"$395,300","$395,300",281400,281400,281400,281400,281400,281400,,
648,206 HEATER RD,COMMERCIAL,"$689,100","$689,100",590000,590000,590200,590200,590200,590200,,
649,200 HEATER RD,COMMERCIAL,"$1,240,540","$1,240,540",1042100,1042100,1042100,1042100,1042100,1042100,,
650,135 NH ROUTE 120,COMMERCIAL,"$4,274,500","$4,274,500",3905600,3905600,3905600,3905600,3905600,3905600,,
651,35 LABOMBARD RD,COMMERCIAL,"$16,376,950","$16,376,950",14296100,14296100,14296100,14296100,14296100,14296100,,
652,13 LABOMBARD RD,COMMERCIAL,"$3,001,900","$3,001,900",2530800,2530800,2530800,2530800,2530800,2530800,,
653,174 HEATER RD,COMMERCIAL,"$2,889,169","$2,889,169",2381000,2381000,2381000,2381000,2381000,2381000,,
654,25 LABOMBARD RD,,"$603,392","$603,392",500600,500600,500600,500600,502700,502700,,
657,165 HEATER RD,INDUSTRIAL,"$1,778,910","$1,778,910",1444800,1444800,1444800,1444800,1444800,1444800,,
658,175 HEATER RD,INDUSTRIAL,"$4,460,379","$4,460,380",3802800,3802800,3802800,3802800,3802800,3802800,,
659,199 HEATER RD,COMMERCIAL,"$1,998,600","$1,998,600",1763900,1763900,1763900,1763900,1763900,1763900,,
660,195 HANOVER ST EXT,COMMERCIAL,"$20,382,043","$20,382,043",18479300,18479300,18479300,18479300,18479300,18479300,,
661,7 MAIN ST,COMMERCIAL,"$487,300","$487,300",363900,363900,363800,363800,363800,363800,,
662,21 MAIN ST,COMMERCIAL,"$656,700","$656,700",413000,413000,413000,413000,413000,413000,,
663,25 MAIN ST,COMMERCIAL,"$419,100","$419,100",346500,346500,346400,346400,346400,346400,,
664,35 MAIN ST,COMMERCIAL,"$527,100","$527,100",403800,403800,403800,403800,403800,403800,,
665,0 RAILROAD AVE,INDUSTRIAL,"$1,478,860","$1,478,860",963000,963000,2691500,2691500,2691500,2691500,,
667,26 RAILROAD AVE,,"$232,200","$232,200",191900,191900,191900,191900,191900,191900,,
668,12 RAILROAD AVE,INDUSTRIAL,"$55,200","$55,200",50400,50400,50400,50400,50400,50400,,
670,12 RAILROAD AVE,COMMERCIAL,"$1,729,700","$1,729,700",1634000,1634000,1479500,1479500,1479500,1479500,,
671,0 RAILROAD AVE,,"$134,800","$134,800",111400,111400,111400,111400,111400,111400,,
672,38 RAILROAD AVE,COMMERCIAL,"$524,500","$524,500",430000,430000,430100,430100,430100,430100,,
673,16 RAILROAD AVE,COMMERCIAL,"$698,300","$698,300",340800,340800,340800,340800,340800,340800,,
674,8 RAILROAD AVE,INDUSTRIAL,"$445,400","$445,400",373400,373400,373400,373400,373400,373400,,
675,43 MAIN ST,COMMERCIAL,"$310,600","$310,600",260900,260900,260900,260900,260900,260900,,
676,51 MAIN ST,COMMERCIAL,"$790,400","$790,400",654500,654500,654600,654600,654600,654600,,
677,55 MAIN ST,COMMERCIAL,"$643,300","$643,300",572100,572100,576300,576300,576300,576300,,
678,57 MAIN ST,COMMERCIAL,"$651,200","$651,200",599500,599500,599500,599500,629100,629100,,
679,63 MAIN ST,INDUSTRIAL,"$606,100","$606,100",507600,507600,507600,507600,507600,507600,,
680,67 MAIN ST,COMMERCIAL,"$1,055,100","$1,055,100",862300,862300,862300,862300,862300,862300,,
681,71 MAIN ST,COMMERCIAL,"$1,051,000","$1,051,000",919200,919200,919000,919000,919000,919000,,
682,75 MAIN ST,INDUSTRIAL,"$1,122,800","$1,122,800",985600,687900,1121100,758200,1121200,758300,,
683,83 MAIN ST,COMMERCIAL,"$1,014,600","$1,014,600",882600,882600,882500,882500,882500,882500,,
684,89 MAIN ST,COMMERCIAL,"$2,981,400","$2,981,400",2433900,2433900,2433900,2433900,2433900,2433900,,
685,0 MAIN ST,,"$89,100","$89,100",62200,62200,62200,62200,62200,62200,,
686,5 BRIDGE ST,COMMERCIAL,"$949,600","$949,600",802900,802900,803000,803000,803000,803000,,
687,1 COMMERCIAL DR,COMMERCIAL,"$448,200","$448,200",374400,374400,374400,374400,374400,374400,,
688,18 COMMERCIAL DR,INDUSTRIAL,"$441,300","$441,300",394900,394900,398500,398500,398500,398500,,
690,10 COMMERCIAL DR,INDUSTRIAL,"$295,100","$295,100",262500,262500,261200,261200,261200,261200,,
691,23 BRIDGE ST,COMMERCIAL,"$753,000","$753,000",660100,660100,660000,660000,660000,660000,,
692,8 BRIDGE ST,COMMERCIAL,"$853,223","$853,225",707900,707900,707900,707900,705500,705500,,
693,97 N MAIN ST,COMMERCIAL,"$1,633,700","$1,633,700",1408900,1408900,1409200,1409200,1409200,1409200,,
694,99 N MAIN ST,RESIDENTIAL,"$528,200","$528,200",397500,397500,397500,397500,397500,397500,,
695,105 N MAIN ST,COMMERCIAL,"$427,000","$427,000",301300,301300,301100,301100,301100,301100,,
696,112 N MAIN ST,COMMERCIAL,"$715,800","$715,800",580100,580100,580300,580300,580300,580300,,
697,110 N MAIN ST,RESIDENTIAL,"$242,600","$242,600",178100,178100,178100,178100,184400,184400,,
698,106 N MAIN ST,COMMERCIAL,"$1,119,400","$1,119,400",964600,964600,964500,964500,964500,964500,,
699,5 PROSPECT STWEST,RESIDENTIAL,"$490,200","$490,200",380300,380300,380300,380300,380300,380300,,
700,7 PROSPECT STWEST,RESIDENTIAL,"$318,000","$318,000",232700,232700,232600,232600,232600,232600,,
701,10 PROSPECT STWEST,RESIDENTIAL,"$519,800","$519,800",398000,398000,398000,398000,398000,398000,,
702,8 PROSPECT STWEST,RESIDENTIAL,"$521,000","$521,000",399600,399600,399600,399600,399600,399600,,
703,6 PROSPECT STWEST,RESIDENTIAL,"$655,900","$655,900",492500,492500,492600,492600,492600,492600,,
704,4 PROSPECT STWEST,RESIDENTIAL,"$415,300","$415,300",296600,296600,296600,296600,296600,296600,,
705,9-11 DANA ST,RESIDENTIAL,"$516,000","$516,000",355600,355600,355600,355600,355600,355600,,
706,13 DANA ST,RESIDENTIAL,"$551,000","$551,000",375700,375700,375700,375700,375700,375700,,
707,15 MAPLE ST,RESIDENTIAL,"$413,300","$413,300",312400,312400,312400,312400,364200,364200,,
708,19 MAPLE ST,RESIDENTIAL,"$552,900","$552,900",359000,359000,366200,366200,366200,366200,,
709,21 MAPLE ST,COMMERCIAL,"$707,800","$707,800",451200,451200,451800,451800,451800,451800,,
710,27 MAPLE ST,RESIDENTIAL,"$455,400","$455,400",319300,319300,319200,319200,319200,319200,,
711,33 MAPLE ST,RESIDENTIAL,"$495,300","$495,300",378900,378900,378900,378900,378900,378900,,
712,45 MAPLE ST,RESIDENTIAL,"$598,500","$598,500",436200,436200,436200,436200,436200,436200,,
713,47 MAPLE ST,RESIDENTIAL,"$532,000","$532,000",382300,382300,382200,382200,382200,382200,,
714,49 MAPLE ST,RESIDENTIAL,"$500,600","$500,600",345900,345900,346000,346000,346000,346000,,
715,51 MAPLE ST,RESIDENTIAL,"$341,900","$341,900",260200,260200,260100,260100,260100,260100,,
716,16--18 DANA ST,RESIDENTIAL,"$507,700","$507,700",368900,368900,368900,368900,368900,368900,,
717,12 DANA ST,RESIDENTIAL,"$440,800","$440,800",336900,336900,336800,336800,336800,336800,,
718,0 CENTRAL AVE,,"$79,200","$79,200",64500,64500,64500,64500,64500,64500,,
719,6 CENTRAL AVE,RESIDENTIAL,"$588,200","$588,200",430100,430100,430000,430000,430000,430000,,
720,4 CENTRAL AVE,RESIDENTIAL,"$324,200","$324,200",248000,248000,248000,248000,248000,248000,,
721,2 CENTRAL AVE,RESIDENTIAL,"$357,800","$357,800",262900,262900,262900,262900,262900,262900,,
722,6 ATWOOD AVE,RESIDENTIAL,"$250,800","$250,800",186500,186500,186200,186200,186200,186200,,
723,5 ATWOOD AVE,COMMERCIAL,"$326,200","$326,200",294900,294900,294900,294900,294900,294900,,
724,7 ATWOOD AVE,RESIDENTIAL,"$332,600","$332,600",250100,250100,250100,250100,250100,250100,,
725,1 CENTRAL AVE,RESIDENTIAL,"$324,200","$324,200",243600,243600,243600,243600,243600,243600,,
726,5 CENTRAL AVE,RESIDENTIAL,"$348,100","$348,100",261000,261000,261000,261000,261000,261000,,
727,7 CENTRAL AVE,INDUSTRIAL,"$288,000","$288,000",249600,249600,249500,249500,249500,249500,,
728,2-4 DANA ST,COMMERCIAL,"$718,500","$718,500",566000,566000,565900,565900,565900,565900,,
729,100 MAIN ST,COMMERCIAL,"$432,600","$432,600",350700,350700,350900,350900,350900,350900,,
730,98 MAIN ST,INDUSTRIAL,"$653,100","$653,100",580600,580600,580700,580700,580700,580700,,
731,94 MAIN ST,COMMERCIAL,"$877,900","$877,900",772100,772100,772200,772200,772200,772200,,
732,88 MAIN ST,COMMERCIAL,"$505,000","$505,000",429400,429400,429400,429400,429400,429400,,
733,86 MAIN ST,,"$260,200","$260,200",209900,209900,209900,209900,209900,209900,,
734,80 MAIN ST,COMMERCIAL,"$4,353,200","$4,173,700",3892600,3713100,3892600,3713100,3892600,3713100,,
735,15 TRACY ST,COMMERCIAL,"$552,500","$552,500",333800,333800,333800,333800,333800,333800,,
736,23 TRACY ST,COMMERCIAL,"$573,400","$573,400",395800,395800,395900,395900,395900,395900,,
737,22 TRACY ST,RESIDENTIAL,"$535,100","$535,100",347200,347200,347200,347200,353200,353200,,
738,14 TRACY ST,COMMERCIAL,"$1,639,050","$1,639,050",1153013,1153013,1291413,1291413,1357892,1357892,,
740,70 MAIN ST,COMMERCIAL,"$1,611,000","$1,611,000",1363900,1363900,1364100,1364100,1364100,1364100,,
741,52 MAIN ST,,"$143,300","$143,300",114500,114500,114500,114500,114500,114500,,
742,50 MAIN ST,COMMERCIAL,"$527,200","$527,200",458000,458000,458000,458000,457500,457500,,
743,36-48 MAIN ST,COMMERCIAL,"$762,600","$762,600",544600,544600,544500,544500,544500,544500,,
744,34 MAIN ST,COMMERCIAL,"$245,500","$245,500",220600,220600,220600,220600,220600,220600,,
745,30 MAIN ST,INDUSTRIAL,"$539,800","$539,800",458200,458200,458200,458200,458200,458200,,
746,28 MAIN ST,COMMERCIAL,"$616,000","$616,000",532800,532800,532800,532800,532800,532800,,
747,3 CHURCH STWEST,RESIDENTIAL,"$410,500","$410,500",300700,300700,300700,300700,300700,300700,,
748,4 CHURCH STWEST,RESIDENTIAL,"$303,300","$303,300",228800,228800,228800,228800,227500,227500,,
749,2 CHURCH STWEST,COMMERCIAL,"$198,300","$198,300",176600,176600,177300,177300,177300,177300,,
750,14 MAIN ST,COMMERCIAL,"$575,100","$575,100",456300,456300,456300,456300,456300,456300,,
751,12 MAIN ST,COMMERCIAL,"$569,300","$569,300",478300,478300,478400,478400,467300,467300,,
752,17 DANA ST,RESIDENTIAL,"$450,100","$450,100",346500,346500,346500,346500,346500,346500,,
753,57 MAPLE ST,RESIDENTIAL,"$373,500","$373,500",279900,279900,279500,279500,279500,279500,,
754,61 MAPLE ST,RESIDENTIAL,"$642,000","$642,000",460000,460000,460100,460100,460100,460100,,
755,69 MAPLE ST,RESIDENTIAL,"$531,300","$531,300",386900,386900,386900,386900,386900,386900,,
756,78 MAPLE ST,RESIDENTIAL,"$466,700","$466,700",345500,345500,345400,345400,345400,345400,,
757,76 MAPLE ST,RESIDENTIAL,"$571,200","$571,200",412700,412700,410800,410800,429800,429800,,
758,68 MAPLE ST,COMMERCIAL,"$582,800","$582,800",359700,359700,359700,359700,374700,374700,,
759,64 MAPLE ST,RESIDENTIAL,"$465,900","$465,900",343500,343500,343400,343400,343400,343400,,
760,21 DANA ST,RESIDENTIAL,"$426,800","$426,800",321700,321700,321200,321200,321200,321200,,
761,25 DANA ST,RESIDENTIAL,"$577,200","$577,200",414600,414600,409000,409000,409000,409000,,
762,3 TIMOTHY AVE,RESIDENTIAL,"$474,000","$474,000",342000,342000,342000,342000,342000,342000,,
763,5 TIMOTHY AVE,RESIDENTIAL,"$482,900","$482,900",348400,348400,348400,348400,348400,348400,,
764,9 TIMOTHY AVE,RESIDENTIAL,"$490,000","$490,000",346900,346900,346900,346900,346900,346900,,
765,11 TIMOTHY AVE,RESIDENTIAL,"$409,000","$409,000",294600,294600,294600,294600,294600,294600,,
766,12 TIMOTHY AVE,RESIDENTIAL,"$428,200","$428,200",304800,304800,304700,304700,304700,304700,,
767,10 TIMOTHY AVE,RESIDENTIAL,"$474,900","$474,900",327000,327000,326900,326900,326900,326900,,
768,8 TIMOTHY AVE,RESIDENTIAL,"$540,500","$540,500",375300,375300,375300,375300,375300,375300,,
769,6 TIMOTHY AVE,RESIDENTIAL,"$559,000","$559,000",389800,389800,389700,389700,393800,393800,,
770,4 TIMOTHY AVE,RESIDENTIAL,"$491,800","$491,800",389600,389600,389700,389700,389700,389700,,
771,31 DANA ST,RESIDENTIAL,"$531,800","$531,800",379800,379800,379900,379900,379900,379900,,
772,2 WHITE AVE,RESIDENTIAL,"$742,600","$742,600",536400,536400,536400,536400,518200,518200,,
773,4 WHITE AVE,RESIDENTIAL,"$596,800","$596,800",424200,424200,424300,424300,424300,424300,,
774,3 GREEN STWEST,RESIDENTIAL,"$407,800","$407,800",303000,303000,302900,302900,302900,302900,,
775,2 GREEN STWEST,RESIDENTIAL,"$429,700","$429,700",316100,316100,316000,316000,316000,316000,,
776,29 HIGHLAND AVE,RESIDENTIAL,"$328,200","$328,200",230100,230100,230000,230000,230000,230000,,
777,3 SPRING STWEST,RESIDENTIAL,"$379,400","$379,400",274300,274300,274300,274300,274300,274300,,
778,31 HIGHLAND AVE,RESIDENTIAL,"$487,800","$487,800",344000,344000,344000,344000,324600,324600,,
779,33 HIGHLAND AVE,RESIDENTIAL,"$506,000","$506,000",373900,373900,381800,381800,381800,381800,,
780,35 HIGHLAND AVE,RESIDENTIAL,"$318,400","$318,400",249700,249700,241400,241400,241400,241400,,
781,37 HIGHLAND AVE,RESIDENTIAL,"$1,560,900","$1,560,900",1244900,1244900,1244900,1244900,1155300,1155300,,
783,3 PASTURE LN,RESIDENTIAL,"$473,300","$473,300",332000,332000,332000,332000,332000,332000,,
784,5 PASTURE LN,RESIDENTIAL,"$696,000","$696,000",473400,473400,473400,473400,492300,492300,,
785,10 PASTURE LN,RESIDENTIAL,"$454,200","$454,200",328600,328600,320700,320700,318500,318500,,
786,8 PASTURE LN,RESIDENTIAL,"$489,300","$489,300",360200,360200,356700,356700,294400,294400,,
787,6 PASTURE LN,RESIDENTIAL,"$545,000","$545,000",386900,386900,386900,386900,386900,386900,,
788,4 PASTURE LN,RESIDENTIAL,"$585,000","$585,000",427600,427600,427700,427700,427700,427700,,
789,2 PASTURE LN,RESIDENTIAL,"$710,310","$710,310",476100,476100,476400,476400,476400,476400,,
790,3 THOMAS AVE,RESIDENTIAL,"$509,600","$509,600",369900,369900,369800,369800,369800,369800,,
791,1 WHITE AVE,RESIDENTIAL,"$458,000","$458,000",326400,326400,326300,326300,326300,326300,,
792,38 DANA ST,,"$288,900","$288,900",235200,235200,235100,235100,235100,235100,,
793,3 MACK AVE,RESIDENTIAL,"$408,600","$408,600",313300,313300,295300,295300,299200,299200,,
794,5 MACK AVE,RESIDENTIAL,"$541,300","$541,300",408100,408100,408100,408100,391400,391400,,
795,7 MACK AVE,RESIDENTIAL,"$402,500","$402,500",305200,305200,303900,303900,303900,303900,,
796,9 MACK AVE,RESIDENTIAL,"$413,300","$413,300",318100,318100,318100,318100,318100,318100,,
797,11 MACK AVE,RESIDENTIAL,"$390,500","$390,500",285200,285200,285200,285200,285200,285200,,
798,13 MACK AVE,RESIDENTIAL,"$481,100","$481,100",356300,356300,356300,356300,356300,356300,,
799,15 MACK AVE,RESIDENTIAL,"$378,400","$378,400",283800,283800,283700,283700,283700,283700,,
800,17 MACK AVE,RESIDENTIAL,"$375,300","$375,300",265400,265400,265300,265300,265300,265300,,
801,19 MACK AVE,RESIDENTIAL,"$388,900","$388,900",293200,293200,293200,293200,293200,293200,,
802,21 MACK AVE,RESIDENTIAL,"$402,900","$402,900",290400,290400,290400,290400,290400,290400,,
803,23 MACK AVE,RESIDENTIAL,"$409,100","$409,100",293800,293800,293700,293700,293700,293700,,
804,24 MACK AVE,RESIDENTIAL,"$377,200","$377,200",273800,273800,273800,273800,273800,273800,,
805,22 MACK AVE,RESIDENTIAL,"$599,500","$599,500",426100,426100,426100,426100,414100,414100,,
806,20 MACK AVE,RESIDENTIAL,"$487,500","$487,500",345600,345600,345500,345500,345500,345500,,
807,16 MACK AVE,RESIDENTIAL,"$403,300","$403,300",287000,287000,287000,287000,287000,287000,,
808,14 MACK AVE,RESIDENTIAL,"$546,200","$546,200",404300,404300,404300,404300,404300,404300,,
809,12 MACK AVE,RESIDENTIAL,"$358,100","$358,100",272000,272000,272000,272000,272000,272000,,
810,10 MACK AVE,RESIDENTIAL,"$425,200","$425,200",327200,327200,327200,327200,327200,327200,,
811,6 MACK AVE,RESIDENTIAL,"$496,700","$496,700",378100,378100,378100,378100,378100,378100,,
812,30 DANA ST,RESIDENTIAL,"$401,300","$401,300",403900,403900,403900,403900,403900,403900,,
813,28 DANA ST,RESIDENTIAL,"$350,300","$350,300",261800,261800,261800,261800,261800,261800,,
814,26 DANA ST,RESIDENTIAL,"$531,700","$531,700",364400,364400,364400,364400,364400,364400,,
815,52 MAPLE ST,RESIDENTIAL,"$974,400","$974,400",727900,727900,728000,728000,728000,728000,,
816,50 MAPLE ST,RESIDENTIAL,"$430,900","$430,900",363900,363900,363800,363800,363800,363800,,
817,38 MAPLE ST,COMMERCIAL,"$488,800","$488,800",393300,393300,393400,393400,393400,393400,,
818,28 MAPLE ST,RESIDENTIAL,"$571,700","$571,700",411600,411600,411800,411800,411800,411800,,
819,26 MAPLE ST,RESIDENTIAL,"$665,900","$665,900",463900,463900,463700,463700,463700,463700,,
820,22 MAPLE ST,COMMERCIAL,"$1,274,200","$1,274,200",739600,739600,733600,733600,736900,736900,,
821,7 PLEASANT ST,RESIDENTIAL,"$559,300","$559,300",409100,409100,409100,409100,409100,409100,,
822,13 PLEASANT ST,RESIDENTIAL,"$457,200","$457,200",301800,301800,289600,289600,289600,289600,,
823,15 PLEASANT ST,RESIDENTIAL,"$432,145","$432,145",344600,344600,344600,344600,344600,344600,,
824,17 PLEASANT ST,RESIDENTIAL,"$462,500","$462,500",322600,322600,322600,322600,322600,322600,,
825,19 PLEASANT ST,RESIDENTIAL,"$360,800","$360,800",263500,263500,263500,263500,263500,263500,,
826,21 PLEASANT ST,RESIDENTIAL,"$464,600","$464,600",331900,331900,331900,331900,331900,331900,,
827,33 FLOYD AVE 1,,"$351,400","$351,400",230900,230900,230900,230900,230900,230900,,
828,30 FLOYD AVE 2,,"$339,200","$339,200",219200,219200,219200,219200,219200,219200,,
829,33 FLOYD AVE 3,,"$368,800","$368,800",241300,241300,241300,241300,241300,241300,,
830,30 FLOYD AVE 4,,"$361,300","$361,300",232000,232000,232000,232000,232000,232000,,
831,33 FLOYD AVE 5,,"$359,400","$359,400",223100,223100,223100,223100,231900,231900,,
832,30 FLOYD AVE 6,,"$347,400","$347,400",225000,225000,225000,225000,225000,225000,,
833,33 FLOYD AVE #7,,"$310,600","$310,600",201600,201600,201600,201600,245300,245300,,
834,30 FLOYD AVE 8,,"$309,900","$309,900",201100,201100,201100,201100,201100,201100,,
835,29 FLOYD AVE 9,,"$311,100","$311,100",201900,201900,201900,201900,201900,201900,,
836,32 FLOYD AVE #10,,"$379,300","$379,300",226800,226800,226800,226800,226800,226800,,
837,29 FLOYD AVE 11,,"$321,100","$321,100",208100,208100,208100,208100,208100,208100,,
838,32 FLOYD AVE #12,,"$341,400","$341,400",217700,217700,217700,217700,217700,217700,,
839,29 FLOYD AVE #13,,"$362,900","$362,900",233300,233300,233300,233300,233300,233300,,
840,32 FLOYD AVE 14,,"$318,500","$318,500",202200,202200,202200,202200,202200,202200,,
841,29 FLOYD AVE 15,,"$335,200","$335,200",215600,215600,215600,215600,215600,215600,,
842,32 FLOYD AVE 16,,"$305,800","$305,800",198700,198700,198700,198700,198700,198700,,
843,35 FLOYD AVE 17,,"$408,300","$408,300",268300,268300,268300,268300,268300,268300,,
844,34 FLOYD AVE 18,,"$324,100","$324,100",207100,207100,207100,207100,207100,207100,,
845,35 FLOYD AVE #19,,"$394,000","$394,000",252200,252200,252100,252100,252100,252100,,
846,34 FLOYD AVE 20,,"$363,300","$363,300",237900,237900,237900,237900,237900,237900,,
847,35 FLOYD AVE 21,,"$333,700","$333,700",217100,217100,217100,217100,217100,217100,,
848,34 FLOYD AVE #22,,"$328,800","$328,800",214600,214600,214600,214600,214600,214600,,
849,35 FLOYD AVE 23,,"$403,000","$403,000",263500,263500,263500,263500,263500,263500,,
850,34 FLOYD AVE 24,,"$339,100","$339,100",223800,223800,223800,223800,223800,223800,,
851,26 PLEASANT ST 25,,"$391,100","$391,100",250400,250400,250400,250400,250400,250400,,
852,36 FLOYD AVE #26,,"$316,500","$316,500",205100,205100,205100,205100,205100,205100,,
853,26 PLEASANT ST 27,,"$332,800","$332,800",216500,216500,216500,216500,216500,216500,,
854,36 FLOYD AVE 28,,"$338,500","$338,500",222000,222000,222000,222000,222000,222000,,
855,26 PLEASANT ST 29,,"$369,200","$369,200",242300,242300,242300,242300,242300,242300,,
856,36 FLOYD AVE 30,,"$363,300","$363,300",237900,237900,237900,237900,237900,237900,,
857,26 PLEASANT ST 31,,"$393,200","$393,200",256000,256000,256000,256000,256000,256000,,
858,36 FLOYD AVE 32,,"$403,600","$403,600",266100,266100,266100,266100,266100,266100,,
859,24 PLEASANT ST #33,,"$399,400","$399,400",261300,261300,261300,261300,261300,261300,,
860,30 PLEASANT ST 34,,"$386,600","$386,600",248900,248900,248900,248900,248900,248900,,
861,24 PLEASANT ST 35,,"$336,200","$336,200",217400,217400,217400,217400,217400,217400,,
862,30 PLEASANT ST #36,,"$381,600","$381,600",252500,252500,252500,252500,252500,252500,,
863,24 PLEASANT ST 37,,"$349,500","$349,500",233600,233600,233600,233600,233600,233600,,
864,30 PLEASANT ST 38,,"$335,300","$335,300",216500,216500,216500,216500,216500,216500,,
865,24 PLEASANT ST #39,,"$403,400","$403,400",273700,273700,273700,273700,273700,273700,,
866,30 PLEASANT ST #40,,"$404,500","$404,500",265400,265400,265400,265400,265400,265400,,
867,23 PLEASANT ST 41,,"$370,800","$370,800",246400,246400,246400,246400,246400,246400,,
868,33 PLEASANT ST 42,,"$395,700","$395,700",257400,257400,257400,257400,257400,257400,,
869,23 PLEASANT ST 43,,"$372,800","$372,800",239000,239000,239000,239000,239000,239000,,
870,33 PLEASANT ST #44,,"$340,400","$340,400",224200,224200,224200,224200,224200,224200,,
871,23 PLEASANT ST 45,,"$343,600","$343,600",225200,225200,225200,225200,225200,225200,,
872,33 PLEASANT ST 46,,"$357,200","$357,200",231200,231200,231200,231200,231200,231200,,
873,23 PLEASANT ST #47,,"$416,800","$416,800",245000,245000,261200,261200,261200,261200,,
874,33 PLEASANT ST 48,,"$400,600","$400,600",260400,260400,260400,260400,260400,260400,,
875,25 PLEASANT ST 49,,"$407,900","$407,900",266400,266400,266400,266400,266400,266400,,
876,31 PLEASANT ST #50,,"$407,900","$407,900",268500,268500,268500,268500,268500,268500,,
877,25 PLEASANT ST #51,,"$370,000","$370,000",237700,237700,237500,237500,237500,237500,,
878,31 PLEASANT ST 52,,"$359,600","$359,600",232700,232700,232700,232700,232700,232700,,
879,25 PLEASANT ST 53,,"$412,400","$412,400",269100,269100,269100,269100,269100,269100,,
880,31 PLEASANT ST 54,,"$385,200","$385,200",251700,251700,251700,251700,251700,251700,,
881,25 PLEASANT ST 55,,"$408,100","$408,100",269600,269600,269600,269600,269600,269600,,
882,31 PLEASANT ST 56,,"$388,600","$388,600",250100,250100,250100,250100,250100,250100,,
883,27 PLEASANT ST 57,,"$407,800","$407,800",265400,265400,265400,265400,265400,265400,,
884,29 PLEASANT ST 58,,"$400,800","$400,800",262100,262100,262100,262100,262100,262100,,
885,27 PLEASANT ST 59,,"$375,800","$375,800",247400,247400,247400,247400,247400,247400,,
886,29 PLEASANT ST 60,,"$341,700","$341,700",222300,222300,222300,222300,222300,222300,,
887,27 PLEASANT ST 61,,"$338,900","$338,900",220200,220200,220200,220200,220200,220200,,
888,29 PLEASANT ST 62,,"$363,300","$363,300",237900,237900,237900,237900,237900,237900,,
889,27 PLEASANT ST 63,,"$399,400","$399,400",261300,261300,261300,261300,261300,261300,,
890,29 PLEASANT ST 64,,"$402,900","$402,900",263800,263800,263800,263800,263800,263800,,
891,26 PLEASANT ST,COMMERCIAL,"$537,600","$537,600",357200,357200,357300,357300,357300,357300,,
892,22 PLEASANT ST,RESIDENTIAL,"$421,700","$421,700",280600,280600,280600,280600,277000,277000,,
893,20 PLEASANT ST,RESIDENTIAL,"$426,900","$426,900",313100,313100,313100,313100,313100,313100,,
894,16 PLEASANT ST,RESIDENTIAL,"$356,400","$356,400",265900,265900,265900,265900,265900,265900,,
895,18 PLEASANT ST,RESIDENTIAL,"$384,600","$384,600",283000,283000,283000,283000,283000,283000,,
896,12 PLEASANT ST,RESIDENTIAL,"$425,600","$425,600",312700,312700,312700,312700,312700,312700,,
897,14 PLEASANT ST,RESIDENTIAL,"$461,300","$461,300",340800,340800,340900,340900,340900,340900,,
898,10 PLEASANT ST,RESIDENTIAL,"$431,400","$431,400",337200,337200,337100,337100,337100,337100,,
899,8 PLEASANT ST,RESIDENTIAL,"$425,900","$425,900",311100,311100,311100,311100,311100,311100,,
900,6 PLEASANT ST,RESIDENTIAL,"$512,100","$512,100",363200,363200,363100,363100,363100,363100,,
901,16 MAPLE ST,RESIDENTIAL,"$504,700","$504,700",403500,403500,1663400,1663400,2033800,2033800,,
902,7 ORCUTT AVE,RESIDENTIAL,"$391,700","$391,700",291000,291000,291200,291200,291200,291200,,
903,0 HIGHLAND AVE,,"$320,300","$320,300",227600,227600,227500,227500,227500,227500,,
904,5 MEADOW BROOK APTS,COMMERCIAL,"$12,999,430","$12,999,430",10503900,10503900,10486000,10486000,10486000,10486000,,
905,0 VILLAGE LN,COMMERCIAL,"$1,656,322","$1,656,322",,,,,,,,
906,40 HIGHLAND AVE,RESIDENTIAL,"$491,047","$491,047",346700,346700,349100,349100,349800,349800,,
907,5 WHITE AVE,COMMERCIAL,"$5,949,200","$5,949,200",5299600,5299600,5299600,5299600,5299600,5299600,,
908,0 PLEASANT ST,,"$1,371,500","$1,371,500",1112600,1112600,1112600,1112600,1112600,1112600,,
910,0 OLD PINE TREE CEMETERY RD,,"$146,300",$500,121200,500,121200,500,122600,420,,
911,198 OLD PINE TREE CEMETERY RD,RESIDENTIAL,"$624,900","$624,900",503700,503700,503700,503700,503700,503700,,
912,204 OLD PINE TREE CEMETERY RD,RESIDENTIAL,"$338,740","$338,740",276000,276000,276000,276000,276000,276000,,
913,0 MASCOMA ST,,"$616,220","$17,270",513600,17270,511200,17270,511200,17270,,
914,0 MASCOMA ST,,"$231,250","$231,250",221200,221200,221200,221200,221200,221200,,
915,0 MASCOMA ST,,"$114,440","$1,347",94800,1345,94600,1345,94600,1345,,
916,356 MASCOMA ST,RESIDENTIAL,"$435,520","$435,520",324400,324400,324400,324400,324400,324400,,
917,282 OLD PINE TREE CEMETERY RD,RESIDENTIAL,"$289,580","$289,580",207500,207500,207500,207500,207500,207500,,
918,91 OLD PINE TREE CEMETERY RD,RESIDENTIAL,"$198,300","$145,950",148700,4880,148700,4880,148700,4880,,
919,85 OLD PINE TREE CEMETERY RD,RESIDENTIAL,"$427,710","$427,710",327400,327400,327400,327400,327400,327400,,
920,0 MIRACLE MILE,,"$33,150","$33,150",27600,27600,27600,27600,27600,27600,,
921,29 PEABODY ST,RESIDENTIAL,"$268,800","$268,800",202300,202300,202200,202200,202200,202200,,
924,23 ALICE PECK DAY DR,COMMERCIAL,"$26,344,366","$26,344,365",23995400,23995400,23995400,23995400,23995400,23995400,,
925,0 WORTHEN ST,,"$426,159","$426,159",347000,347000,347000,347000,347000,347000,,
926,0 YOUNG ST,,"$207,120",$853,169000,855,169000,900,169000,855,,
927,0 HOUGH ST,,"$143,600","$143,600",116900,116900,116900,116900,116900,116900,,
928,0 ELDRIDGE ST,,"$472,956","$472,956",385700,385700,385700,385700,385700,385700,,
930,0 MOUNT SUPPORT RD,,"$1,423,900","$34,100",1185700,34100,1016300,34100,1016300,34100,,
931,57 ELDRIDGE ST,RESIDENTIAL,"$435,500","$435,500",314800,314800,314800,314800,314800,314800,,
932,72 YOUNG ST,RESIDENTIAL,"$565,700","$565,700",353500,353500,349300,349300,349300,349300,,
933,49 ELDRIDGE ST,RESIDENTIAL,"$377,300","$377,300",253600,253600,253500,253500,253500,253500,,
934,45 ELDRIDGE ST,RESIDENTIAL,"$382,600","$382,600",261100,261100,261100,261100,261100,261100,,
935,43 ELDRIDGE ST,RESIDENTIAL,"$400,000","$400,000",297300,297300,297400,297400,297200,297200,,
936,41 ELDRIDGE ST,RESIDENTIAL,"$389,400","$389,400",279500,279500,279500,279500,279500,279500,,
937,39 ELDRIDGE ST,RESIDENTIAL,"$472,900","$472,900",327200,327200,327100,327100,327100,327100,,
938,33 ELDRIDGE ST,RESIDENTIAL,"$614,100","$614,100",448900,448900,448800,448800,448800,448800,,
939,8 COLBURN ST,RESIDENTIAL,"$395,200","$395,200",303200,303200,358300,358300,358300,358300,,
940,14 COLBURN ST,COMMERCIAL,"$415,400","$415,400",271100,271100,271500,271500,271500,271500,,
941,5 AMSDEN ST,RESIDENTIAL,"$497,500","$497,500",357500,357500,357400,357400,357400,357400,,
942,8 AMSDEN ST,RESIDENTIAL,"$377,400","$377,400",290600,290600,290700,290700,290700,290700,,
943,22 COLBURN ST,RESIDENTIAL,"$404,200","$404,200",295900,295900,292600,292600,292600,292600,,
944,27 COLBURN ST,RESIDENTIAL,"$355,700","$355,700",260600,260600,260700,260700,260700,260700,,
945,14 WILLIAMS ST,RESIDENTIAL,"$445,100","$445,100",329800,329800,329800,329800,329800,329800,,
946,20 WILLIAMS ST,RESIDENTIAL,"$346,200","$346,200",252300,252300,252300,252300,252300,252300,,
947,11 WILLIAMS ST,RESIDENTIAL,"$331,200","$331,200",231000,231000,231000,231000,231000,231000,,
948,20 WINTER ST,RESIDENTIAL,"$326,500","$326,500",239700,239700,239700,239700,239700,239700,,
949,0 WINTER ST,,"$15,000","$15,000",12200,12200,12200,12200,12200,12200,,
951,19 WINTER ST,RESIDENTIAL,"$389,900","$389,900",308900,308900,308900,308900,308900,308900,,
952,3 WINTER ST,RESIDENTIAL,"$375,200","$375,200",288500,288500,288500,288500,288500,288500,,
953,146 HANOVER ST,RESIDENTIAL,"$354,500","$354,500",269300,269300,266100,266100,266100,266100,,
954,2 BARROWS ST,RESIDENTIAL,"$364,400","$364,400",276000,276000,276000,276000,276000,276000,,
955,0 BARROWS ST,,"$248,400","$248,400",216200,216200,109900,109900,109900,109900,,
957,5 BARROWS ST,RESIDENTIAL,"$275,800","$275,800",206100,206100,206100,206100,206100,206100,,
958,0 HANOVER ST,,"$10,800","$10,800",8800,8800,8800,8800,8800,8800,,
959,147 HANOVER ST,COMMERCIAL,"$616,600","$616,600",447700,447700,447300,447300,447300,447300,,
960,0 HANOVER ST,,"$2,400","$2,400",2000,2000,2000,2000,2000,2000,,
961,145 HANOVER ST,COMMERCIAL,"$697,400","$697,400",414300,414300,414300,414300,414300,414300,,
962,133 HANOVER ST,COMMERCIAL,"$497,838","$497,838",336400,336400,336400,336400,336400,336400,,
963,127 HANOVER ST,COMMERCIAL,"$657,800","$657,800",478100,478100,476500,476500,476500,476500,,
964,0 NH ROUTE 120,,"$21,583","$21,583",17600,17600,17600,17600,17600,17600,,
965,103 HANOVER ST,COMMERCIAL,"$2,716,789","$2,716,790",2599100,2599100,2599100,2599100,2599100,2599100,,
966,97 HANOVER ST,COMMERCIAL,"$3,121,517","$3,121,517",2667800,2667800,2667800,2667800,2667800,2667800,,
967,93 HANOVER ST,COMMERCIAL,"$503,000","$503,000",359700,359700,367900,367900,367900,367900,,
968,91 HANOVER ST,COMMERCIAL,"$1,108,200","$1,108,200",897700,897700,897100,897100,897100,897100,,
969,89 HANOVER ST,COMMERCIAL,"$803,100","$803,100",644800,644800,645200,645200,645200,645200,,
970,90 HANOVER ST,COMMERCIAL,"$559,500","$559,500",486500,486500,486500,486500,486500,486500,,
972,96 HANOVER ST,COMMERCIAL,"$1,587,600","$1,587,600",1391600,1391600,1391400,1391400,1391400,1391400,,
973,106 HANOVER ST,COMMERCIAL,"$2,386,200","$2,386,200",2004600,2004600,2004600,2004600,2004600,2004600,,
974,114 HANOVER ST,COMMERCIAL,"$661,300","$661,300",563100,563100,563200,563200,563200,563200,,
975,116 HANOVER ST,RESIDENTIAL,"$379,400","$379,400",285000,285000,285100,285100,285100,285100,,
976,120 HANOVER ST,RESIDENTIAL,"$435,500","$435,500",331900,331900,332000,332000,332000,332000,,
977,2 WINTER ST,COMMERCIAL,"$437,400","$437,400",292600,292600,292600,292600,292600,292600,,
979,9 SUMMER ST,COMMERCIAL,"$448,200","$448,200",295900,295900,296400,296400,296400,296400,,
980,7 SUMMER ST,RESIDENTIAL,"$566,800","$566,800",423100,423100,423000,423000,423000,423000,,
981,4 ELA ST,COMMERCIAL,"$490,800","$490,800",331100,331100,331000,331000,331000,331000,,
982,4 WILLIAMS ST,RESIDENTIAL,"$277,800","$277,800",210300,210300,210300,210300,210300,210300,,
983,6 WILLIAMS ST,RESIDENTIAL,"$419,900","$419,900",300000,300000,300000,300000,300000,300000,,
984,16 SUMMER ST,RESIDENTIAL,"$363,300","$363,300",251000,251000,251100,251100,251100,251100,,
985,18 SUMMER ST,COMMERCIAL,"$398,300","$398,300",262900,262900,259400,259400,259400,259400,,
986,30 SUMMER ST,RESIDENTIAL,"$525,400","$525,400",353800,353800,353800,353800,353800,353800,,
987,11 CLARK ST,RESIDENTIAL,"$347,400","$347,400",256900,256900,256800,256800,256800,256800,,
988,7 CLARK ST,RESIDENTIAL,"$559,300","$559,300",387700,387700,387700,387700,387700,387700,,
989,3 CLARK ST,RESIDENTIAL,"$404,800","$404,800",255500,255500,255500,255500,255500,255500,,
990,15 ELDRIDGE ST,RESIDENTIAL,"$412,500","$412,500",264700,264700,264700,264700,264700,264700,,
991,17 ELDRIDGE ST,RESIDENTIAL,"$393,900","$393,900",302300,302300,302200,302200,302200,302200,,
992,10 CLARK ST,RESIDENTIAL,"$378,500","$378,500",284000,284000,284000,284000,284000,284000,,
993,23 ELDRIDGE ST,RESIDENTIAL,"$476,900","$476,900",363200,363200,363200,363200,358500,358500,,
994,21 ELDRIDGE ST,RESIDENTIAL,"$376,700","$376,700",286500,286500,286500,286500,286500,286500,,
995,19-21 SPENCER ST,COMMERCIAL,"$34,473,500","$34,473,500",27442100,27442100,27442100,27442100,27442100,27442100,,
996,25 SPENCER ST,,"$212,100","$212,100",175300,175300,175300,175300,175300,175300,,
997,37 SPENCER ST,INDUSTRIAL,"$951,917","$951,915",797200,797200,797200,797200,797200,797200,,
998,18 MAHAN ST,RESIDENTIAL,"$338,226","$338,226",234700,234700,234700,234700,241200,241200,,
999,19 THOMPSON ST,RESIDENTIAL,"$465,357","$465,357",335600,335600,335600,335600,344600,344600,,
1000,12 KENDRICK ST,RESIDENTIAL,"$291,131","$291,131",215100,215100,215100,215100,223100,223100,,
1001,45 SPENCER ST,COMMERCIAL,"$479,335","$479,335",412300,412300,412300,412300,412300,412300,,
1002,61 SPENCER ST,RESIDENTIAL,"$448,334","$448,334",355000,355000,355000,355000,362600,362600,,
1003,0 SPENCER ST,,"$72,800","$72,800",59200,59200,59200,59200,59200,59200,,
1004,0 SPENCER ST,,"$142,229","$142,229",116000,116000,98600,98600,98600,98600,,
1005,0 SPENCER ST,,"$63,800","$63,800",51900,51900,51900,51900,51900,51900,,
1006,72 SPENCER ST,RESIDENTIAL,"$238,362","$238,362",183000,183000,183000,183000,188600,188600,,
1007,70 SPENCER ST,RESIDENTIAL,"$188,545","$188,545",144500,144500,144500,144500,151300,151300,,
1008,68 SPENCER ST,RESIDENTIAL,"$309,845","$309,845",223700,223700,196800,196800,204600,204600,,
1009,60 SPENCER ST,RESIDENTIAL,"$278,822","$278,822",207900,207900,83000,83000,159200,159200,,
1010,3 SUZOR CT,RESIDENTIAL,"$251,900","$251,900",186700,186700,186700,186700,187700,187700,,
1012,48 SPENCER ST,COMMERCIAL,"$3,617,322","$3,617,322",3087500,3087500,3087500,3087500,3087500,3087500,,
1013,38 SPENCER ST,INDUSTRIAL,"$1,311,012","$1,311,012",771200,771200,771200,771200,771200,771200,,
1014,63 EVANS DR,COMMERCIAL,"$2,307,000","$2,307,000",1915000,1915000,1915000,1915000,1915000,1915000,,
1015,51 EVANS DR,INDUSTRIAL,"$5,162,126","$5,162,125",4610800,4610800,4610800,4610800,4610800,4610800,,
1016,135 HEATER RD,RESIDENTIAL,"$492,200","$492,200",419100,419100,419100,419100,419100,419100,,
1017,139 HEATER RD,RESIDENTIAL,"$462,000","$462,000",371400,371400,371400,371400,371400,371400,,
1018,71 HEATER RD,INDUSTRIAL,"$20,212,060","$20,207,332",17398900,17394135,17398900,17394135,17398900,17394135,,
1019,151 HEATER RD,COMMERCIAL,"$3,115,573","$3,115,575",2428500,2428500,2428500,2428500,2428500,2428500,,
1020,0 PERSHING ST,COMMERCIAL,"$530,680","$530,680",450400,450400,450400,450400,450400,450400,,
1021,9 PERSHING ST,COMMERCIAL,"$714,380","$714,380",608100,608100,607900,607900,602300,602300,,
1022,26 PERSHING ST,INDUSTRIAL,"$718,100","$718,100",607300,607300,607500,607500,607500,607500,,
1025,5 EDWARDS ST,COMMERCIAL,"$1,564,700","$1,564,700",333400,333400,333400,333400,333400,333400,,
1027,0 HANOVER ST,,"$292,400","$292,400",241600,241600,241600,241600,241600,241600,,
1028,18 RIVERDALE PKWY,RESIDENTIAL,"$406,261","$406,261",293500,293500,293500,293500,304100,304100,,
1029,20 RIVERDALE PKWY,RESIDENTIAL,"$427,007","$427,007",310100,310100,307800,307800,318700,318700,,
1030,22 RIVERDALE PKWY,RESIDENTIAL,"$467,592","$467,592",326100,326100,326100,326100,336100,336100,,
1031,26 RIVERDALE PKWY,RESIDENTIAL,"$403,701","$403,701",274900,274900,280000,280000,289700,289700,,
1032,28 RIVERDALE PKWY,RESIDENTIAL,"$459,844","$459,844",324700,324700,329900,329900,518400,518400,,
1033,27 RIVERDALE PKWY,RESIDENTIAL,"$356,742","$356,742",267900,267900,269100,269100,279700,279700,,
1034,23 RIVERDALE PKWY,RESIDENTIAL,"$400,302","$400,302",274800,274800,272600,272600,281800,281800,,
1035,21 RIVERDALE PKWY,RESIDENTIAL,"$439,984","$439,985",312100,312100,314400,314400,314400,314400,,
1036,19 RIVERDALE PKWY,RESIDENTIAL,"$388,884","$388,884",264100,264100,264100,264100,273300,273300,,
1037,17 RIVERDALE PKWY,RESIDENTIAL,"$376,697","$376,697",270700,270700,270700,270700,279800,279800,,
1038,6 WALNUT ST,RESIDENTIAL,"$359,097","$359,097",259000,259000,259000,259000,268100,268100,,
1039,6 CEDAR ST,RESIDENTIAL,"$421,884","$421,884",312100,312100,312100,312100,321300,321300,,
1040,4 CEDAR ST,RESIDENTIAL,"$447,484","$447,484",329800,329800,329800,329800,339000,339000,,
1041,3 CEDAR ST,RESIDENTIAL,"$362,545","$362,545",245800,245800,245800,245800,255200,255200,,
1042,5 CEDAR ST,RESIDENTIAL,"$420,210","$420,210",312700,312700,304700,304700,315500,315500,,
1043,8 WALNUT ST,RESIDENTIAL,"$473,694","$473,694",335100,335100,331900,331900,342600,342600,,
1044,8 BARNES AVE,RESIDENTIAL,"$374,164","$374,164",267400,267400,270100,270100,280000,280000,,
1045,6 BARNES AVE,RESIDENTIAL,"$380,194","$380,194",283300,283300,286200,286200,296900,296900,,
1046,4 BARNES AVE,RESIDENTIAL,"$364,161","$364,161",202200,202200,222600,222600,233000,233000,,
1047,2 BARNES AVE,RESIDENTIAL,"$426,416","$426,416",325200,325200,323800,323800,333100,333100,,
1048,5 BARNES AVE,RESIDENTIAL,"$423,144","$423,144",305800,305800,305800,305800,315900,315900,,
1049,5 WALNUT ST,RESIDENTIAL,"$369,260","$369,260",277100,277100,277100,277100,286400,286400,,
1050,3 WALNUT ST,RESIDENTIAL,"$395,253","$395,253",297500,297500,297500,297500,308600,308600,,
1053,122 HEATER RD,RESIDENTIAL,"$575,900","$575,900",398400,398400,398600,398600,398600,398600,,
1054,120 HEATER RD,RESIDENTIAL,"$530,400","$530,400",358800,358800,359000,359000,359000,359000,,
1055,98 HEATER RD,RESIDENTIAL,"$368,375","$368,375",253900,253900,253900,253900,253900,253900,,
1056,86 HEATER RD,RESIDENTIAL,"$390,400","$390,400",285200,285200,285100,285100,285100,285100,,
1057,84 HEATER RD,RESIDENTIAL,"$246,600","$246,600",177500,177500,177600,177600,177600,177600,,
1058,1 CONGRESS ST,RESIDENTIAL,"$160,141","$160,141",110300,110300,110300,110300,110300,110300,,
1059,3 CONGRESS ST,RESIDENTIAL,"$291,600","$291,600",209200,209200,209400,209400,211200,211200,,
1060,5 CONGRESS ST,RESIDENTIAL,"$301,900","$301,900",213900,213900,213700,213700,213700,213700,,
1061,11 CONGRESS ST,RESIDENTIAL,"$387,100","$387,100",292600,292600,292700,292700,292700,292700,,
1062,7 CONGRESS ST,RESIDENTIAL,"$303,700","$303,700",212200,212200,212100,212100,212100,212100,,
1063,13 CONGRESS ST,RESIDENTIAL,"$211,900","$211,900",162800,162800,162700,162700,162700,162700,,
1064,0 CONGRESS ST,,"$5,400","$5,400",4800,4800,4800,4800,4800,4800,,
1065,0 TOWNSEND TER,,"$58,500","$58,500",51200,51200,51200,51200,51200,51200,,
1066,23 TOWNSEND TER,RESIDENTIAL,"$139,000","$139,000",111100,111100,110400,110400,110400,110400,,
1067,29 TOWNSEND TER,RESIDENTIAL,"$228,600","$228,600",184100,184100,184100,184100,184100,184100,,
1068,0 TOWNSEND TER,,"$17,200","$17,200",15000,15000,15000,15000,15000,15000,,
1069,17 ALDEN RD,RESIDENTIAL,"$348,400","$348,400",263200,263200,260100,260100,260100,260100,,
1070,31 ALDEN RD,RESIDENTIAL,"$375,898","$375,898",280600,280600,289600,289600,289600,289600,,
1071,20 ALDEN RD,RESIDENTIAL,"$458,000","$458,000",320600,320600,319500,319500,319500,319500,,
1072,7 TOWNSEND TER,RESIDENTIAL,"$437,200","$437,200",311300,311300,311200,311200,311200,311200,,
1073,8 CONGRESS ST,RESIDENTIAL,"$287,700","$287,700",209900,209900,210000,210000,210000,210000,,
1074,0 CONGRESS ST,,"$3,400","$3,400",3000,3000,3000,3000,3000,3000,,
1075,0 CONGRESS ST,,"$64,000","$64,000",56000,56000,56000,56000,56000,56000,,
1076,0 CONGRESS ST,,"$7,400","$7,400",6500,6500,6500,6500,6500,6500,,
1077,0 HEATER RD,,"$6,600","$6,600",5800,5800,5800,5800,5800,5800,,
1078,0 HEATER RD,,"$267,733","$2,909",235500,2910,235500,2910,235500,2910,,
1079,30 ALDEN RD,RESIDENTIAL,"$436,300","$436,300",313800,313800,309700,309700,309700,309700,,
1080,24 ALDEN RD,RESIDENTIAL,"$340,200","$340,200",249300,249300,249300,249300,249300,249300,,
1081,41 DOROTHY PERLEY RD,RESIDENTIAL,"$451,500","$451,500",340400,340400,340300,340300,340300,340300,,
1082,45 DOROTHY PERLEY RD,RESIDENTIAL,"$992,000","$915,935",737400,670695,827400,760695,827400,760695,,
1083,48 DOROTHY PERLEY RD,RESIDENTIAL,"$360,600","$360,600",270600,270600,270900,270900,270900,270900,,
1084,42 DOROTHY PERLEY RD,RESIDENTIAL,"$406,200","$406,200",294500,294500,294500,294500,294500,294500,,
1085,0 DOROTHY PERLEY RD,,"$287,900","$69,000",229900,38800,309300,38200,269900,38200,,
1086,53 HARDY HILL RD,RESIDENTIAL,"$840,200","$583,600",622800,411300,622800,411300,634400,410840,,
1087,63 HARDY HILL RD,RESIDENTIAL,"$806,350","$806,350",557600,557600,557600,557600,557600,557600,,
1088,0 HARDY HILL RD,,"$198,219","$88,966",182400,73765,182400,73765,182400,73765,,
1089,71 HARDY HILL RD,RESIDENTIAL,"$766,855","$661,710",620600,516010,620500,515910,620500,515910,,
1090,0 HARDY HILL RD,,"$301,377","$201,359",234400,134860,234200,134660,234200,134660,,
1091,77 HARDY HILL RD,RESIDENTIAL,"$570,095","$570,095",380800,380800,380800,380800,380800,380800,,
1092,0 HARDY HILL RD,,"$265,629","$9,802",220400,9800,176300,9800,176300,9800,,
1093,27 JENKINS RD,RESIDENTIAL,"$1,052,918","$1,052,436",828200,827835,827400,827035,655300,654935,,
1094,7 JENKINS RD,RESIDENTIAL,"$632,643","$632,643",411700,411700,411700,411700,411700,411700,,
1095,0 SUNSET ROCK RD,,"$435,692","$2,072",360300,2070,360300,2070,297100,3425,,
1096,42 SUNSET ROCK RD,RESIDENTIAL,"$1,017,100","$1,017,100",772000,772000,769900,769900,769900,769900,,
1097,30 SUNSET ROCK RD,RESIDENTIAL,"$1,326,220","$1,326,220",939200,939200,936500,936500,936500,936500,,
1098,14 SUNSET ROCK RD,RESIDENTIAL,"$689,700","$689,700",475700,475700,480100,480100,482300,482300,,
1099,91 HARDY HILL RD,RESIDENTIAL,"$626,096","$570,566",459300,413345,436500,417310,411400,397110,,
1100,8 WHIPPLE RD,RESIDENTIAL,"$862,364","$862,364",676200,676200,676200,676200,676200,676200,,
1101,6 WHIPPLE RD,RESIDENTIAL,"$1,054,188","$1,054,188",832100,832100,832100,832100,832100,832100,,
1102,82 HARDY HILL RD,RESIDENTIAL,"$829,470","$829,470",582600,582600,582600,582600,582600,582600,,
1103,72 HARDY HILL RD,RESIDENTIAL,"$889,980","$889,980",608800,608800,595600,595600,595600,595600,,
1104,66 HARDY HILL RD,RESIDENTIAL,"$762,570","$762,570",595600,595600,595600,595600,595600,595600,,
1105,60 HARDY HILL RD,RESIDENTIAL,"$511,000","$511,000",365200,365200,365200,365200,365200,365200,,
1106,54 HARDY HILL RD,RESIDENTIAL,"$334,500","$334,500",261300,261300,261600,261600,261600,261600,,
1107,40 HARDY HILL RD,RESIDENTIAL,"$575,640","$547,590",405700,382875,405700,382875,400600,382875,,
1108,9 FARR RD,RESIDENTIAL,"$486,700","$486,700",351200,351200,348400,348400,348400,348400,,
1109,11 FARR RD,RESIDENTIAL,"$409,000","$409,000",300400,300400,300400,300400,300400,300400,,
1110,15 FARR RD,RESIDENTIAL,"$520,888","$520,888",367800,367800,367800,367800,367800,367800,,
1111,23 FARR RD,RESIDENTIAL,"$555,453","$555,453",455600,455600,455600,455600,455600,455600,,
1112,37 FARR RD,RESIDENTIAL,"$490,925","$466,953",353400,332255,353400,332255,355900,331975,,
1113,49 FARR RD,RESIDENTIAL,"$636,801","$636,801",445200,445200,445200,445200,445200,445200,,
1114,59 FARR RD,RESIDENTIAL,"$517,683","$470,501",396500,355010,396300,355010,396300,355010,,
1115,65 FARR RD,RESIDENTIAL,"$1,506,732","$1,490,325",1177200,1162725,1177200,1162725,1123200,1108725,,
1116,62 FARR RD,RESIDENTIAL,"$726,300","$726,300",579500,579500,523400,523400,523400,523400,,
1117,64 FARR RD,RESIDENTIAL,"$530,341","$530,341",391300,391300,391300,391300,391300,391300,,
1118,68 FARR RD,RESIDENTIAL,"$728,703","$728,703",543100,543100,543100,543100,543100,543100,,
1119,0 FARR RD,,"$14,936","$4,432",13200,3930,13100,3830,13100,3830,,
1120,401 DARTMOUTH COLLEGE HWY,RESIDENTIAL,"$311,213","$311,213",233000,233000,233000,233000,233000,233000,,
1121,70 SUNSET ROCK RD,RESIDENTIAL,"$786,300","$786,300",624300,624300,624500,624500,629900,629900,,
1122,45 MANCHESTER DR,RESIDENTIAL,"$461,700","$461,700",339100,339100,339100,339100,339100,339100,,
1123,5 HILLSIDE DR,RESIDENTIAL,"$632,600","$632,600",448900,448900,448900,448900,448900,448900,,
1124,10 RUDSBORO RD,COMMERCIAL,"$1,062,126","$1,062,126",906200,906200,906200,906200,906200,906200,,
1125,645 DARTMOUTH COLLEGE HWY,INDUSTRIAL,"$476,700","$476,700",399900,399900,400000,400000,400000,400000,,
1126,558 DARTMOUTH COLLEGE HWY,RESIDENTIAL,"$656,424","$656,424",539500,539500,539500,539500,441200,441200,,
1127,22 PAYNE RD,RESIDENTIAL,"$379,600","$379,600",261900,261900,260100,260100,260100,260100,,
1128,20 PAYNE RD,COMMERCIAL,"$543,500","$543,500",384300,384300,384400,384400,384400,384400,,
1129,16 PAYNE RD,RESIDENTIAL,"$487,265","$487,265",365400,365400,358500,358500,358500,358500,,
1130,6 PAYNE RD,,"$185,200","$185,200",152700,152700,152600,152600,152600,152600,,
1131,0 NH ROUTE 4A,,"$193,000","$193,000",159500,159500,159500,159500,159500,159500,,
1132,0 NH ROUTE 4A,,"$246,200","$246,200",203400,203400,203400,203400,203400,203400,,
1133,61 NH ROUTE 4A,RESIDENTIAL,"$456,000","$456,000",327300,327300,327300,327300,328300,328300,,
1134,667 DARTMOUTH COLLEGE HWY,COMMERCIAL,"$4,126,580","$4,126,580",3310200,3310200,3310200,3310200,3310200,3310200,,
1135,0 DARTMOUTH COLLEGE HWY,,"$216,200","$216,200",189100,189100,189200,189200,189200,189200,,
1136,26 JOHNSTON DR,RESIDENTIAL,"$261,700","$261,700",214500,214500,214500,214500,231400,231400,,
1137,78 S MAIN ST,COMMERCIAL,"$440,400","$440,400",304800,304800,304700,304700,304700,304700,,
1138,70 S MAIN ST,COMMERCIAL,"$608,400","$608,400",421300,421300,421300,421300,421300,421300,,
1139,68 S MAIN ST,,"$92,500","$92,500",75200,75200,75200,75200,75200,75200,,
1140,66 S MAIN ST,RESIDENTIAL,"$396,600","$396,600",304200,304200,304200,304200,304200,304200,,
1141,64 S MAIN ST,RESIDENTIAL,"$300,700","$300,700",234900,234900,234900,234900,234900,234900,,
1142,62 S MAIN ST,RESIDENTIAL,"$301,900","$301,900",222200,222200,222200,222200,222200,222200,,
1143,60 S MAIN ST,RESIDENTIAL,"$278,700","$278,700",204100,204100,204100,204100,204100,204100,,
1144,56-58 S MAIN ST,RESIDENTIAL,"$407,300","$407,300",308600,308600,308700,308700,308700,308700,,
1145,52 S MAIN ST,RESIDENTIAL,"$404,000","$404,000",312800,312800,312700,312700,312700,312700,,
1146,50 S MAIN ST,RESIDENTIAL,"$519,900","$519,900",393100,393100,433900,433900,380400,380400,,
1147,46 S MAIN ST,RESIDENTIAL,"$321,800","$321,800",247200,247200,247200,247200,247200,247200,,
1148,42 S MAIN ST,RESIDENTIAL,"$523,900","$523,900",411100,411100,411100,411100,411100,411100,,
1149,40 S MAIN ST,RESIDENTIAL,"$380,000","$380,000",257400,257400,257400,257400,257400,257400,,
1150,36 S MAIN ST,RESIDENTIAL,"$356,000","$356,000",273800,273800,273800,273800,273800,273800,,
1151,34 S MAIN ST,RESIDENTIAL,"$340,100","$340,100",257100,257100,261500,261500,261500,261500,,
1152,32 S MAIN ST,RESIDENTIAL,"$344,100","$344,100",266000,266000,273900,273900,273900,273900,,
1153,30 S MAIN ST,RESIDENTIAL,"$271,600","$271,600",216300,216300,217200,217200,217200,217200,,
1154,28 S MAIN ST,RESIDENTIAL,"$507,700","$507,700",348200,348200,348200,348200,348200,348200,,
1155,22 S MAIN ST,RESIDENTIAL,"$535,100","$535,100",374800,374800,374700,374700,374700,374700,,
1156,18 S MAIN ST,RESIDENTIAL,"$481,900","$481,900",339600,339600,339600,339600,339600,339600,,
1157,1 MAIN ST,COMMERCIAL,"$539,600","$539,600",470500,470500,470500,470500,470500,470500,,
1158,3 MAIN ST,COMMERCIAL,"$868,000","$868,000",755600,755600,755600,755600,755600,755600,,
1159,8 MAIN ST,RESIDENTIAL,"$374,200","$374,200",281800,281800,281900,281900,281900,281900,,
1160,3 MAPLE ST,COMMERCIAL,"$495,900","$495,900",342700,342700,342700,342700,342700,342700,,
1161,20 SEMINARY HILL,COMMERCIAL,"$4,609,416","$4,609,416",4084200,4084200,4071300,4071300,4071300,4071300,,
1162,11 ELM STWEST,RESIDENTIAL,"$669,200","$669,200",572800,572800,573100,573100,573100,573100,,
1163,15 ELM STWEST,RESIDENTIAL,"$134,400","$134,400",100700,100700,347000,347000,347000,347000,,
1164,19 ELM STWEST,COMMERCIAL,"$512,404","$512,404",345700,345700,345700,345700,345700,345700,,
1165,21 ELM STWEST,RESIDENTIAL,"$300,600","$300,600",226200,226200,226200,226200,226200,226200,,
1166,27 ELM STWEST,RESIDENTIAL,"$348,600","$348,600",264800,264800,264900,264900,264900,264900,,
1167,29 ELM STWEST,RESIDENTIAL,"$916,814","$916,814",685900,685900,685900,685900,685900,685900,,
1168,1 BIRCH TER,RESIDENTIAL,"$391,200","$391,200",280800,280800,280700,280700,280700,280700,,
1169,4 BIRCH TER,RESIDENTIAL,"$351,400","$351,400",267100,267100,267100,267100,267100,267100,,
1170,5 BIRCH TER,RESIDENTIAL,"$412,500","$412,500",296800,296800,296700,296700,296700,296700,,
1171,8 BIRCH TER,RESIDENTIAL,"$425,900","$425,900",291200,291200,291300,291300,291300,291300,,
1172,10 BIRCH TER,RESIDENTIAL,"$408,500","$408,500",293100,293100,292400,292400,292400,292400,,
1173,35 ELM STWEST,RESIDENTIAL,"$410,200","$410,200",294800,294800,294900,294900,294900,294900,,
1174,39 ELM STWEST,RESIDENTIAL,"$544,300","$544,300",369700,369700,369700,369700,369700,369700,,
1175,43 ELM STWEST,RESIDENTIAL,"$409,200","$409,200",295300,295300,293000,293000,294200,294200,,
1176,51 ELM STWEST,RESIDENTIAL,"$379,100","$379,100",282100,282100,281900,281900,281900,281900,,
1177,57 ELM STWEST,RESIDENTIAL,"$340,500","$340,500",264300,264300,264300,264300,264300,264300,,
1178,0 BIRCH TER,,"$91,370","$91,370",81000,81000,81000,81000,81000,81000,,
1179,0 ELM STWEST,,"$73,100","$73,100",60400,60400,60400,60400,60400,60400,,
1180,61 ELM STWEST,RESIDENTIAL,"$386,800","$386,800",296600,296600,296700,296700,296700,296700,,
1181,0 ELM STWEST,,"$5,500","$5,500",4600,4600,4600,4600,4600,4600,,
1182,0 ELM STWEST,,"$4,600","$4,600",3800,3800,3800,3800,3800,3800,,
1183,0 ELM STWEST,,"$12,900","$12,900",10600,10600,10700,10700,10700,10700,,
1184,0 ELM STWEST,,"$5,500","$5,500",4600,4600,4600,4600,4600,4600,,
1185,0 ELM STWEST,,"$4,500","$4,500",3700,3700,3700,3700,3700,3700,,
1186,0 ELM STWEST,,"$4,600","$4,600",3800,3800,3800,3800,3800,3800,,
1187,0 ELM STWEST,,"$3,900","$3,900",3200,3200,3200,3200,3200,3200,,
1188,0 ELM STWEST,,"$11,200","$11,200",9300,9300,9300,9300,9300,9300,,
1189,18 ELM STWEST,RESIDENTIAL,"$437,000","$437,000",335700,335700,335600,335600,335600,335600,,
1190,14 ELM STWEST,RESIDENTIAL,"$436,100","$436,100",289200,289200,289200,289200,289200,289200,,
1191,2 ELM STWEST,COMMERCIAL,"$553,100","$553,100",407600,407600,407600,407600,407600,407600,,
1192,5 S MAIN ST,,"$188,800","$188,800",156100,156100,156100,156100,156100,156100,,
1193,3 SEMINARY HILL,,"$234,000","$234,000",193400,193400,193300,193300,193300,193300,,
1194,11 S MAIN ST,RESIDENTIAL,"$375,300","$375,300",285800,285800,285700,285700,285700,285700,,
1195,0 S MAIN ST,,"$4,600","$4,600",3800,3800,3800,3800,3800,3800,,
1196,59 S MAIN ST,RESIDENTIAL,"$310,700","$310,700",220900,220900,221000,221000,221000,221000,,
1197,61 S MAIN ST,,"$67,700","$67,700",55900,55900,55900,55900,55900,55900,,
1198,67 S MAIN ST,RESIDENTIAL,"$485,900","$485,900",327800,327800,327800,327800,327800,327800,,
1199,16 JOHNSON AVE,RESIDENTIAL,"$264,200","$264,200",201000,201000,201100,201100,201100,201100,,
1200,12 JOHNSON AVE,RESIDENTIAL,"$415,800","$415,800",302400,302400,302300,302300,302300,302300,,
1201,8 JOHNSON AVE,RESIDENTIAL,"$391,200","$391,200",283700,283700,283700,283700,283700,283700,,
1202,6 JOHNSON AVE,RESIDENTIAL,"$445,500","$445,500",355400,355400,355500,355500,355500,355500,,
1203,52 SEMINARY HILL,RESIDENTIAL,"$345,400","$345,400",249600,249600,249600,249600,249600,249600,,
1204,50 SEMINARY HILL,RESIDENTIAL,"$373,400","$373,400",271900,271900,254700,254700,254700,254700,,
1205,48 SEMINARY HILL,RESIDENTIAL,"$378,900","$378,900",257800,257800,257800,257800,257800,257800,,
1206,9 CRAWFORD AVE,RESIDENTIAL,"$362,800","$362,800",256400,256400,256500,256500,256500,256500,,
1207,11 CRAWFORD AVE,RESIDENTIAL,"$386,700","$386,700",274200,274200,276800,276800,276800,276800,,
1208,13 CRAWFORD AVE,RESIDENTIAL,"$538,300","$538,300",384600,384600,384700,384700,384700,384700,,
1209,15 CRAWFORD AVE,RESIDENTIAL,"$403,400","$403,400",279000,279000,279000,279000,279000,279000,,
1210,6 CRAWFORD AVE,RESIDENTIAL,"$692,100","$692,100",511900,511900,512000,512000,512000,512000,,
1211,44 SEMINARY HILL,RESIDENTIAL,"$421,900","$421,900",312200,312200,312100,312100,312100,312100,,
1212,1 ALDRICH AVE,RESIDENTIAL,"$394,500","$394,500",263900,263900,263900,263900,263900,263900,,
1213,3 ALDRICH AVE,RESIDENTIAL,"$398,800","$398,800",271900,271900,272000,272000,272000,272000,,
1214,5 ALDRICH AVE,RESIDENTIAL,"$492,400","$492,400",357400,357400,357300,357300,357300,357300,,
1215,2 ALDRICH AVE,RESIDENTIAL,"$514,700","$514,700",359300,359300,359300,359300,359300,359300,,
1216,34 SEMINARY HILL,RESIDENTIAL,"$473,600","$473,600",347800,347800,347800,347800,354300,354300,,
1217,5 SEMINARY HILL,RESIDENTIAL,"$386,900","$386,900",273100,273100,273000,273000,273000,273000,,
1218,7 SEMINARY HILL,RESIDENTIAL,"$353,600","$353,600",266900,266900,266900,266900,266900,266900,,
1219,9 SEMINARY HILL,RESIDENTIAL,"$407,700","$407,700",288600,288600,288500,288500,288500,288500,,
1220,13 SEMINARY HILL,,"$117,700","$117,700",97400,97400,97500,97500,97500,97500,,
1221,23 SEMINARY HILL,RESIDENTIAL,"$497,200","$497,200",327400,327400,327500,327500,327500,327500,,
1222,25 SEMINARY HILL,RESIDENTIAL,"$361,500","$361,500",271900,271900,271800,271800,271800,271800,,
1223,27 SEMINARY HILL,RESIDENTIAL,"$476,500","$476,500",361200,361200,361200,361200,361200,361200,,
1224,31 SEMINARY HILL,RESIDENTIAL,"$510,700","$510,700",367700,367700,367700,367700,367700,367700,,
1225,3 FARMAN AVE,RESIDENTIAL,"$530,600","$530,600",395100,395100,395200,395200,395200,395200,,
1226,9 FARMAN AVE,RESIDENTIAL,"$408,400","$408,400",308400,308400,308400,308400,305400,305400,,
1227,13 FARMAN AVE,RESIDENTIAL,"$494,200","$494,200",341000,341000,341000,341000,341000,341000,,
1228,15 FARMAN AVE,RESIDENTIAL,"$281,900","$281,900",197800,197800,197800,197800,197800,197800,,
1229,19 FARMAN AVE,RESIDENTIAL,"$517,100","$517,100",381000,381000,380900,380900,380900,380900,,
1230,2 ORCUTT AVE,RESIDENTIAL,"$374,100","$374,100",268500,268500,268500,268500,268500,268500,,
1231,4 ORCUTT AVE,RESIDENTIAL,"$315,600","$315,600",230900,230900,230900,230900,230900,230900,,
1232,6 ORCUTT AVE,RESIDENTIAL,"$540,500","$540,500",370300,370300,370200,370200,370200,370200,,
1233,4 MAPLE ST,COMMERCIAL,"$3,482,039","$3,482,039",2955000,2955000,2955000,2955000,2955000,2955000,,
1234,5 ORCUTT AVE,RESIDENTIAL,"$395,100","$395,100",282200,282200,282200,282200,282200,282200,,
1235,3 ORCUTT AVE,RESIDENTIAL,"$398,000","$398,000",288800,288800,288700,288700,288700,288700,,
1236,23 FARMAN AVE,RESIDENTIAL,"$375,900","$375,900",260400,260400,260300,260300,260300,260300,,
1237,29 FARMAN AVE,RESIDENTIAL,"$364,600","$364,600",256900,256900,257000,257000,257000,257000,,
1238,24 FARMAN AVE,RESIDENTIAL,"$523,200","$523,200",428000,428000,427900,427900,427900,427900,,
1239,18 FARMAN AVE,RESIDENTIAL,"$663,400","$663,400",482800,482800,482900,482900,482900,482900,,
1240,0 FARMAN AVE,,"$11,600","$11,600",7900,7900,7900,7900,7900,7900,,
1241,16 FARMAN AVE,RESIDENTIAL,"$411,400","$411,400",283100,283100,283100,283100,283100,283100,,
1242,14 FARMAN AVE,RESIDENTIAL,"$441,100","$441,100",330600,330600,330500,330500,330500,330500,,
1243,10 FARMAN AVE,RESIDENTIAL,"$406,100","$406,100",291100,291100,291100,291100,291100,291100,,
1244,8 FARMAN AVE,RESIDENTIAL,"$518,100","$518,100",374600,374600,374700,374700,374700,374700,,
1245,4 FARMAN AVE,RESIDENTIAL,"$429,800","$429,800",293700,293700,293600,293600,293600,293600,,
1246,33 SEMINARY HILL,RESIDENTIAL,"$422,300","$422,300",320800,320800,320800,320800,320800,320800,,
1247,35 SEMINARY HILL 1,,"$220,200","$220,200",132900,132900,132900,132900,132900,132900,,
1248,35 SEMINARY HILL 2,,"$237,400","$237,400",142600,142600,142600,142600,142600,142600,,
1249,35 SEMINARY HILL 3,,"$237,400","$237,400",142600,142600,142600,142600,142600,142600,,
1250,35 SEMINARY HILL 4,,"$223,300","$223,300",134700,134700,134700,134700,134700,134700,,
1251,35 SEMINARY HILL 5,,"$237,400","$237,400",142600,142600,142600,142600,142600,142600,,
1252,35 SEMINARY HILL 6,,"$237,400","$237,400",142600,142600,142600,142600,142600,142600,,
1253,35 SEMINARY HILL 7,,"$237,400","$237,400",142600,142600,142600,142600,142600,142600,,
1254,35 SEMINARY HILL 8,,"$237,400","$237,400",142600,142600,142600,142600,142600,142600,,
1255,35 SEMINARY HILL 9,,"$215,900","$215,900",130500,130500,130500,130500,130500,130500,,
1256,35 SEMINARY HILL 10,,"$237,400","$237,400",142600,142600,142600,142600,142600,142600,,
1257,35 SEMINARY HILL 11,,"$237,400","$237,400",142600,142600,142600,142600,142600,142600,,
1258,35 SEMINARY HILL 12,,"$215,900","$215,900",130500,130500,130500,130500,130500,130500,,
1259,35 SEMINARY HILL 13,,"$237,400","$237,400",142600,142600,142600,142600,142600,142600,,
1260,35 SEMINARY HILL 14,,"$239,800","$239,800",142600,142600,142600,142600,142600,142600,,
1261,35 SEMINARY HILL #15,,"$237,400","$237,400",142600,142600,142600,142600,142600,142600,,
1262,35 SEMINARY HILL 16,,"$241,700","$241,700",146400,146400,146400,146400,146400,146400,,
1263,35 SEMINARY HILL 17,,"$224,200","$224,200",135500,135500,135500,135500,135500,135500,,
1264,35 SEMINARY HILL 18,,"$237,400","$237,400",142600,142600,142600,142600,142600,142600,,
1265,35 SEMINARY HILL 19,,"$237,400","$237,400",142600,142600,142600,142600,142600,142600,,
1266,35 SEMINARY HILL 20,,"$215,900","$215,900",130500,130500,130500,130500,130500,130500,,
1267,35 SEMINARY HILL 21,,"$237,400","$237,400",142600,142600,142600,142600,142600,142600,,
1268,35 SEMINARY HILL 22,,"$237,400","$237,400",142600,142600,142600,142600,142600,142600,,
1269,35 SEMINARY HILL 23,,"$215,900","$215,900",130500,130500,130500,130500,130500,130500,,
1270,35 SEMINARY HILL 24,,"$237,400","$237,400",142600,142600,142600,142600,142600,142600,,
1271,35 SEMINARY HILL 25,,"$237,400","$237,400",142600,142600,142600,142600,142600,142600,,
1272,35 SEMINARY HILL 26,,"$232,500","$232,500",140600,140600,140600,140600,140600,140600,,
1273,35 SEMINARY HILL 27,,"$237,400","$237,400",142600,142600,142600,142600,142600,142600,,
1274,35 SEMINARY HILL #28,,"$237,400","$237,400",142600,142600,142600,142600,142600,142600,,
1275,35 SEMINARY HILL 29,,"$245,700","$245,700",147200,147200,147200,147200,147200,147200,,
1276,35 SEMINARY HILL 30,,"$252,000","$252,000",151000,151000,151000,151000,151000,151000,,
1277,35 SEMINARY HILL 31,,"$223,300","$223,300",134700,134700,134700,134700,134700,134700,,
1278,35 SEMINARY HILL 32,,"$245,700","$245,700",147200,147200,147200,147200,147200,147200,,
1279,35 SEMINARY HILL 33,,"$245,700","$245,700",147200,147200,147200,147200,147200,147200,,
1280,35 SEMINARY HILL 34,,"$215,900","$215,900",130500,130500,130500,130500,130500,130500,,
1281,35 SEMINARY HILL 35,,"$237,400","$237,400",142600,142600,142600,142600,142600,142600,,
1282,35 SEMINARY HILL 36,,"$237,400","$237,400",142600,142600,142600,142600,142600,142600,,
1283,35 SEMINARY HILL 37,,"$237,400","$237,400",142600,142600,142600,142600,142600,142600,,
1284,35 SEMINARY HILL 38,,"$237,400","$237,400",142600,142600,142600,142600,142600,142600,,
1285,35 SEMINARY HILL 39,,"$215,900","$215,900",130500,130500,130500,130500,130500,130500,,
1286,35 SEMINARY HILL #40,,"$237,400","$237,400",142600,142600,142600,142600,142600,142600,,
1287,35 SEMINARY HILL 41,,"$255,700","$255,700",142600,142600,142600,142600,142600,142600,,
1288,35 SEMINARY HILL 42,,"$215,900","$215,900",130500,130500,130500,130500,130500,130500,,
1289,35 SEMINARY HILL 43,,"$237,400","$237,400",142600,142600,142600,142600,142600,142600,,
1290,35 SEMINARY HILL 44,,"$245,700","$245,700",147200,147200,147200,147200,147200,147200,,
1291,0 SEMINARY HILL,,"$21,500","$21,500",18100,18100,18100,18100,18100,18100,,
1292,43 SEMINARY HILL,RESIDENTIAL,"$415,100","$415,100",286500,286500,286500,286500,286500,286500,,
1293,1 FLOYD AVE,RESIDENTIAL,"$486,600","$486,600",339500,339500,335900,335900,335900,335900,,
1294,5 FLOYD AVE,RESIDENTIAL,"$369,100","$369,100",266200,266200,266300,266300,264800,264800,,
1295,7 FLOYD AVE,RESIDENTIAL,"$434,800","$434,800",306900,306900,307000,307000,307000,307000,,
1296,9 FLOYD AVE,RESIDENTIAL,"$428,200","$428,200",298700,298700,298800,298800,298800,298800,,
1297,13 FLOYD AVE,RESIDENTIAL,"$374,500","$374,500",280900,280900,281000,281000,280400,280400,,
1298,15 FLOYD AVE,RESIDENTIAL,"$439,400","$439,400",313500,313500,310700,310700,310700,310700,,
1299,17 FLOYD AVE,RESIDENTIAL,"$387,000","$387,000",277400,277400,277500,277500,276300,276300,,
1300,19 FLOYD AVE,RESIDENTIAL,"$416,900","$416,900",297600,297600,297700,297700,297700,297700,,
1301,25 FLOYD AVE,RESIDENTIAL,"$381,200","$381,200",292800,292800,277100,277100,277100,277100,,
1302,27 FLOYD AVE,RESIDENTIAL,"$377,700","$377,700",259900,259900,260000,260000,260000,260000,,
1303,3 POWERS ST,RESIDENTIAL,"$516,700","$516,700",367800,367800,367900,367900,367900,367900,,
1304,26 FLOYD AVE,RESIDENTIAL,"$428,200","$428,200",310300,310300,310400,310400,310400,310400,,
1305,10 FLOYD AVE,RESIDENTIAL,"$483,000","$483,000",339600,339600,339700,339700,339700,339700,,
1306,6 FLOYD AVE,RESIDENTIAL,"$409,600","$409,600",298000,298000,298100,298100,298100,298100,,
1307,4 FLOYD AVE,RESIDENTIAL,"$337,700","$337,700",248000,248000,248000,248000,248000,248000,,
1308,51 SEMINARY HILL,RESIDENTIAL,"$337,500","$337,500",243100,243100,243100,243100,243100,243100,,
1309,9 BATCHELDER AVE,RESIDENTIAL,"$591,600","$591,600",456800,456800,456800,456800,456800,456800,,
1310,15 BATCHELDER AVE,RESIDENTIAL,"$426,000","$426,000",309500,309500,309600,309600,313700,313700,,
1311,17 BATCHELDER AVE,RESIDENTIAL,"$417,700","$417,700",287300,287300,287400,287400,287400,287400,,
1312,19 BATCHELDER AVE,RESIDENTIAL,"$468,600","$468,600",374500,374500,369200,369200,369200,369200,,
1313,7 POWERS ST,RESIDENTIAL,"$364,100","$364,100",264800,264800,264700,264700,265000,265000,,
1314,26 BATCHELDER AVE,RESIDENTIAL,"$444,500","$444,500",317500,317500,317500,317500,317500,317500,,
1315,24 BATCHELDER AVE,,"$101,300","$101,300",83600,83600,83600,83600,83600,83600,,
1316,22 BATCHELDER AVE,RESIDENTIAL,"$505,900","$505,900",353700,353700,353700,353700,353700,353700,,
1317,20 BATCHELDER AVE,RESIDENTIAL,"$443,100","$443,100",319600,319600,319600,319600,319600,319600,,
1318,18 BATCHELDER AVE,RESIDENTIAL,"$456,800","$456,800",322200,322200,322200,322200,322200,322200,,
1319,16 BATCHELDER AVE,RESIDENTIAL,"$392,300","$392,300",293600,293600,293600,293600,293600,293600,,
1320,10 BATCHELDER AVE,RESIDENTIAL,"$283,500","$283,500",214200,214200,214200,214200,214200,214200,,
1321,8 BATCHELDER AVE,RESIDENTIAL,"$439,600","$439,600",312700,312700,312700,312700,312700,312700,,
1322,6 BATCHELDER AVE,RESIDENTIAL,"$443,400","$443,400",318400,318400,318400,318400,318400,318400,,
1323,57 SEMINARY HILL,RESIDENTIAL,"$656,600","$656,600",361400,361400,361500,361500,361500,361500,,
1324,1 WHITCOMB AVE,RESIDENTIAL,"$396,900","$396,900",286800,286800,286900,286900,286900,286900,,
1325,3 WHITCOMB AVE,RESIDENTIAL,"$542,700","$542,700",392900,392900,393000,393000,393000,393000,,
1326,5 WHITCOMB AVE,RESIDENTIAL,"$396,900","$396,900",288800,288800,288900,288900,288900,288900,,
1327,7 WHITCOMB AVE,RESIDENTIAL,"$412,300","$412,300",293600,293600,293700,293700,293700,293700,,
1328,9 WHITCOMB AVE,RESIDENTIAL,"$423,400","$423,400",306500,306500,306600,306600,306600,306600,,
1329,11 WHITCOMB AVE,RESIDENTIAL,"$426,700","$426,700",326800,326800,327000,327000,327000,327000,,
1330,15 WHITCOMB AVE,RESIDENTIAL,"$468,000","$468,000",335500,335500,335600,335600,335600,335600,,
1331,17 WHITCOMB AVE,RESIDENTIAL,"$343,900","$343,900",252300,252300,252300,252300,252300,252300,,
1332,20 POWERS ST,RESIDENTIAL,"$387,300","$387,300",259900,259900,259900,259900,259900,259900,,
1333,14 WHITCOMB AVE,RESIDENTIAL,"$489,900","$489,900",332100,332100,332200,332200,332200,332200,,
1334,12 WHITCOMB AVE,RESIDENTIAL,"$413,200","$413,200",294700,294700,294700,294700,294700,294700,,
1335,10 WHITCOMB AVE,RESIDENTIAL,"$349,400","$349,400",252200,252200,252200,252200,252200,252200,,
1336,8 WHITCOMB AVE,RESIDENTIAL,"$372,000","$372,000",256800,256800,256800,256800,256800,256800,,
1337,6 WHITCOMB AVE,RESIDENTIAL,"$499,700","$499,700",357100,357100,357100,357100,357100,357100,,
1338,4 WHITCOMB AVE,RESIDENTIAL,"$494,900","$494,900",333700,333700,333700,333700,333700,333700,,
1339,2 WHITCOMB AVE,RESIDENTIAL,"$396,200","$396,200",273200,273200,273200,273200,169500,169500,,
1340,1 JONES AVE,RESIDENTIAL,"$765,600","$765,600",601100,601100,601100,601100,560800,560800,,
1341,5 JONES AVE,RESIDENTIAL,"$415,900","$415,900",309700,309700,309700,309700,309700,309700,,
1342,7 JONES AVE,RESIDENTIAL,"$418,400","$418,400",305100,305100,305100,305100,305100,305100,,
1343,9 JONES AVE,RESIDENTIAL,"$316,300","$316,300",235900,235900,238000,238000,238000,238000,,
1344,11 JONES AVE,RESIDENTIAL,"$353,800","$353,800",258900,258900,258900,258900,258900,258900,,
1345,13 JONES AVE,RESIDENTIAL,"$346,400","$346,400",253000,253000,253000,253000,253000,253000,,
1346,0 COTTAGE CIR,,$0,$0,0,0,0,0,0,0,,
1347,7 COTTAGE CIR,RESIDENTIAL,"$516,300","$516,300",363500,363500,363600,363600,363600,363600,,
1348,11 COTTAGE CIR,RESIDENTIAL,"$557,000","$557,000",366100,366100,364400,364400,364400,364400,,
1349,13 COTTAGE CIR,RESIDENTIAL,"$548,100","$548,100",436600,436600,436600,436600,436600,436600,,
1350,17 COTTAGE CIR,RESIDENTIAL,"$510,900","$510,900",363800,363800,363800,363800,363800,363800,,
1351,21 COTTAGE CIR,RESIDENTIAL,"$466,900","$466,900",340700,340700,340800,340800,340800,340800,,
1352,25 COTTAGE CIR,RESIDENTIAL,"$579,000","$579,000",417100,417100,417000,417000,417000,417000,,
1353,29 COTTAGE CIR,RESIDENTIAL,"$516,200","$516,200",422100,422100,422100,422100,422100,422100,,
1354,31 COTTAGE CIR,RESIDENTIAL,"$736,087","$736,087",517000,517000,517000,517000,517000,517000,,
1355,33 COTTAGE CIR,RESIDENTIAL,"$572,600","$572,600",402500,402500,401000,401000,401000,401000,,
1356,35 COTTAGE CIR,RESIDENTIAL,"$460,500","$460,500",320000,320000,320000,320000,320000,320000,,
1357,37 COTTAGE CIR,RESIDENTIAL,"$667,000","$667,000",459700,459700,459800,459800,459800,459800,,
1358,39 COTTAGE CIR,RESIDENTIAL,"$552,300","$552,300",364100,364100,364200,364200,364200,364200,,
1359,43 COTTAGE CIR,RESIDENTIAL,"$572,500","$572,500",388700,388700,388600,388600,388600,388600,,
1360,47 COTTAGE CIR,RESIDENTIAL,"$635,000","$635,000",511900,511900,511900,511900,511900,511900,,
1361,49 COTTAGE CIR,RESIDENTIAL,"$638,700","$638,700",447700,447700,447800,447800,447800,447800,,
1362,53 COTTAGE CIR,RESIDENTIAL,"$391,800","$391,800",286400,286400,286400,286400,286400,286400,,
1363,57 COTTAGE CIR,RESIDENTIAL,"$631,400","$631,400",453500,453500,453500,453500,427900,427900,,
1364,61 COTTAGE CIR,RESIDENTIAL,"$572,500","$572,500",460000,460000,458100,458100,458100,458100,,
1365,65 COTTAGE CIR,RESIDENTIAL,"$583,717","$583,717",463300,463300,463300,463300,463300,463300,,
1366,68 COTTAGE CIR,RESIDENTIAL,"$776,500","$776,500",608100,608100,608100,608100,614700,614700,,
1367,62 COTTAGE CIR,RESIDENTIAL,"$492,800","$492,800",358000,358000,358000,358000,358000,358000,,
1368,58 COTTAGE CIR,RESIDENTIAL,"$395,500","$395,500",292600,292600,292600,292600,292600,292600,,
1369,52 COTTAGE CIR,RESIDENTIAL,"$511,100","$511,100",360500,360500,360500,360500,360500,360500,,
1370,48 COTTAGE CIR,RESIDENTIAL,"$562,200","$562,200",390400,390400,390500,390500,390500,390500,,
1371,42 COTTAGE CIR,RESIDENTIAL,"$457,600","$457,600",338400,338400,341200,341200,341200,341200,,
1372,32 COTTAGE CIR,RESIDENTIAL,"$641,500","$641,500",424300,424300,424400,424400,424400,424400,,
1373,26 COTTAGE CIR,RESIDENTIAL,"$526,900","$526,900",370700,370700,350600,350600,350600,350600,,
1374,22 COTTAGE CIR,RESIDENTIAL,"$540,400","$540,400",358300,358300,358400,358400,358400,358400,,
1375,18 COTTAGE CIR,RESIDENTIAL,"$527,000","$527,000",355200,355200,355300,355300,355300,355300,,
1376,14 COTTAGE CIR,RESIDENTIAL,"$488,000","$488,000",351700,351700,351700,351700,356200,356200,,
1377,10 COTTAGE CIR,RESIDENTIAL,"$488,300","$488,300",344400,344400,344500,344500,344500,344500,,
1378,6 COTTAGE CIR,RESIDENTIAL,"$475,200","$475,200",341300,341300,341200,341200,344700,344700,,
1379,0 HITCHCOCK AVE,,$0,$0,0,0,0,0,0,0,,
1380,71 COTTAGE CIR,RESIDENTIAL,"$586,256","$586,256",464500,464500,464500,464500,464500,464500,,
1381,21 HITCHCOCK AVE,RESIDENTIAL,"$628,700","$628,700",444600,444600,444500,444500,444500,444500,,
1382,27 HITCHCOCK AVE,RESIDENTIAL,"$528,300","$528,300",380000,380000,380100,380100,380100,380100,,
1383,29 HITCHCOCK AVE,RESIDENTIAL,"$673,150","$673,150",476500,476500,464100,464100,464600,464600,,
1384,28 HITCHCOCK AVE,RESIDENTIAL,"$513,500","$513,500",358700,358700,354300,354300,354300,354300,,
1385,26 HITCHCOCK AVE,RESIDENTIAL,"$448,800","$448,800",300400,300400,300400,300400,300400,300400,,
1386,22 HITCHCOCK AVE,RESIDENTIAL,"$490,200","$490,200",388900,388900,388900,388900,388900,388900,,
1387,18 HITCHCOCK AVE,RESIDENTIAL,"$398,700","$398,700",291400,291400,291400,291400,291400,291400,,
1388,16 HITCHCOCK AVE,RESIDENTIAL,"$370,000","$370,000",272400,272400,272300,272300,272300,272300,,
1389,12 HITCHCOCK AVE,RESIDENTIAL,"$448,800","$448,800",322000,322000,322100,322100,322100,322100,,
1390,0 HITCHCOCK AVE,,$0,$0,0,0,0,0,0,0,,
1391,1A TENLEY DR,RESIDENTIAL,"$366,900","$366,900",264400,264400,264400,264400,264400,264400,,
1392,1 TENLEY DR,RESIDENTIAL,"$473,500","$473,500",330500,330500,330500,330500,330500,330500,,
1393,3 TENLEY DR,RESIDENTIAL,"$475,400","$475,400",315600,315600,315500,315500,315500,315500,,
1394,5 TENLEY DR,RESIDENTIAL,"$453,400","$453,400",301700,301700,301700,301700,301700,301700,,
1395,7 TENLEY DR,RESIDENTIAL,"$454,300","$454,300",323800,323800,323900,323900,323900,323900,,
1396,9 TENLEY DR,RESIDENTIAL,"$410,400","$410,400",296800,296800,296700,296700,296700,296700,,
1397,8 TENLEY DR,RESIDENTIAL,"$538,700","$538,700",350300,350300,350200,350200,350200,350200,,
1398,6 TENLEY DR,RESIDENTIAL,"$323,200","$323,200",237400,237400,237400,237400,237400,237400,,
1399,4 TENLEY DR,RESIDENTIAL,"$412,100","$412,100",298900,298900,298900,298900,298900,298900,,
1400,2 TENLEY DR,RESIDENTIAL,"$460,800","$460,800",327500,327500,327400,327400,327400,327400,,
1401,12 JONES AVE,RESIDENTIAL,"$459,900","$459,900",317900,317900,317900,317900,317900,317900,,
1402,10 JONES AVE,RESIDENTIAL,"$378,500","$378,500",272900,272900,272800,272800,272800,272800,,
1403,8 JONES AVE,RESIDENTIAL,"$456,000","$456,000",339200,339200,339300,339300,339900,339900,,
1404,6 JONES AVE,RESIDENTIAL,"$360,600","$360,600",270900,270900,270900,270900,270900,270900,,
1405,4 JONES AVE,RESIDENTIAL,"$397,300","$397,300",277300,277300,277300,277300,277300,277300,,
1406,70 SEMINARY HILL,RESIDENTIAL,"$487,200","$487,200",376100,376100,376100,376100,376100,376100,,
1407,66 SEMINARY HILL,RESIDENTIAL,"$445,300","$445,300",317000,317000,316800,316800,316800,316800,,
1408,62 SEMINARY HILL,RESIDENTIAL,"$354,400","$354,400",262100,262100,232700,232700,232700,232700,,
1409,3 JOHNSON AVE,RESIDENTIAL,"$397,700","$397,700",287500,287500,287500,287500,287500,287500,,
1410,11 JOHNSON AVE,RESIDENTIAL,"$375,900","$375,900",264900,264900,264900,264900,264900,264900,,
1411,13 JOHNSON AVE,RESIDENTIAL,"$308,700","$308,700",228600,228600,228500,228500,228500,228500,,
1412,0 MASCOMA ST,COMMERCIAL,"$706,900","$689,900",610600,593600,610600,593600,610600,593600,,
1413,0 MASCOMA ST,,"$597,500","$597,500",493600,493600,493600,493600,493600,493600,,
1414,0 MASCOMA ST,,"$12,800","$12,800",10500,10500,10500,10500,10500,10500,,
1415,0 MECHANIC ST,,"$3,700","$3,700",3000,3000,3100,3100,3100,3100,,
1416,290 MASCOMA ST,,"$205,600","$205,600",139100,139100,139100,139100,139100,139100,,
1417,294 MASCOMA ST,RESIDENTIAL,"$524,300","$524,300",373000,373000,373100,373100,373100,373100,,
1418,300 MASCOMA ST,RESIDENTIAL,"$357,800","$357,800",267000,267000,267000,267000,267000,267000,,
1419,220 MASCOMA ST #1,,"$193,100","$193,100",131200,131200,131200,131200,131200,131200,,
1420,220 MASCOMA ST #2,,"$191,800","$191,800",130400,130400,130400,130400,130400,130400,,
1421,220 MASCOMA ST #3,,"$191,800","$191,800",130400,130400,130400,130400,130400,130400,,
1422,220 MASCOMA ST #4,,"$191,800","$191,800",130400,130400,130400,130400,130400,130400,,
1423,220 MASCOMA ST #5,,"$191,800","$191,800",130400,130400,130400,130400,130400,130400,,
1424,220 MASCOMA ST #6,,"$204,700","$204,700",139700,139700,139700,139700,130400,130400,,
1425,220 MASCOMA ST #7,,"$197,900","$197,900",132800,132800,132800,132800,132800,132800,,
1426,220 MASCOMA ST #8,,"$197,900","$197,900",132800,132800,132800,132800,132800,132800,,
1427,220 MASCOMA ST 9,,"$191,800","$191,800",130400,130400,130400,130400,130400,130400,,
1428,220 MASCOMA ST 10,,"$193,100","$193,100",131200,131200,131200,131200,131200,131200,,
1429,220 MASCOMA ST 11,,"$199,900","$199,900",136100,136100,136100,136100,136100,136100,,
1430,220 MASCOMA ST 12,,"$191,800","$191,800",130400,130400,130400,130400,130400,130400,,
1431,220 MASCOMA ST 13,,"$191,800","$191,800",130400,130400,130400,130400,130400,130400,,
1432,220 MASCOMA ST 14,,"$193,100","$193,100",131200,131200,131200,131200,131200,131200,,
1433,220 MASCOMA ST #15,,"$193,400","$193,400",132000,132000,132000,132000,138000,138000,,
1434,220 MASCOMA ST 16,,"$203,600","$203,600",138500,138500,138500,138500,130400,130400,,
1435,220 MASCOMA ST 17,,"$191,800","$191,800",130400,130400,130400,130400,130400,130400,,
1436,220 MASCOMA ST 18,,"$191,800","$191,800",130400,130400,130400,130400,130400,130400,,
1437,220 MASCOMA ST 19,,"$194,700","$194,700",131200,131200,131200,131200,131200,131200,,
1438,220 MASCOMA ST 20,,"$193,400","$193,400",132000,132000,132000,132000,132000,132000,,
1439,220 MASCOMA ST 21,,"$207,600","$207,600",142100,142100,142100,142100,142100,142100,,
1440,220 MASCOMA ST 22,,"$191,800","$191,800",130400,130400,130400,130400,130400,130400,,
1441,220 MASCOMA ST #23,,"$209,000","$209,000",142400,142400,142400,142400,132900,132900,,
1442,220 MASCOMA ST 24,,"$193,400","$193,400",132000,132000,132000,132000,130400,130400,,
1443,220 MASCOMA ST #25,,"$191,800","$191,800",130400,130400,130400,130400,130400,130400,,
1444,220 MASCOMA ST 26,,"$191,800","$191,800",130400,130400,130400,130400,130400,130400,,
1445,220 MASCOMA ST 27,,"$191,800","$191,800",130400,130400,130400,130400,130400,130400,,
1446,220 MASCOMA ST 28,,"$193,400","$193,400",132000,132000,132000,132000,130400,130400,,
1447,220 MASCOMA ST 29,,"$191,800","$191,800",130400,130400,130400,130400,130400,130400,,
1448,220 MASCOMA ST 30,,"$191,800","$191,800",130400,130400,130400,130400,130400,130400,,
1449,220 MASCOMA ST #31,,"$208,400","$208,400",142200,142200,142200,142200,132800,132800,,
1450,220 MASCOMA ST 32,,"$193,100","$193,100",131200,131200,131200,131200,131200,131200,,
1451,220 MASCOMA ST #33,,"$193,100","$193,100",131200,131200,131200,131200,131200,131200,,
1452,220 MASCOMA ST 34,,"$196,600","$196,600",134100,134100,134100,134100,134100,134100,,
1453,220 MASCOMA ST 35,,"$191,800","$191,800",130400,130400,130400,130400,130400,130400,,
1454,220 MASCOMA ST #36,,"$194,500","$194,500",133100,133100,133100,133100,133100,133100,,
1455,220 MASCOMA ST 37,,"$196,100","$196,100",134200,134200,134200,134200,134200,134200,,
1456,220 MASCOMA ST 38,,"$193,100","$193,100",131200,131200,131200,131200,131200,131200,,
1457,220 MASCOMA ST 39,,"$193,100","$193,100",131200,131200,131200,131200,131200,131200,,
1458,220 MASCOMA ST 40,,"$193,700","$193,700",132300,132300,132300,132300,132300,132300,,
1459,220 MASCOMA ST #41,,"$205,300","$205,300",139600,139600,139600,139600,130400,130400,,
1460,220 MASCOMA ST 42,,"$194,200","$194,200",131900,131900,131900,131900,131900,131900,,
1461,220 MASCOMA ST 43,,"$191,800","$191,800",130400,130400,130400,130400,130400,130400,,
1462,220 MASCOMA ST 44,,"$191,800","$191,800",130400,130400,130400,130400,130400,130400,,
1463,220 MASCOMA ST 45,,"$195,000","$195,000",133100,133100,133100,133100,133100,133100,,
1464,220 MASCOMA ST 46,,"$191,800","$191,800",130400,130400,130400,130400,130400,130400,,
1465,220 MASCOMA ST #47,,"$213,400","$213,400",146200,146200,146200,146200,137600,137600,,
1466,220 MASCOMA ST #48,,"$197,600","$197,600",134700,134700,134700,134700,134700,134700,,
1467,220 MASCOMA ST 49,,"$203,000","$203,000",138000,138000,138000,138000,138000,138000,,
1468,220 MASCOMA ST 50,,"$202,500","$202,500",140700,140700,140700,140700,140700,140700,,
1469,220 MASCOMA ST 51,,"$191,800","$191,800",130400,130400,130400,130400,130400,130400,,
1470,220 MASCOMA ST 52,,"$191,800","$191,800",130400,130400,130400,130400,130400,130400,,
1471,220 MASCOMA ST 53,,"$193,100","$193,100",131200,131200,131200,131200,131200,131200,,
1472,220 MASCOMA ST #54,,"$216,100","$216,100",150600,150600,150600,150600,131200,131200,,
1473,220 MASCOMA ST 55,,"$194,500","$194,500",133100,133100,133100,133100,133100,133100,,
1474,220 MASCOMA ST 56,,"$194,200","$194,200",131900,131900,131900,131900,131900,131900,,
1475,220 MASCOMA ST 57,,"$191,000","$191,000",129900,129900,129900,129900,129900,129900,,
1476,220 MASCOMA ST 58,,"$193,700","$193,700",132300,132300,132300,132300,132300,132300,,
1477,220 MASCOMA ST 59,,"$191,800","$191,800",130400,130400,130400,130400,130400,130400,,
1478,220 MASCOMA ST 60,,"$191,800","$191,800",130400,130400,130400,130400,130400,130400,,
1479,220 MASCOMA ST 61,,"$193,100","$193,100",131200,131200,131200,131200,131200,131200,,
1480,220 MASCOMA ST 62,,"$193,100","$193,100",131200,131200,131200,131200,131200,131200,,
1481,220 MASCOMA ST 63,,"$191,800","$191,800",130400,130400,130400,130400,130400,130400,,
1482,220 MASCOMA ST 64,,"$197,000","$197,000",134200,134200,134200,134200,134200,134200,,
1483,220 MASCOMA ST 65,,"$191,800","$191,800",130400,130400,130400,130400,130400,130400,,
1484,220 MASCOMA ST 66,,"$191,800","$191,800",130400,130400,130400,130400,130400,130400,,
1485,220 MASCOMA ST 67,,"$193,400","$193,400",132000,132000,132000,132000,132000,132000,,
1486,220 MASCOMA ST 68,,"$191,800","$191,800",130400,130400,130400,130400,130400,130400,,
1487,220 MASCOMA ST 69,,"$193,700","$193,700",132300,132300,132300,132300,132300,132300,,
1488,220 MASCOMA ST 70,,"$191,800","$191,800",130400,130400,130400,130400,130400,130400,,
1489,220 MASCOMA ST 71,,"$191,800","$191,800",130400,130400,130400,130400,130400,130400,,
1490,220 MASCOMA ST 72,,"$191,800","$191,800",130400,130400,130400,130400,130400,130400,,
1491,220 MASCOMA ST 73,,"$201,600","$201,600",135100,135100,135100,135100,135100,135100,,
1492,220 MASCOMA ST 74,,"$191,800","$191,800",130400,130400,130400,130400,130400,130400,,
1493,220 MASCOMA ST #75,,"$193,400","$193,400",132000,132000,132000,132000,131300,131300,,
1494,220 MASCOMA ST #76,,"$191,800","$191,800",130400,130400,130400,130400,130400,130400,,
1495,220 MASCOMA ST 77,,"$191,800","$191,800",130400,130400,130400,130400,130400,130400,,
1496,220 MASCOMA ST #78,,"$193,100","$193,100",131200,131200,131200,131200,131200,131200,,
1497,220 MASCOMA ST 79,,"$193,100","$193,100",131200,131200,131200,131200,131200,131200,,
1498,220 MASCOMA ST 80,,"$191,800","$191,800",130400,130400,130400,130400,130400,130400,,
1499,220 MASCOMA ST 81,,"$197,900","$197,900",132800,132800,132800,132800,132800,132800,,
1500,220 MASCOMA ST 82,,"$208,800","$208,800",142200,142200,142200,142200,140500,140500,,
1501,220 MASCOMA ST 83,,"$194,700","$194,700",132800,132800,132800,132800,132800,132800,,
1502,220 MASCOMA ST 84,,"$193,100","$193,100",131200,131200,131200,131200,131200,131200,,
1503,220 MASCOMA ST 85,,"$213,500","$213,500",145100,145100,145100,145100,145100,145100,,
1504,220 MASCOMA ST 86,,"$201,100","$201,100",139300,139300,133100,133100,133100,133100,,
1505,220 MASCOMA ST 87,,"$193,100","$193,100",131200,131200,131200,131200,131200,131200,,
1506,220 MASCOMA ST #88,,"$209,300","$209,300",142100,142100,142100,142100,132700,132700,,
1507,220 MASCOMA ST 89,,"$191,800","$191,800",130400,130400,130400,130400,130400,130400,,
1508,220 MASCOMA ST 90,,"$191,800","$191,800",130400,130400,130400,130400,130400,130400,,
1509,220 MASCOMA ST 91,,"$193,100","$193,100",131200,131200,131200,131200,131200,131200,,
1510,220 MASCOMA ST 92,,"$208,800","$208,800",142600,142600,142600,142600,141700,141700,,
1511,220 MASCOMA ST 93,,"$204,400","$204,400",138900,138900,138900,138900,130400,130400,,
1512,220 MASCOMA ST 94,,"$197,900","$197,900",132800,132800,132800,132800,132800,132800,,
1513,220 MASCOMA ST 95,,"$191,800","$191,800",130400,130400,130400,130400,130400,130400,,
1514,220 MASCOMA ST 96,,"$191,800","$191,800",130400,130400,130400,130400,130400,130400,,
1515,220 MASCOMA ST 97,,"$193,100","$193,100",131200,131200,131200,131200,131200,131200,,
1516,220 MASCOMA ST 98,,"$193,100","$193,100",131200,131200,131200,131200,131200,131200,,
1517,220 MASCOMA ST 99,,"$191,800","$191,800",130400,130400,130400,130400,130400,130400,,
1518,220 MASCOMA ST 100,,"$193,400","$193,400",132000,132000,132000,132000,132000,132000,,
1519,220 MASCOMA ST 101,,"$193,100","$193,100",131200,131200,131200,131200,131200,131200,,
1520,220 MASCOMA ST 102,,"$193,100","$193,100",131200,131200,131200,131200,131200,131200,,
1521,220 MASCOMA ST 103,,"$196,100","$196,100",134200,134200,134200,134200,134200,134200,,
1522,220 MASCOMA ST 104,,"$208,300","$208,300",141900,141900,141900,141900,141900,141900,,
1523,220 MASCOMA ST 105,,"$188,500","$188,500",127100,127100,127100,127100,127100,127100,,
1524,220 MASCOMA ST 106,,"$196,700","$196,700",135300,135300,135300,135300,135300,135300,,
1525,220 MASCOMA ST 107,,"$188,900","$188,900",126900,126900,126900,126900,126900,126900,,
1526,220 MASCOMA ST #108,,"$187,300","$187,300",125800,125800,125800,125800,125200,125200,,
1527,220 MASCOMA ST 109,,"$196,200","$196,200",134200,134200,134200,134200,133000,133000,,
1528,220 MASCOMA ST 110,,"$188,900","$188,900",126900,126900,126900,126900,126900,126900,,
1529,220 MASCOMA ST 111,,"$185,700","$185,700",124200,124200,124200,124200,124200,124200,,
1530,220 MASCOMA ST #112,,"$185,700","$185,700",124200,124200,124200,124200,124200,124200,,
1531,220 MASCOMA ST 113,,"$187,600","$187,600",126100,126100,126100,126100,126100,126100,,
1532,220 MASCOMA ST 114,,"$187,000","$187,000",125000,125000,125000,125000,125000,125000,,
1533,220 MASCOMA ST 115,,"$187,200","$187,200",125800,125800,125800,125800,125800,125800,,
1534,220 MASCOMA ST 116,,"$185,900","$185,900",124300,124300,124300,124300,124300,124300,,
1535,220 MASCOMA ST 117,,"$187,200","$187,200",125800,125800,125800,125800,125800,125800,,
1536,220 MASCOMA ST 118,,"$187,200","$187,200",125800,125800,125800,125800,125800,125800,,
1537,220 MASCOMA ST 119,,"$187,200","$187,200",125800,125800,125800,125800,125800,125800,,
1538,220 MASCOMA ST 120,,"$185,700","$185,700",124200,124200,124200,124200,124200,124200,,
1539,220 MASCOMA ST 121,,"$193,400","$193,400",132000,132000,132000,132000,132000,132000,,
1540,220 MASCOMA ST 122,,"$193,400","$193,400",132000,132000,132000,132000,132000,132000,,
1541,220 MASCOMA ST 123,,"$193,400","$193,400",132000,132000,132000,132000,132000,132000,,
1542,220 MASCOMA ST 124,,"$193,400","$193,400",132000,132000,132000,132000,132000,132000,,
1543,220 MASCOMA ST 125,,"$193,400","$193,400",132000,132000,132000,132000,132000,132000,,
1544,220 MASCOMA ST 126,,"$191,800","$191,800",130400,130400,130400,130400,130400,130400,,
1545,220 MASCOMA ST 127,,"$193,400","$193,400",132000,132000,132000,132000,132000,132000,,
1546,220 MASCOMA ST 128,,"$191,800","$191,800",130400,130400,130400,130400,130400,130400,,
1547,320 MASCOMA ST,RESIDENTIAL,"$492,100","$492,100",345700,345700,345700,345700,345700,345700,,
1548,354 MASCOMA ST,COMMERCIAL,"$272,000","$272,000",238300,238300,197400,197400,195400,195400,,
1549,322 MASCOMA ST,RESIDENTIAL,"$454,500","$454,500",318900,318900,318900,318900,318900,318900,,
1550,307 MASCOMA ST,RESIDENTIAL,"$503,000","$503,000",356500,356500,356400,356400,356400,356400,,
1551,189 OLD PINE TREE CEMETERY RD,RESIDENTIAL,"$334,295","$334,295",242200,242200,242200,242200,252200,252200,,
1552,311 MASCOMA ST,RESIDENTIAL,"$146,500","$146,500",118700,118700,118600,118600,118600,118600,,
1553,305 MASCOMA ST,,"$81,300","$81,300",67200,67200,67100,67100,67100,67100,,
1554,293 MASCOMA ST,RESIDENTIAL,"$420,100","$420,100",332400,332400,332300,332300,332300,332300,,
1556,0 ORA AVE,,"$94,600","$94,600",78000,78000,78000,78000,78000,78000,,
1557,2 ORA AVE,RESIDENTIAL,"$339,200","$339,200",228800,228800,228800,228800,228800,228800,,
1558,6 ORA AVE,,"$229,400","$229,400",148100,148100,148100,148100,148100,148100,,
1559,8 ORA AVE,RESIDENTIAL,"$352,100","$352,100",244000,244000,244000,244000,244000,244000,,
1560,12 ORA AVE,RESIDENTIAL,"$397,600","$397,600",276800,276800,231400,231400,221600,221600,,
1561,14 ORA AVE,RESIDENTIAL,"$470,900","$470,900",332700,332700,332600,332600,332600,332600,,
1562,0 ORA AVE,,"$175,900","$175,900",145400,145400,145400,145400,145400,145400,,
1563,21 ORA AVE,RESIDENTIAL,"$490,900","$490,900",343000,343000,343100,343100,343100,343100,,
1564,9 MYRA AVE,RESIDENTIAL,"$323,900","$323,900",220100,220100,220100,220100,220100,220100,,
1565,7 MYRA AVE,RESIDENTIAL,"$530,200","$530,200",373400,373400,373400,373400,373400,373400,,
1567,2 FREEMAN AVE,RESIDENTIAL,"$697,200","$697,200",317500,317500,317500,317500,250000,250000,,
1568,6 MYRA AVE,RESIDENTIAL,"$361,600","$361,600",248100,248100,248200,248200,248200,248200,,
1569,8 MYRA AVE,RESIDENTIAL,"$380,100","$380,100",275200,275200,275100,275100,275100,275100,,
1570,3 AVON AVE,RESIDENTIAL,"$377,900","$377,900",281600,281600,281600,281600,281600,281600,,
1571,1 AVON AVE,RESIDENTIAL,"$306,500","$306,500",222100,222100,222100,222100,222100,222100,,
1572,158 MASCOMA ST,RESIDENTIAL,"$386,500","$386,500",289800,289800,289800,289800,289800,289800,,
1573,192 MASCOMA ST,RESIDENTIAL,"$389,100","$389,100",271600,271600,271600,271600,271600,271600,,
1574,0 MASCOMA ST,,"$55,785","$55,785",46200,46200,46200,46200,46200,46200,,
1575,198 MASCOMA ST,RESIDENTIAL,"$289,300","$289,300",197800,197800,197800,197800,197800,197800,,
1576,200 MASCOMA ST,RESIDENTIAL,"$484,800","$484,800",360600,360600,352800,352800,352800,352800,,
1577,210 MASCOMA ST,RESIDENTIAL,"$393,600","$393,600",295800,295800,295800,295800,295800,295800,,
1578,216 MASCOMA ST,RESIDENTIAL,"$367,240","$367,240",280600,280600,280200,280200,280200,280200,,
1579,222 MASCOMA ST,RESIDENTIAL,"$339,100","$339,100",257100,257100,257200,257200,257200,257200,,
1580,226 MASCOMA ST,RESIDENTIAL,"$410,400","$410,400",295800,295800,295700,295700,295700,295700,,
1581,0 MASCOMA ST,,"$664,000","$664,000",548600,548600,548600,548600,548600,548600,,
1582,0 MASCOMA ST,,"$241,900","$241,900",199900,199900,200000,200000,200000,200000,,
1583,233 MASCOMA ST,INDUSTRIAL,"$443,500","$443,500",371500,371500,371500,371500,371500,371500,,
1584,223 MASCOMA ST,RESIDENTIAL,"$318,250","$318,250",232000,232000,228800,228800,228800,228800,,
1585,219 MASCOMA ST,RESIDENTIAL,"$503,800","$503,800",369000,369000,369000,369000,369000,369000,,
1586,205 MASCOMA ST,RESIDENTIAL,"$407,300","$407,300",298500,298500,298600,298600,298600,298600,,
1587,203 MASCOMA ST,RESIDENTIAL,"$396,500","$396,500",276000,276000,275900,275900,275900,275900,,
1588,173 MASCOMA ST,RESIDENTIAL,"$351,300","$351,300",316600,316600,316600,316600,316600,316600,,
1589,171 MASCOMA ST,RESIDENTIAL,"$435,400","$435,400",311600,311600,311700,311700,311700,311700,,
1590,171A MASCOMA ST,RESIDENTIAL,"$395,500","$395,500",298100,298100,298100,298100,291800,291800,,
1591,169 MASCOMA ST,RESIDENTIAL,"$355,200","$355,200",255600,255600,255500,255500,255500,255500,,
1592,167 MASCOMA ST,RESIDENTIAL,"$335,300","$335,300",253400,253400,253300,253300,253300,253300,,
1593,1 BOMHOWER ST,RESIDENTIAL,"$548,400","$548,400",367700,367700,367700,367700,367700,367700,,
1594,3 BOMHOWER ST,RESIDENTIAL,"$282,400","$282,400",219500,219500,219500,219500,219500,219500,,
1595,5 BOMHOWER ST,RESIDENTIAL,"$347,100","$347,100",254800,254800,254800,254800,254800,254800,,
1596,7 BOMHOWER ST,RESIDENTIAL,"$430,400","$430,400",308100,308100,308200,308200,308200,308200,,
1597,9 BOMHOWER ST,RESIDENTIAL,"$388,900","$388,900",283500,283500,276000,276000,276000,276000,,
1598,14 BOMHOWER ST,,"$1,613,800","$1,613,800",1561600,1561600,1561600,1561600,1561600,1561600,,
1599,1 MICHAEL ST,,"$94,400","$94,400",45800,45800,45800,45800,45800,45800,,
1600,2 MICHAEL ST,,"$121,200","$121,200",61900,61900,61900,61900,61900,61900,,
1601,3 MICHAEL ST,,"$115,900","$115,900",57300,57300,57300,57300,57300,57300,,
1602,4 MICHAEL ST,,"$87,700","$87,700",44600,44600,44600,44600,44600,44600,,
1603,5 MICHAEL ST,,"$116,300","$116,300",58900,58900,58900,58900,58900,58900,,
1604,6 MICHAEL ST,,"$107,000","$107,000",54400,54400,54400,54400,54400,54400,,
1605,7 MICHAEL ST,,"$130,300","$130,300",68300,68300,68300,68300,68300,68300,,
1606,8 MICHAEL ST,,"$98,400","$98,400",49000,49000,49000,49000,49000,49000,,
1607,9 MICHAEL ST,,"$129,300","$129,300",65400,65400,65400,65400,65400,65400,,
1608,10 MICHAEL ST,,"$100,500","$100,500",49900,49900,49900,49900,49900,49900,,
1609,11 MICHAEL ST,,"$142,200","$142,200",74200,74200,74200,74200,74200,74200,,
1610,12 MICHAEL ST,,"$134,500","$134,500",69900,69900,69900,69900,69900,69900,,
1611,13 MICHAEL ST,,"$96,100","$96,100",49000,49000,49000,49000,49000,49000,,
1612,14 HANNAH ST,,"$68,400","$68,400",34000,34000,34000,34000,34000,34000,,
1613,15 MICHAEL ST,,"$124,600","$124,600",62000,62000,62000,62000,62000,62000,,
1614,16 MICHAEL ST,,"$67,100","$67,100",33400,33400,33400,33400,33400,33400,,
1615,17 MICHAEL ST,,"$127,700","$127,700",66400,66400,66400,66400,66400,66400,,
1616,18 MICHAEL ST,,"$136,300","$136,300",71100,71100,71100,71100,71100,71100,,
1617,19 MICHAEL ST,,"$121,600","$121,600",61200,61200,61200,61200,61200,61200,,
1618,20 MICHAEL ST,,"$57,400","$57,400",28100,28100,28100,28100,28100,28100,,
1619,21 MICHAEL ST,,"$129,900","$129,900",66200,66200,66200,66200,66200,66200,,
1620,22 MICHAEL ST,,"$128,700","$128,700",66500,66500,66500,66500,66500,66500,,
1621,23 MICHAEL ST,,"$69,100","$69,100",34500,34500,34500,34500,34500,34500,,
1622,24 MICHAEL ST,,"$56,400","$56,400",27600,27600,27600,27600,27600,27600,,
1623,25 T ANDREW ST,,"$119,900","$119,900",59900,59900,59900,59900,59900,59900,,
1624,26 T ANDREW ST,,"$109,900","$109,900",53200,53200,53600,53600,53600,53600,,
1625,27 T ANDREW ST,,"$70,700","$70,700",37200,37200,37200,37200,37200,37200,,
1626,28 T ANDREW ST,,"$125,900","$125,900",64700,64700,64700,64700,0,0,,
1627,29 T ANDREW ST,,"$109,300","$109,300",58100,58100,58100,58100,58100,58100,,
1628,30 T ANDREW ST,,"$123,300","$123,300",63100,63100,63100,63100,63100,63100,,
1629,31 T ANDREW ST,,"$105,800","$105,800",55500,55500,55500,55500,55500,55500,,
1630,32 T ANDREW ST,,"$123,800","$123,800",63500,63500,63500,63500,63500,63500,,
1631,33 T ANDREW ST,,"$127,800","$127,800",67000,67000,67000,67000,67000,67000,,
1632,34 T ANDREW ST,,"$114,700","$114,700",56700,56700,56700,56700,56700,56700,,
1633,35 HANNAH ST,,"$126,000","$126,000",63200,63200,63200,63200,63200,63200,,
1634,36 HANNAH ST,,"$110,400","$110,400",55900,55900,55900,55900,55900,55900,,
1635,37 T ANDREW ST,,"$66,000","$66,000",32600,32600,32600,32600,32600,32600,,
1636,38 T ANDREW ST,,"$116,100","$116,100",59900,59900,59900,59900,59900,59900,,
1637,39 T ANDREW ST,,"$128,700","$128,700",66400,66400,66400,66400,66400,66400,,
1638,40 T ANDREW ST,,"$89,600","$89,600",49100,49100,49100,49100,49100,49100,,
1639,41 T ANDREW ST,,"$100,300","$100,300",51500,51500,51500,51500,51500,51500,,
1640,42 T ANDREW ST,,"$129,200","$129,200",67600,67600,67600,67600,67600,67600,,
1641,43 T ANDREW ST,,"$73,800","$73,800",36600,36600,36600,36600,36600,36600,,
1642,44 T ANDREW ST,,"$85,300","$85,300",43100,43100,43100,43100,43100,43100,,
1643,45 T ANDREW ST,,"$108,200","$108,200",55300,55300,55300,55300,55300,55300,,
1644,46 T ANDREW ST,,"$132,400","$132,400",68900,68900,68900,68900,68900,68900,,
1645,47 HANNAH ST,,"$80,500","$80,500",40100,40100,40100,40100,40100,40100,,
1646,48 HANNAH ST,,"$86,900","$86,900",43500,43500,43500,43500,43500,43500,,
1647,49 HANNAH ST,,"$132,600","$132,600",65100,65100,65100,65100,65100,65100,,
1648,50 HANNAH ST,,"$154,800","$154,800",75400,75400,75400,75400,75400,75400,,
1649,51 HANNAH ST,,"$122,500","$122,500",62600,62600,62600,62600,62600,62600,,
1650,52 HANNAH ST,,"$68,300","$68,300",34300,34300,34300,34300,34300,34300,,
1651,53 LOWER B ST,,"$54,500","$54,500",29200,29200,29200,29200,29200,29200,,
1652,54 LOWER B ST,,"$103,800","$103,800",52100,52100,50900,50900,50900,50900,,
1653,55 LOWER B ST,,"$79,900","$79,900",41800,41800,41800,41800,41800,41800,,
1654,56 LOWER B ST,,"$57,700","$57,700",29700,29700,29700,29700,29700,29700,,
1655,57 LOWER B ST,,"$119,900","$119,900",60300,60300,60300,60300,60300,60300,,
1656,58 LOWER B ST,,"$125,300","$125,300",64500,64500,64500,64500,64500,64500,,
1657,59 LOWER B ST,,"$58,200","$58,200",31500,31500,31500,31500,31500,31500,,
1658,60 LOWER B ST,,"$91,800","$91,800",45500,45500,45500,45500,45500,45500,,
1659,61 LOWER B ST,,"$66,600","$66,600",33200,33200,33200,33200,33200,33200,,
1660,62 LOWER B ST,,"$66,400","$66,400",33200,33200,33200,33200,33200,33200,,
1661,63 BOMHOWER ST EXT,,"$109,900","$109,900",54700,54700,54700,54700,54700,54700,,
1662,64 BOMHOWER ST EXT,,"$82,500","$82,500",40800,40800,40800,40800,40800,40800,,
1663,65 BOMHOWER ST EXT,,"$70,500","$70,500",35400,35400,35400,35400,35400,35400,,
1664,66 BOMHOWER ST EXT,,"$79,100","$79,100",41000,41000,41000,41000,41000,41000,,
1665,67 BOMHOWER EXT,,"$85,500","$85,500",46500,46500,46500,46500,46500,46500,,
1666,68 BOMHOWER ST EXT,,"$130,300","$130,300",65400,65400,42200,42200,42200,42200,,
1667,69 BOMHOWER ST EXT,,"$82,600","$82,600",40800,40800,40800,40800,40800,40800,,
1668,70 BOMHOWER ST EXT,,"$80,200","$80,200",39500,39500,39500,39500,39500,39500,,
1669,71 LOWER B ST,,"$125,100","$125,100",64000,64000,64000,64000,64000,64000,,
1670,72 BOMHOWER ST EXT,,"$112,000","$112,000",55600,55600,55600,55600,55600,55600,,
1671,73 BOMHOWER ST EXT,,"$70,500","$70,500",38300,38300,38300,38300,38300,38300,,
1672,74 BOMHOWER ST EXT,,"$130,800","$130,800",67200,67200,67200,67200,67200,67200,,
1673,75 BOMHOWER ST EXT,,"$61,700","$61,700",30700,30700,30700,30700,30700,30700,,
1674,76 BOMHOWER ST EXT,,"$99,000","$99,000",51500,51500,51500,51500,51500,51500,,
1675,77 BOMHOWER ST EXT,,"$145,100","$145,100",75100,75100,75100,75100,0,0,,
1676,78 BOMHOWER ST EXT,,"$88,400","$88,400",46300,46300,46300,46300,46300,46300,,
1677,4 BOMHOWER ST,RESIDENTIAL,"$424,200","$424,200",302300,302300,302300,302300,302300,302300,,
1678,2 BOMHOWER ST,,"$80,900","$80,900",40300,40300,40300,40300,44200,44200,,
1679,163 MASCOMA ST,RESIDENTIAL,"$322,800","$322,800",221800,221800,221700,221700,221700,221700,,
1680,8 PEABODY ST,RESIDENTIAL,"$287,400","$287,400",210100,210100,210000,210000,210000,210000,,
1681,12 PEABODY ST,RESIDENTIAL,"$278,600","$278,600",199800,199800,199800,199800,199800,199800,,
1682,16 PEABODY ST,RESIDENTIAL,"$332,300","$332,300",195300,195300,195200,195200,169900,169900,,
1683,18 PEABODY ST,RESIDENTIAL,"$331,600","$331,600",242800,242800,242800,242800,242800,242800,,
1684,20 PEABODY ST,RESIDENTIAL,"$380,700","$380,700",258300,258300,258300,258300,258300,258300,,
1685,22 PEABODY ST,RESIDENTIAL,"$370,500","$370,500",271900,271900,271900,271900,271900,271900,,
1686,24 PEABODY ST,,"$155,300","$155,300",107300,107300,107300,107300,107300,107300,,
1687,25 PEABODY ST,RESIDENTIAL,"$334,200","$334,200",242100,242100,242100,242100,242100,242100,,
1688,023B PEABODY ST,,"$364,400","$364,400",245800,245800,245800,245800,245800,245800,,
1689,19 PEABODY ST,RESIDENTIAL,"$349,500","$349,500",260600,260600,260600,260600,260600,260600,,
1690,15 PEABODY ST,RESIDENTIAL,"$343,400","$343,400",244500,244500,304500,304500,171500,171500,,
1691,11 PEABODY ST,RESIDENTIAL,"$355,000","$355,000",264500,264500,264500,264500,264500,264500,,
1692,155 MASCOMA ST,RESIDENTIAL,"$461,400","$461,400",354300,354300,354200,354200,354200,354200,,
1693,10 ALICE PECK DAY DR,COMMERCIAL,"$33,939,380","$33,939,380",30837700,30837700,30479200,30479200,30479200,30479200,,
1694,77 MASCOMA ST,RESIDENTIAL,"$381,700","$381,700",276900,276900,276900,276900,276900,276900,,
1695,71 MASCOMA ST,RESIDENTIAL,"$365,900","$365,900",258600,258600,258600,258600,258600,258600,,
1696,69 MASCOMA ST,RESIDENTIAL,"$412,700","$412,700",282400,282400,282400,282400,282400,282400,,
1697,65 MASCOMA ST,COMMERCIAL,"$421,800","$421,800",292300,292300,290400,290400,290400,290400,,
1698,63 MASCOMA ST,RESIDENTIAL,"$433,300","$433,300",321900,321900,321900,321900,321900,321900,,
1699,8 CAMERON AVE,RESIDENTIAL,"$372,000","$372,000",275900,275900,275800,275800,275800,275800,,
1700,8 WORTHEN ST,RESIDENTIAL,"$410,400","$410,400",310100,310100,310100,310100,310100,310100,,
1701,12 WORTHEN ST,RESIDENTIAL,"$425,000","$425,000",307200,307200,307100,307100,307100,307100,,
1702,14 WORTHEN ST,RESIDENTIAL,"$414,300","$414,300",305000,305000,304900,304900,304900,304900,,
1703,14 YOUNG ST,RESIDENTIAL,"$359,400","$359,400",253000,253000,252900,252900,252900,252900,,
1704,16 YOUNG ST,RESIDENTIAL,"$300,600","$300,600",211200,211200,211200,211200,211200,211200,,
1705,18 YOUNG ST,RESIDENTIAL,"$319,600","$319,600",223000,223000,223000,223000,223000,223000,,
1706,22 YOUNG ST,RESIDENTIAL,"$565,100","$565,100",415100,415100,415100,415100,415100,415100,,
1707,24 YOUNG ST,RESIDENTIAL,"$564,500","$564,500",393800,393800,393800,393800,393800,393800,,
1708,26 YOUNG ST,RESIDENTIAL,"$401,900","$401,900",289600,289600,289700,289700,289700,289700,,
1709,28 YOUNG ST,RESIDENTIAL,"$465,500","$465,500",351500,351500,344900,344900,344900,344900,,
1710,32 YOUNG ST,RESIDENTIAL,"$373,000","$373,000",266200,266200,266200,266200,266200,266200,,
1711,34 YOUNG ST,RESIDENTIAL,"$352,500","$352,500",262400,262400,262500,262500,262500,262500,,
1712,36 YOUNG ST,RESIDENTIAL,"$290,400","$290,400",209200,209200,209200,209200,209200,209200,,
1713,44 YOUNG ST,RESIDENTIAL,"$333,600","$333,600",245100,245100,245100,245100,245100,245100,,
1714,48 YOUNG ST,RESIDENTIAL,"$587,700","$587,700",436000,436000,436000,436000,436000,436000,,
1715,52 YOUNG ST,RESIDENTIAL,"$515,100","$515,100",374600,374600,376400,376400,376400,376400,,
1716,54 YOUNG ST,RESIDENTIAL,"$461,800","$461,800",352800,352800,352900,352900,352900,352900,,
1717,58 YOUNG ST,RESIDENTIAL,"$421,300","$421,300",308100,308100,308000,308000,308000,308000,,
1718,60 YOUNG ST,RESIDENTIAL,"$393,000","$393,000",287400,287400,255700,255700,255700,255700,,
1719,40 HOUGH ST,RESIDENTIAL,"$729,000","$729,000",501200,501200,501200,501200,501200,501200,,
1720,41 HOUGH ST,RESIDENTIAL,"$693,300","$693,300",544700,544700,544800,544800,551200,551200,,
1721,66 YOUNG ST,RESIDENTIAL,"$496,300","$496,300",353900,353900,353800,353800,353800,353800,,
1722,70 YOUNG ST,RESIDENTIAL,"$322,500","$322,500",229000,229000,229000,229000,229000,229000,,
1723,84 ELDRIDGE ST,RESIDENTIAL,"$332,100","$332,100",237600,237600,237500,237500,237500,237500,,
1724,38 ELDRIDGE ST,RESIDENTIAL,"$485,500","$485,500",353300,353300,353300,353300,353300,353300,,
1725,42 ELDRIDGE ST,RESIDENTIAL,"$359,200","$359,200",256000,256000,255500,255500,255500,255500,,
1726,46 ELDRIDGE ST,RESIDENTIAL,"$476,700","$476,700",349900,349900,349900,349900,331600,331600,,
1727,50 ELDRIDGE ST,RESIDENTIAL,"$517,600","$517,600",361000,361000,361000,361000,361000,361000,,
1728,54 ELDRIDGE ST,RESIDENTIAL,"$404,800","$404,800",277700,277700,277700,277700,277700,277700,,
1729,56 ELDRIDGE ST,RESIDENTIAL,"$407,000","$407,000",282000,282000,282000,282000,282000,282000,,
1730,31 HOUGH ST,RESIDENTIAL,"$540,300","$540,300",406900,406900,406900,406900,384200,384200,,
1731,27 HOUGH ST,RESIDENTIAL,"$577,800","$577,800",398100,398100,398200,398200,398200,398200,,
1732,25 HOUGH ST,RESIDENTIAL,"$461,500","$461,500",328500,328500,328600,328600,328600,328600,,
1733,23 HOUGH ST,RESIDENTIAL,"$335,600","$335,600",254900,254900,254900,254900,254900,254900,,
1734,21 HOUGH ST,RESIDENTIAL,"$457,500","$457,500",321900,321900,322000,322000,322000,322000,,
1735,48 GRANITE ST,RESIDENTIAL,"$359,900","$359,900",250000,250000,250000,250000,250000,250000,,
1736,22 HOUGH ST,RESIDENTIAL,"$377,800","$377,800",276100,276100,276100,276100,276100,276100,,
1737,24 HOUGH ST,RESIDENTIAL,"$467,500","$467,500",333900,333900,334000,334000,334000,334000,,
1738,26 HOUGH ST,RESIDENTIAL,"$441,900","$441,900",314700,314700,314700,314700,314700,314700,,
1739,28 HOUGH ST,RESIDENTIAL,"$501,200","$501,200",398800,398800,398800,398800,398800,398800,,
1740,30 HOUGH ST,RESIDENTIAL,"$538,000","$538,000",385200,385200,385200,385200,358200,358200,,
1741,32 HOUGH ST,RESIDENTIAL,"$422,300","$422,300",346200,346200,346200,346200,346200,346200,,
1742,62 YOUNG ST,RESIDENTIAL,"$481,000","$481,000",344900,344900,344800,344800,344800,344800,,
1743,29 FAIRVIEW AVE,RESIDENTIAL,"$514,600","$514,600",336800,336800,336700,336700,336700,336700,,
1744,25 FAIRVIEW AVE,RESIDENTIAL,"$348,400","$348,400",246700,246700,246700,246700,246700,246700,,
1745,24 FAIRVIEW AVE,RESIDENTIAL,"$521,700","$521,700",352600,352600,352700,352700,352700,352700,,
1746,26 FAIRVIEW AVE,RESIDENTIAL,"$441,600","$441,600",301000,301000,300900,300900,300900,300900,,
1747,0 FAIRVIEW AVE,,"$77,700","$77,700",63300,63300,63300,63300,63300,63300,,
1748,61 YOUNG ST,RESIDENTIAL,"$421,900","$421,900",299700,299700,299600,299600,299600,299600,,
1749,59 YOUNG ST,RESIDENTIAL,"$378,000","$378,000",277200,277200,277200,277200,277200,277200,,
1750,33 MASON ST,RESIDENTIAL,"$397,600","$397,600",274700,274700,274600,274600,274600,274600,,
1751,27 MASON ST,RESIDENTIAL,"$293,400","$293,400",207800,207800,207700,207700,207700,207700,,
1752,23 MASON ST,RESIDENTIAL,"$349,700","$349,700",270400,270400,270500,270500,270500,270500,,
1753,19 MASON ST,RESIDENTIAL,"$189,000","$189,000",148600,148600,148700,148700,148700,148700,,
1754,32 GRANITE ST,RESIDENTIAL,"$374,400","$374,400",258100,258100,258100,258100,258100,258100,,
1755,24 MASON ST,RESIDENTIAL,"$344,400","$344,400",243600,243600,243700,243700,243700,243700,,
1756,26-28 MASON ST,COMMERCIAL,"$544,000","$544,000",381200,381200,381100,381100,381100,381100,,
1757,35 WEST ST,RESIDENTIAL,"$411,700","$411,700",318700,318700,318600,318600,318600,318600,,
1758,55 YOUNG ST,RESIDENTIAL,"$390,000","$390,000",292900,292900,292900,292900,292900,292900,,
1759,39 WEST ST,RESIDENTIAL,"$453,400","$453,400",325400,325400,325300,325300,325300,325300,,
1760,37 WEST ST,RESIDENTIAL,"$297,800","$297,800",224200,224200,224200,224200,224200,224200,,
1761,33 WEST ST,RESIDENTIAL,"$429,100","$429,100",309800,309800,309900,309900,309900,309900,,
1762,29 WEST ST,RESIDENTIAL,"$482,800","$482,800",359600,359600,359600,359600,327200,327200,,
1763,25 WEST ST,RESIDENTIAL,"$411,500","$411,500",285900,285900,285800,285800,285800,285800,,
1764,21 WEST ST,RESIDENTIAL,"$327,900","$327,900",243400,243400,243400,243400,243400,243400,,
1765,20 WEST ST,RESIDENTIAL,"$432,600","$432,600",331300,331300,331400,331400,331400,331400,,
1766,24 WEST ST,COMMERCIAL,"$693,000","$693,000",427600,427600,430800,430800,430800,430800,,
1767,30 WEST ST,RESIDENTIAL,"$251,000","$251,000",185200,185200,185200,185200,185200,185200,,
1768,8 CHILD ST,RESIDENTIAL,"$632,400","$632,400",509400,509400,509400,509400,469100,469100,,
1769,36 WEST ST,RESIDENTIAL,"$469,400","$469,400",348300,348300,348300,348300,348300,348300,,
1770,38 WEST ST,RESIDENTIAL,"$306,600","$306,600",235100,235100,235200,235200,235200,235200,,
1771,40 WEST ST,RESIDENTIAL,"$584,600","$584,600",440000,440000,439900,439900,439900,439900,,
1772,14 CHILD ST,RESIDENTIAL,"$375,100","$375,100",285100,285100,285100,285100,285100,285100,,
1773,10 CHILD ST,RESIDENTIAL,"$522,200","$522,200",358700,358700,358600,358600,358600,358600,,
1774,4 CHILD ST,RESIDENTIAL,"$385,800","$385,800",264000,264000,263700,263700,263700,263700,,
1775,24 GRANITE ST,COMMERCIAL,"$475,900","$475,900",339900,339900,365500,365500,365500,365500,,
1776,18 GRANITE ST,RESIDENTIAL,"$459,100","$459,100",414900,414900,251800,251800,251800,251800,,
1777,5 CHILD ST,RESIDENTIAL,"$462,700","$462,700",331900,331900,331900,331900,335700,335700,,
1778,7 CHILD ST,RESIDENTIAL,"$421,200","$421,200",304400,304400,304400,304400,304400,304400,,
1779,9 CHILD ST,RESIDENTIAL,"$333,700","$333,700",248400,248400,248300,248300,245000,245000,,
1780,37 YOUNG ST,RESIDENTIAL,"$338,100","$338,100",239300,239300,239200,239200,239200,239200,,
1781,33 YOUNG ST,RESIDENTIAL,"$706,200","$706,200",490900,490900,496700,496700,496700,496700,,
1782,6 BLISS ST,RESIDENTIAL,"$337,000","$337,000",238100,238100,238100,238100,240900,240900,,
1783,5 BLISS ST,RESIDENTIAL,"$354,900","$354,900",271800,271800,271900,271900,271900,271900,,
1784,44 GUYER ST,RESIDENTIAL,"$343,100","$343,100",255200,255200,255200,255200,255200,255200,,
1785,42 GUYER ST,RESIDENTIAL,"$280,900","$280,900",210200,210200,210200,210200,210200,210200,,
1786,40 GUYER ST,RESIDENTIAL,"$398,600","$398,600",292600,292600,292600,292600,292600,292600,,
1787,38 GUYER ST,RESIDENTIAL,"$327,200","$327,200",228800,228800,228800,228800,228800,228800,,
1788,34 GUYER ST,RESIDENTIAL,"$375,700","$375,700",291600,291600,291600,291600,291600,291600,,
1789,30 GUYER ST,RESIDENTIAL,"$335,800","$335,800",244200,244200,244300,244300,244300,244300,,
1790,26 GUYER ST,RESIDENTIAL,"$454,600","$454,600",338000,338000,338000,338000,338000,338000,,
1791,24 GUYER ST,RESIDENTIAL,"$338,600","$338,600",252000,252000,252000,252000,252000,252000,,
1792,12 GRANITE ST,RESIDENTIAL,"$362,400","$362,400",268900,268900,268900,268900,268900,268900,,
1793,27 GUYER ST,RESIDENTIAL,"$550,700","$550,700",383200,383200,383200,383200,369400,369400,,
1794,31 GUYER ST,RESIDENTIAL,"$567,600","$567,600",304100,304100,304000,304000,304000,304000,,
1795,35 GUYER ST,RESIDENTIAL,"$523,500","$523,500",383100,383100,383100,383100,383100,383100,,
1796,39 GUYER ST,RESIDENTIAL,"$451,500","$451,500",351900,351900,351900,351900,351900,351900,,
1797,43 GUYER ST,RESIDENTIAL,"$321,800","$321,800",218800,218800,218700,218700,218700,218700,,
1798,7 WORTHEN ST,RESIDENTIAL,"$367,700","$367,700",272200,272200,272200,272200,272200,272200,,
1799,10 CAMERON AVE,,"$125,700","$125,700",102100,102100,102100,102100,102100,102100,,
1800,9 CAMERON AVE,RESIDENTIAL,"$412,300","$412,300",306100,306100,306000,306000,306000,306000,,
1801,7 CAMERON AVE,RESIDENTIAL,"$429,100","$429,100",320900,320900,320900,320900,307600,307600,,
1802,57 MASCOMA ST,RESIDENTIAL,"$308,400","$308,400",210700,210700,210700,210700,210700,210700,,
1803,55 MASCOMA ST,COMMERCIAL,"$602,200","$602,200",444300,444300,437000,437000,437000,437000,,
1804,51 MASCOMA ST,RESIDENTIAL,"$530,000","$530,000",369200,369200,369200,369200,369200,369200,,
1805,49 MASCOMA ST,RESIDENTIAL,"$462,200","$462,200",333400,333400,333400,333400,333400,333400,,
1806,47 MASCOMA ST,RESIDENTIAL,"$516,300","$516,300",332100,332100,332100,332100,332100,332100,,
1807,43 MASCOMA ST,RESIDENTIAL,"$522,000","$522,000",402800,402800,402800,402800,402800,402800,,
1808,6 GRANITE ST,RESIDENTIAL,"$309,300","$309,300",229500,229500,229500,229500,229500,229500,,
1809,8 GRANITE ST,RESIDENTIAL,"$439,200","$439,200",331300,331300,331200,331200,331200,331200,,
1810,10 GRANITE ST,RESIDENTIAL,"$425,500","$425,500",314600,314600,314600,314600,314600,314600,,
1811,9 GRANITE ST,RESIDENTIAL,"$367,300","$367,300",282600,282600,282600,282600,282600,282600,,
1812,5 GRANITE ST,RESIDENTIAL,"$462,200","$462,200",346700,346700,346700,346700,346700,346700,,
1813,39 MASCOMA ST,COMMERCIAL,"$548,400","$548,400",390000,390000,390100,390100,390100,390100,,
1814,37 MASCOMA ST,RESIDENTIAL,"$393,200","$393,200",308400,308400,308400,308400,308400,308400,,
1815,35 MASCOMA ST,RESIDENTIAL,"$440,200","$440,200",310700,310700,307100,307100,307100,307100,,
1816,7 GUYER ST,RESIDENTIAL,"$441,000","$441,000",334400,334400,334300,334300,334300,334300,,
1817,9 GUYER ST,RESIDENTIAL,"$386,800","$386,800",294200,294200,294200,294200,294200,294200,,
1818,13 GUYER ST,RESIDENTIAL,"$407,000","$407,000",300400,300400,300500,300500,300500,300500,,
1819,13 GRANITE ST,RESIDENTIAL,"$391,300","$391,300",295900,295900,295800,295800,295700,295700,,
1820,14 GUYER ST,RESIDENTIAL,"$357,400","$357,400",257800,257800,257700,257700,257700,257700,,
1821,12 GUYER ST,RESIDENTIAL,"$363,400","$363,400",274800,274800,274700,274700,274700,274700,,
1822,29 MASCOMA ST,COMMERCIAL,"$664,300","$664,300",608200,608200,608100,608100,671300,671300,,
1823,4 HIGH ST,RESIDENTIAL,"$475,200","$475,200",308000,308000,308000,308000,308000,308000,,
1824,8 HIGH ST,COMMERCIAL,"$491,500","$491,500",347500,347500,347400,347400,347400,347400,,
1825,12 HIGH ST,COMMERCIAL,"$682,700","$682,700",474000,474000,473900,473900,473900,473900,,
1826,14 HIGH ST,COMMERCIAL,"$407,700","$407,700",270200,270200,270200,270200,270200,270200,,
1827,16 HIGH ST,COMMERCIAL,"$1,417,100","$1,417,100",1025200,1025200,1025200,1025200,1025200,1025200,,
1828,18 HIGH ST,RESIDENTIAL,"$380,300","$380,300",289500,289500,289500,289500,285600,285600,,
1829,4 WEST ST,RESIDENTIAL,"$385,000","$385,000",300400,300400,300400,300400,300400,300400,,
1830,06 1/2 BENNETT CT,RESIDENTIAL,"$292,600","$292,600",224200,224200,224200,224200,224200,224200,,
1831,6 BENNETT CT,RESIDENTIAL,"$371,300","$371,300",221200,221200,221200,221200,221200,221200,,
1832,6 WEST ST,RESIDENTIAL,"$387,600","$387,600",280400,280400,280400,280400,280400,280400,,
1833,10 WEST ST 1,,"$200,900","$200,900",133400,133400,133400,133400,133400,133400,,
1834,10 WEST ST 2,,"$176,100","$176,100",116700,116700,116700,116700,116700,116700,,
1835,10 WEST ST 3,,"$170,700","$170,700",113400,113400,113400,113400,113400,113400,,
1836,10 WEST ST 4,,"$175,000","$175,000",116200,116200,116200,116200,115900,115900,,
1837,12 WEST ST,RESIDENTIAL,"$285,300","$285,300",207000,207000,206900,206900,206900,206900,,
1838,24 JORDAN CT,RESIDENTIAL,"$368,300","$368,300",281200,281200,281200,281200,280300,280300,,
1839,10 JORDAN CT,RESIDENTIAL,"$378,000","$378,000",299200,299200,299100,299100,299100,299100,,
1840,7 JORDAN CT,RESIDENTIAL,"$305,900","$305,900",228800,228800,228700,228700,228700,228700,,
1841,4 JORDAN CT,RESIDENTIAL,"$441,000","$441,000",293600,293600,293600,293600,293600,293600,,
1842,16 WEST ST,RESIDENTIAL,"$333,400","$333,400",248800,248800,248700,248700,248700,248700,,
1843,17 WEST ST,RESIDENTIAL,"$326,000","$326,000",249800,249800,249800,249800,249800,249800,,
1844,15 WEST ST,COMMERCIAL,"$449,600","$449,600",317200,317200,317200,317200,317200,317200,,
1845,9 WEST ST,RESIDENTIAL,"$323,800","$323,800",237500,237500,237500,237500,237500,237500,,
1846,5 WEST ST,RESIDENTIAL,"$388,600","$388,600",297900,297900,297900,297900,297900,297900,,
1847,3 WEST ST,RESIDENTIAL,"$360,900","$360,900",277300,277300,277300,277300,277300,277300,,
1848,1 WEST ST,RESIDENTIAL,"$307,500","$307,500",230500,230500,230500,230500,230500,230500,,
1849,24 HIGH ST,,"$231,100","$231,100",188100,188100,188100,188100,188100,188100,,
1850,4 LIGHT ST,,"$139,300","$139,300",106400,106400,106400,106400,106400,106400,,
1851,6 LIGHT ST,RESIDENTIAL,"$375,000","$375,000",276200,276200,276200,276200,276200,276200,,
1852,8 LIGHT ST,RESIDENTIAL,"$412,900","$412,900",314800,314800,314800,314800,314800,314800,,
1853,10 LIGHT ST,RESIDENTIAL,"$86,800","$86,800",68800,68800,102300,102300,102300,102300,,
1854,31 GRANITE ST,RESIDENTIAL,"$349,000","$349,000",270700,270700,270800,270800,277100,277100,,
1855,33 GRANITE ST,RESIDENTIAL,"$293,000","$293,000",192400,192400,192500,192500,192500,192500,,
1856,11 LIGHT ST,RESIDENTIAL,"$360,400","$360,400",277300,277300,277300,277300,277300,277300,,
1857,7 LIGHT ST,RESIDENTIAL,"$401,100","$401,100",267800,267800,267700,267700,267900,267900,,
1858,5 LIGHT ST,RESIDENTIAL,"$414,200","$414,200",343300,343300,343300,343300,343300,343300,,
1859,38 HIGH ST,COMMERCIAL,"$565,100","$565,100",358000,358000,358000,358000,358000,358000,,
1860,2 FAIRVIEW AVE,COMMERCIAL,"$501,800","$501,800",321000,321000,321000,321000,321000,321000,,
1861,6 FAIRVIEW AVE,RESIDENTIAL,"$468,900","$468,900",335500,335500,335600,335600,335600,335600,,
1862,14 FAIRVIEW AVE,RESIDENTIAL,"$480,900","$480,900",363800,363800,363800,363800,363800,363800,,
1863,18 FAIRVIEW AVE,RESIDENTIAL,"$471,500","$471,500",330600,330600,330500,330500,330500,330500,,
1864,22 FAIRVIEW AVE,RESIDENTIAL,"$404,800","$404,800",291600,291600,291500,291500,291500,291500,,
1865,21 FAIRVIEW AVE,RESIDENTIAL,"$447,200","$447,200",309400,309400,309400,309400,309400,309400,,
1866,19 FAIRVIEW AVE,RESIDENTIAL,"$432,400","$432,400",331300,331300,331200,331200,331200,331200,,
1867,17 FAIRVIEW AVE,RESIDENTIAL,"$444,400","$444,400",299000,299000,299000,299000,299000,299000,,
1868,13 FAIRVIEW AVE,RESIDENTIAL,"$419,500","$419,500",317900,317900,317900,317900,317900,317900,,
1869,7 FAIRVIEW AVE,RESIDENTIAL,"$712,300","$712,300",531200,531200,531300,531300,531300,531300,,
1870,2 HOUGH ST,COMMERCIAL,"$3,510,600","$3,510,600",2744600,2744600,2744600,2744600,2744600,2744600,,
1871,4 HOUGH ST,RESIDENTIAL,"$489,600","$489,600",351500,351500,351400,351400,347600,347600,,
1872,8 HOUGH ST,RESIDENTIAL,"$354,200","$354,200",242200,242200,242200,242200,242200,242200,,
1873,12 HOUGH ST,RESIDENTIAL,"$477,500","$477,500",380200,380200,380300,380300,374400,374400,,
1874,14 HOUGH ST,RESIDENTIAL,"$464,000","$464,000",330300,330300,330300,330300,330300,330300,,
1875,16 HOUGH ST,RESIDENTIAL,"$507,200","$507,200",370400,370400,370400,370400,370400,370400,,
1876,19 HOUGH ST,RESIDENTIAL,"$418,400","$418,400",300200,300200,300200,300200,300200,300200,,
1877,17 HOUGH ST,RESIDENTIAL,"$463,900","$463,900",330300,330300,330300,330300,330300,330300,,
1878,13 HOUGH ST,RESIDENTIAL,"$520,400","$520,400",371000,371000,371000,371000,376500,376500,,
1879,11 HOUGH ST,RESIDENTIAL,"$412,700","$412,700",328900,328900,328900,328900,328900,328900,,
1880,9 HOUGH ST,RESIDENTIAL,"$411,600","$411,600",292900,292900,292900,292900,292900,292900,,
1881,07-1/2 HOUGH ST,RESIDENTIAL,"$463,500","$463,500",313200,313200,313200,313200,313200,313200,,
1882,7 HOUGH ST,RESIDENTIAL,"$455,500","$455,500",308400,308400,308400,308400,308400,308400,,
1883,5 HOUGH ST,RESIDENTIAL,"$483,700","$483,700",331800,331800,331800,331800,331800,331800,,
1884,3 HOUGH ST,RESIDENTIAL,"$569,300","$569,300",370300,370300,370300,370300,370300,370300,,
1885,1 HOUGH ST,RESIDENTIAL,"$561,200","$561,200",404000,404000,404000,404000,404000,404000,,
1886,60 HANOVER ST,COMMERCIAL,"$751,000","$751,000",664900,664900,664900,664900,664900,664900,,
1887,62 HANOVER ST,COMMERCIAL,"$581,900","$581,900",403300,403300,403300,403300,403300,403300,,
1888,66 HANOVER ST,,"$166,000","$166,000",111100,111100,111100,111100,111100,111100,,
1889,70 HANOVER ST,COMMERCIAL,"$491,700","$491,700",426400,426400,426400,426400,426400,426400,,
1890,72 HANOVER ST,RESIDENTIAL,"$487,700","$487,700",334700,334700,334700,334700,334700,334700,,
1891,74 HANOVER ST,RESIDENTIAL,"$381,300","$381,300",268900,268900,268900,268900,268900,268900,,
1892,76 HANOVER ST,COMMERCIAL,"$581,500","$581,500",397300,397300,397200,397200,397200,397200,,
1893,12 ELDRIDGE ST,RESIDENTIAL,"$514,100","$514,100",333300,333300,333300,333300,333300,333300,,
1894,14 ELDRIDGE ST,RESIDENTIAL,"$323,800","$323,800",244000,244000,244000,244000,244000,244000,,
1895,16 ELDRIDGE ST,RESIDENTIAL,"$389,200","$389,200",267600,267600,267600,267600,267600,267600,,
1896,18 ELDRIDGE ST,RESIDENTIAL,"$351,200","$351,200",244200,244200,244200,244200,244200,244200,,
1897,22 ELDRIDGE ST,COMMERCIAL,"$439,100","$439,100",334600,334600,334600,334600,334600,334600,,
1898,24 ELDRIDGE ST,RESIDENTIAL,"$482,500","$482,500",320900,320900,320900,320900,320900,320900,,
1899,26 ELDRIDGE ST,RESIDENTIAL,"$288,200","$288,200",213400,213400,213400,213400,210300,210300,,
1900,28 ELDRIDGE ST,RESIDENTIAL,"$349,900","$349,900",265700,265700,270400,270400,270400,270400,,
1901,32 ELDRIDGE ST,RESIDENTIAL,"$313,000","$313,000",229000,229000,229000,229000,221600,221600,,
1902,84 HANOVER ST,COMMERCIAL,"$887,800","$887,800",821600,821600,821600,821600,821600,821600,,
1903,87 HANOVER ST,INDUSTRIAL,"$1,648,014","$1,648,015",1382600,1382600,1382600,1382600,1382600,1382600,,
1904,79 HANOVER ST,COMMERCIAL,"$942,600","$942,600",841400,841400,841300,841300,841300,841300,,
1905,75 HANOVER ST,RESIDENTIAL,"$497,500","$497,500",378300,378300,378500,378500,378500,378500,,
1906,71 HANOVER ST,RESIDENTIAL,"$495,700","$495,700",472700,472700,472600,472600,472600,472600,,
1907,67 HANOVER ST,,"$56,300","$56,300",46600,46600,46600,46600,46600,46600,,
1908,69 HANOVER ST,COMMERCIAL,"$291,567","$291,565",261300,261300,261300,261300,261300,261300,,
1909,65 HANOVER ST,COMMERCIAL,"$1,419,300","$1,419,300",998200,998200,998200,998200,998000,702000,,
1910,63 HANOVER ST,COMMERCIAL,"$355,980","$355,980",304700,304700,304700,304700,304700,304700,,
1911,59 HANOVER ST,COMMERCIAL,"$741,817","$741,815",649200,649200,637900,637900,637900,637900,,
1912,57 HANOVER ST,COMMERCIAL,"$303,091","$303,090",264500,264500,264500,264500,264500,264500,,
1913,55 HANOVER ST,COMMERCIAL,"$195,176","$195,175",167400,167400,167400,167400,167400,167400,,
1914,9 HIGH ST,COMMERCIAL,"$2,863,400","$2,863,400",2319200,2319200,2319200,2319200,2319200,2319200,,
1915,0 HANOVER ST,,"$8,500","$8,500",7100,7100,7100,7100,7100,7100,,
1916,5 HIGH ST,COMMERCIAL,"$426,600","$426,600",375500,375500,375500,375500,375500,375500,,
1917,1 HIGH ST,COMMERCIAL,"$247,700","$247,700",212000,212000,212000,212000,212000,212000,,
1918,17 MASCOMA ST,COMMERCIAL,"$414,900","$414,900",357500,357500,357500,357500,357500,357500,,
1919,0 HANOVER ST,,"$2,800","$2,800",2300,2300,2300,2300,2300,2300,,
1920,0 HANOVER ST,,"$1,950,600","$1,950,600",1452600,1452600,1452600,1452600,1452600,1452600,,
1921,20 W PARK ST,COMMERCIAL,"$1,534,200","$1,534,200",1556100,1556100,1556100,1556100,1556100,1556100,,
1922,2 W PARK ST,COMMERCIAL,"$1,491,900","$1,491,900",1438900,1438900,1438900,1438900,1438900,1438900,,
1923,20-22 HANOVER ST,COMMERCIAL,"$828,700","$828,700",746000,746000,746000,746000,746000,746000,,
1924,24 HANOVER ST,COMMERCIAL,"$1,060,800","$1,060,800",964700,964700,964600,964600,964600,964600,,
1925,0 HANOVER ST,,"$475,900","$475,900",355700,355700,355600,355600,355600,355600,,
1926,45 HANOVER ST,COMMERCIAL,"$2,119,400","$2,119,400",1142100,1142100,875900,875900,875900,875900,,
1928,31 HANOVER ST,COMMERCIAL,"$738,500","$738,500",678100,678100,678100,678100,678100,678100,,
1929,15 HANOVER ST,COMMERCIAL,"$1,957,900","$1,957,900",1555500,1555500,1555500,1555500,1555500,1555500,,
1930,9 HANOVER ST,COMMERCIAL,"$1,089,000","$1,089,000",1016000,1016000,1016000,1016000,1016000,1016000,,
1931,1 COURT ST,COMMERCIAL,"$3,919,600","$3,919,600",3740400,3740400,3740400,3740400,3740400,3740400,,
1932,0 FLYNN ST,,"$610,100","$610,100",371400,371400,361900,361900,350600,350600,,
1933,51 N PARK ST,COMMERCIAL,"$5,764,300","$5,764,300",4245500,4245500,4181000,4181000,3215200,3215200,,
1934,67 N PARK ST,COMMERCIAL,"$2,467,200","$2,467,200",2202700,2202700,2202700,2202700,2202700,2202700,,
1935,55 N PARK ST,COMMERCIAL,"$910,700","$910,700",736700,736700,736700,736700,736700,736700,,
1936,10 S PARK ST,COMMERCIAL,"$1,764,600","$1,764,600",1396700,1396700,1396900,1396900,1396900,1396900,,
1938,14 CHURCH ST,RESIDENTIAL,"$582,500","$582,500",443200,443200,443200,443200,327600,327600,,
1939,12 S PARK ST,INDUSTRIAL,"$481,200","$481,200",1499200,1499200,1499000,1499000,1514900,1514900,,
1940,2 MASCOMA ST,COMMERCIAL,"$2,273,900","$2,273,900",2085800,2085800,2085800,2085800,2052800,2052800,,
1941,0 WATER ST,,"$254,091","$254,091",199600,199600,199600,199600,199600,199600,,
1942,21 WATER ST,COMMERCIAL,"$424,900","$424,900",377800,377800,377800,377800,305800,305800,,
1943,12 WATER ST,INDUSTRIAL,"$1,545,886","$1,545,886",1205900,1205900,1205900,1205900,1205900,1205900,,
1944,10 WATER ST,INDUSTRIAL,"$2,316,760","$2,316,760",2106500,2106500,2106500,2106500,2106500,2106500,,
1945,18 MASCOMA ST,COMMERCIAL,"$225,700","$225,700",199500,199500,199500,199500,199500,199500,,
1946,18 1/2 MASCOMA ST,COMMERCIAL,"$283,200","$283,200",244400,244400,244400,244400,321100,321100,,
1947,0 FOUNDRY ST,,"$42,700","$42,700",28600,28600,28600,28600,28600,28600,,
1948,1 FOUNDRY ST,INDUSTRIAL,"$1,177,900","$1,177,900",1028300,1028300,971800,971800,1249300,1249300,,
1949,1 MECHANIC ST,COMMERCIAL,"$1,517,300","$285,900",285900,285900,285900,285900,610000,333100,,
1950,5 MECHANIC ST,RESIDENTIAL,"$472,300","$472,300",251800,251800,251800,251800,251800,251800,,
1951,9 MECHANIC ST,COMMERCIAL,"$524,600","$524,600",294000,294000,294000,294000,294000,294000,,
1953,39 MECHANIC ST,COMMERCIAL,"$477,400","$477,400",427700,427700,427600,427600,427600,427600,,
1954,50 MECHANIC ST,COMMERCIAL,"$692,400","$692,400",493400,493400,493400,493400,493400,493400,,
1955,48 MECHANIC ST,RESIDENTIAL,"$414,500","$414,500",314500,314500,314500,314500,314500,314500,,
1956,44 MECHANIC ST,RESIDENTIAL,"$326,700","$326,700",235700,235700,235700,235700,245400,245400,,
1957,42 MECHANIC ST,RESIDENTIAL,"$226,700","$226,700",172500,172500,172700,172700,172700,172700,,
1958,40 MECHANIC ST,RESIDENTIAL,"$342,900","$342,900",242200,242200,242200,242200,242200,242200,,
1959,36 MECHANIC ST,RESIDENTIAL,"$292,100","$292,100",221000,221000,221000,221000,221000,221000,,
1960,34 MECHANIC ST,RESIDENTIAL,"$285,300","$285,300",218300,218300,218300,218300,218300,218300,,
1961,32 MECHANIC ST,RESIDENTIAL,"$290,800","$290,800",214300,214300,214300,214300,214300,214300,,
1962,26 MECHANIC ST,RESIDENTIAL,"$401,100","$401,100",302900,302900,302900,302900,302900,302900,,
1963,30 MECHANIC ST,RESIDENTIAL,"$218,700","$218,700",163100,163100,163100,163100,163100,163100,,
1964,20 MECHANIC ST,COMMERCIAL,"$480,000","$480,000",328400,328400,328400,328400,328400,328400,,
1965,6 MECHANIC ST,COMMERCIAL,"$330,400","$330,400",292100,292100,292100,292100,292100,292100,,
1966,40 MASCOMA ST,RESIDENTIAL,"$420,200","$420,200",313500,313500,307700,307700,303300,303300,,
1967,46 MASCOMA ST,RESIDENTIAL,"$548,600","$548,600",397900,397900,397900,397900,397900,397900,,
1968,50 MASCOMA ST,RESIDENTIAL,"$398,000","$398,000",307900,307900,307900,307900,307900,307900,,
1969,54 MASCOMA ST,RESIDENTIAL,"$366,000","$366,000",279600,279600,279600,279600,279600,279600,,
1970,56 MASCOMA ST,RESIDENTIAL,"$388,500","$388,500",308300,308300,308300,308300,308300,308300,,
1971,62 MASCOMA ST,RESIDENTIAL,"$490,200","$490,200",346100,346100,346000,346000,346000,346000,,
1972,66 MASCOMA ST,RESIDENTIAL,"$436,000","$436,000",330500,330500,330500,330500,330500,330500,,
1973,0 SCHOOL ST,,"$973,900","$973,900",791800,791800,791800,791800,791800,791800,,
1974,22 SCHOOL ST,COMMERCIAL,"$901,600","$901,600",773500,773500,773600,773600,773600,773600,,
1975,18 SCHOOL ST,COMMERCIAL,"$2,417,400","$2,417,400",2081500,2081500,2081500,2081500,2081500,2081500,,
1976,14 SCHOOL ST,RESIDENTIAL,"$872,000","$872,000",668000,668000,636700,636700,636700,636700,,
1977,10 SCHOOL ST,RESIDENTIAL,"$514,900","$514,900",329900,329900,330000,330000,330000,330000,,
1978,8 SCHOOL ST,COMMERCIAL,"$621,600","$621,600",476300,476300,476300,476300,476300,476300,,
1979,2 S PARK ST,COMMERCIAL,"$801,900","$801,900",731100,731100,731000,731000,731000,731000,,
1980,4 S PARK ST,COMMERCIAL,"$1,340,100","$675,800",992200,675800,992200,675800,992200,675800,,
1981,6 S PARK ST,COMMERCIAL,"$926,300","$926,300",827600,827600,827700,827700,827700,827700,,
1982,8 S PARK ST,COMMERCIAL,"$1,099,600","$1,099,600",948600,948600,948500,948500,932900,932900,,
1983,0 N PARK ST,,"$1,071,200","$1,071,200",880600,880600,880600,880600,880600,880600,,
1984,39 N PARK ST,COMMERCIAL,"$3,063,500","$3,063,500",2624900,2624900,2624500,2624500,2624500,2624500,,
1985,31 N PARK ST,COMMERCIAL,"$585,100","$585,100",473900,473900,473900,473900,473900,473900,,
1986,1 N PARK ST,COMMERCIAL,"$498,200","$498,200",420800,420800,420700,420700,420700,420700,,
1987,2 CAMPBELL ST,COMMERCIAL,"$855,000","$855,000",697300,697300,697200,697200,697200,697200,,
1990,15 FLYNN ST,COMMERCIAL,"$533,800","$533,800",357800,357800,307800,307800,307800,307800,,
1991,11 FLYNN ST,RESIDENTIAL,"$272,600","$272,600",198000,198000,198000,198000,198000,198000,,
1992,13 FLYNN ST,RESIDENTIAL,"$401,000","$401,000",244200,244200,180300,180300,180300,180300,,
1993,0 CAMPBELL ST,,"$258,200","$258,200",201900,201900,201900,201900,201900,201900,,
1994,10-12 CAMPBELL ST,COMMERCIAL,"$1,938,000","$1,938,000",1616000,1616000,1572000,1572000,1572000,1572000,,
1995,1 TAYLOR ST,COMMERCIAL,"$6,536,192","$6,536,192",4643900,4643900,4643900,4643900,4643900,4643900,,
1996,5 SPENCER ST,COMMERCIAL,"$689,700","$689,700",468800,468800,456500,456500,456500,456500,,
1997,15 SPENCER ST,RESIDENTIAL,"$210,308","$210,308",155800,155800,155800,155800,160500,160500,,
1998,17 SPENCER ST,,"$449,538","$449,538",359700,359700,358700,358700,358700,358700,,
1999,20 SPENCER ST,,"$852,700","$852,700",704500,704500,704500,704500,704500,704500,,
2001,10 SPENCER ST,COMMERCIAL,"$651,288","$527,100",527100,527100,527100,527100,527100,527100,,
2002,4 SPENCER ST,COMMERCIAL,"$323,368","$323,368",221290,221290,198422,198422,217101,217101,,
2003,2 SPENCER ST,COMMERCIAL,"$1,087,214","$1,087,214",760233,760233,799974,799974,814415,814415,,
2004,19 PARKHURST ST,RESIDENTIAL,"$575,600","$575,600",379600,379600,379600,379600,379600,379600,,
2005,23 PARKHURST ST,COMMERCIAL,"$723,800","$723,800",455000,455000,447400,447400,447400,447400,,
2006,27 PARKHURST ST,COMMERCIAL,"$536,000","$536,000",366900,366900,367100,367100,367100,367100,,
2007,29 PARKHURST ST,RESIDENTIAL,"$452,700","$452,700",344000,344000,344000,344000,344000,344000,,
2008,33 PARKHURST ST,RESIDENTIAL,"$477,600","$477,600",310100,310100,261500,261500,260300,260300,,
2009,35 PARKHURST ST,RESIDENTIAL,"$466,600","$466,600",305500,305500,305500,305500,305500,305500,,
2010,37 PARKHURST ST,RESIDENTIAL,"$598,700","$598,700",396100,396100,396100,396100,396100,396100,,
2011,9 ALLEN ST,RESIDENTIAL,"$511,900","$511,900",484100,484100,426700,426700,426700,426700,,
2012,5 ALLEN ST,RESIDENTIAL,"$512,700","$512,700",389600,389600,389600,389600,389600,389600,,
2013,3 ALLEN ST,RESIDENTIAL,"$489,500","$489,500",354900,354900,354900,354900,354900,354900,,
2014,4 ALLEN ST,RESIDENTIAL,"$541,800","$541,800",413200,413200,413100,413100,413100,413100,,
2015,6 ALLEN ST,RESIDENTIAL,"$577,400","$577,400",436700,436700,436700,436700,436700,436700,,
2016,32 PARKHURST ST,RESIDENTIAL,"$582,500","$582,500",447100,447100,447100,447100,447100,447100,,
2017,28 PARKHURST ST,RESIDENTIAL,"$503,100","$503,100",380800,380800,361800,361800,361800,361800,,
2018,26 PARKHURST ST,RESIDENTIAL,"$458,500","$458,500",300100,300100,300100,300100,300100,300100,,
2019,24 PARKHURST ST,RESIDENTIAL,"$339,300","$339,300",232600,232600,232600,232600,232600,232600,,
2020,22 PARKHURST ST,RESIDENTIAL,"$324,700","$324,700",237200,237200,235600,235600,235600,235600,,
2021,1 ELM ST,RESIDENTIAL,"$367,400","$367,400",247300,247300,254300,254300,254300,254300,,
2022,3 ELM ST,RESIDENTIAL,"$430,300","$430,300",330500,330500,330500,330500,330500,330500,,
2023,5 ELM ST,RESIDENTIAL,"$532,300","$532,300",402700,402700,402700,402700,402700,402700,,
2024,20 PARKHURST ST,RESIDENTIAL,"$447,800","$447,800",347300,347300,347300,347300,347300,347300,,
2025,16 PARKHURST ST,RESIDENTIAL,"$475,300","$475,300",354500,354500,354500,354500,354500,354500,,
2026,14 PARKHURST ST,COMMERCIAL,"$1,173,800","$1,173,800",723700,723700,723700,723700,723700,723700,,
2027,10 PARKHURST ST,COMMERCIAL,"$1,290,600","$1,290,600",756511,756500,756511,756500,812900,812900,,
2028,1 CAMPBELL ST,COMMERCIAL,"$1,107,700","$1,107,700",881900,881900,882000,882000,882000,882000,,
2029,3 CAMPBELL ST,RESIDENTIAL,"$1,285,700","$1,285,700",914500,914500,914400,914400,914400,914400,,
2030,1 BANK ST,RESIDENTIAL,"$1,322,800","$1,322,800",1002500,1002500,1002600,1002600,1002600,1002600,,
2031,11 BANK ST,COMMERCIAL,"$2,554,050","$749,190",319930,319927,319930,319927,319930,319927,,
2032,7 BANK ST,COMMERCIAL,"$442,400","$442,400",348900,348900,267200,267200,346300,346300,,
2034,21 BANK ST,COMMERCIAL,"$838,900","$838,900",698700,698700,684500,684500,684500,684500,,
2035,23 BANK ST,COMMERCIAL,"$764,100","$764,100",693900,693900,693800,693800,693800,693800,,
2036,27 BANK ST,COMMERCIAL,"$609,900","$609,900",544000,544000,543900,543900,543900,543900,,
2037,31 BANK ST,RESIDENTIAL,"$941,700","$941,700",531800,531800,526200,526200,526200,526200,,
2038,33 BANK ST,COMMERCIAL,"$585,000","$585,000",332400,332400,327100,327100,327000,327000,,
2039,37 BANK ST,COMMERCIAL,"$463,100","$463,100",401400,401400,401400,401400,464800,464800,,
2040,41 BANK ST,RESIDENTIAL,"$600,800","$600,800",337400,337400,337400,337400,337400,337400,,
2041,43 BANK ST,RESIDENTIAL,"$709,700","$709,700",448100,448100,448100,448100,448100,448100,,
2042,75 BANK ST,COMMERCIAL,"$4,921,041","$4,921,040",3468100,3468100,3471600,3471600,3471600,3471600,,
2043,77 BANK ST,COMMERCIAL,"$718,400","$718,400",639300,639300,613200,613200,613200,613200,,
2044,79 BANK ST,RESIDENTIAL,"$448,900","$448,900",280500,280500,280600,280600,280600,280600,,
2045,81 BANK ST,RESIDENTIAL,"$620,300","$620,300",350200,350200,350200,350200,350200,350200,,
2046,85 BANK ST,COMMERCIAL,"$506,600","$506,600",319200,319200,319200,319200,319200,319200,,
2047,87 BANK ST,RESIDENTIAL,"$560,900","$560,900",387000,387000,335400,335400,335400,335400,,
2048,93 BANK ST,RESIDENTIAL,"$673,900","$673,900",448900,448900,449000,449000,449000,449000,,
2049,99 BANK ST,RESIDENTIAL,"$350,700","$350,700",196100,196100,196100,196100,196100,196100,,
2050,103 BANK ST,COMMERCIAL,"$507,900","$507,900",284300,284300,284300,284300,284300,284300,,
2051,105 BANK ST,COMMERCIAL,"$293,900","$293,900",184100,184100,184100,184100,184100,184100,,
2052,102 BANK ST,RESIDENTIAL,"$611,751","$611,751",461000,461000,461000,461000,461000,461000,,
2053,98 BANK ST,RESIDENTIAL,"$1,007,927","$1,007,927",742100,742100,742100,742100,909900,909900,,
2054,94 BANK ST,RESIDENTIAL,"$1,059,115","$1,059,115",794500,794500,794500,794500,794500,794500,,
2055,90 BANK ST,RESIDENTIAL,"$757,200","$757,200",575300,575300,575400,575400,575400,575400,,
2056,86 BANK ST,RESIDENTIAL,"$546,300","$546,300",409700,409700,409700,409700,406500,406500,,
2057,3 FOREST AVE,RESIDENTIAL,"$472,000","$472,000",356300,356300,356200,356200,356200,356200,,
2058,7 FOREST AVE,RESIDENTIAL,"$430,892","$430,892",328500,328500,328500,328500,328500,328500,,
2059,9 FOREST AVE,RESIDENTIAL,"$370,800","$370,800",256500,256500,256500,256500,256500,256500,,
2060,15 FOREST AVE,RESIDENTIAL,"$653,200","$653,200",487000,487000,486900,486900,486900,486900,,
2061,17 FOREST AVE,RESIDENTIAL,"$414,073","$414,073",302900,302900,302900,302900,302900,302900,,
2062,41 FOREST AVE,RESIDENTIAL,"$390,500","$390,500",295500,295500,306900,306900,306900,306900,,
2063,45 FOREST AVE,RESIDENTIAL,"$365,000","$365,000",299500,299500,300900,300900,300900,300900,,
2064,46 FOREST AVE,RESIDENTIAL,"$368,500","$368,500",260600,260600,260600,260600,260600,260600,,
2065,44 FOREST AVE,RESIDENTIAL,"$406,200","$406,200",286800,286800,286800,286800,286800,286800,,
2066,18 FOREST AVE,RESIDENTIAL,"$437,300","$437,300",60400,60400,60500,60500,60500,60500,,
2067,0 FOREST AVE,,"$34,000","$34,000",28500,28500,28500,28500,28500,28500,,
2068,3 FOREST AVE,,"$13,300","$13,300",11300,11300,11300,11300,11300,11300,,
2069,78 BANK ST,RESIDENTIAL,"$537,600","$537,600",332300,332300,477000,477000,477000,477000,,
2070,72 BANK ST,COMMERCIAL,"$545,900","$545,900",392400,392400,392400,392400,392400,392400,,
2071,68 BANK ST,RESIDENTIAL,"$593,530","$593,530",373200,373200,373200,373200,373200,373200,,
2072,64 BANK ST,RESIDENTIAL,"$1,013,500","$1,013,500",665200,665200,665200,665200,665300,665300,,
2073,60 BANK ST,COMMERCIAL,"$749,000","$749,000",528100,528100,526600,526600,526600,526600,,
2074,56 BANK ST,COMMERCIAL,"$708,000","$708,000",567200,567200,568600,568600,568600,568600,,
2075,54 BANK ST,COMMERCIAL,"$530,600","$530,600",468400,468400,468500,468500,468500,468500,,
2076,50 BANK ST,RESIDENTIAL,"$719,000","$719,000",501200,501200,501200,501200,501200,501200,,
2077,48 BANK ST,RESIDENTIAL,"$1,017,800","$1,017,800",789100,789100,789000,789000,778300,778300,,
2078,44 BANK ST,RESIDENTIAL,"$813,500","$813,500",521500,521500,521400,521400,521400,521400,,
2079,38 BANK ST,COMMERCIAL,"$610,700","$610,700",546200,546200,546300,546300,546300,546300,,
2080,34 BANK ST,COMMERCIAL,"$504,300","$504,300",422100,422100,422000,422000,468800,468800,,
2081,36 BANK ST,RESIDENTIAL,"$489,800","$489,800",370800,370800,396600,396600,396600,396600,,
2082,32 BANK ST,RESIDENTIAL,"$589,400","$589,400",354900,354900,354900,354900,354900,354900,,
2083,30 BANK ST,COMMERCIAL,"$644,300","$644,300",573700,573700,573800,573800,573800,573800,,
2084,26 BANK ST,COMMERCIAL,"$799,000","$799,000",716200,716200,716300,716300,716300,716300,,
2085,20 BANK ST,COMMERCIAL,"$762,300","$762,300",666400,666400,666500,666500,666500,666500,,
2086,18 BANK ST,COMMERCIAL,"$707,500","$707,500",606600,606600,606700,606700,606700,606700,,
2087,14 BANK ST,RESIDENTIAL,"$1,201,600","$1,201,600",931800,931800,931800,931800,392500,392500,,
2089,9 E PARK ST,COMMERCIAL,"$2,054,800","$2,054,800",1845300,1845300,1845000,1845000,1845000,1845000,,
2090,11 E PARK ST,COMMERCIAL,"$1,059,600","$1,059,600",839000,839000,839100,839100,839100,839100,,
2091,1 SCHOOL ST,COMMERCIAL,"$725,900","$725,900",650300,650300,650200,650200,650200,650200,,
2092,3 SCHOOL ST,COMMERCIAL,"$455,700","$455,700",347800,347800,347800,347800,347800,347800,,
2093,4 GREEN ST,RESIDENTIAL,"$408,300","$408,300",270200,270200,270100,270100,270100,270100,,
2094,12 GREEN ST,RESIDENTIAL,"$1,275,200","$1,275,200",926800,926800,926700,926700,529300,529300,,
2095,14 GREEN ST,RESIDENTIAL,"$568,300","$568,300",361300,361300,361300,361300,361300,361300,,
2096,16 GREEN ST,COMMERCIAL,"$517,700","$517,700",431000,431000,431100,431100,431100,431100,,
2097,18 GREEN ST,RESIDENTIAL,"$419,500","$419,500",285000,285000,285100,285100,285100,285100,,
2098,20 GREEN ST,RESIDENTIAL,"$494,900","$494,900",393300,393300,393300,393300,393300,393300,,
2099,22 GREEN ST,COMMERCIAL,"$433,700","$433,700",287600,287600,287600,287600,287600,287600,,
2100,20 ELM ST,RESIDENTIAL,"$663,700","$663,700",440400,440400,440300,440300,440300,440300,,
2101,23 ELM ST,RESIDENTIAL,"$427,800","$427,800",318800,318800,318800,318800,318800,318800,,
2102,21 ELM ST,RESIDENTIAL,"$375,200","$375,200",286000,286000,286000,286000,286000,286000,,
2103,24 GREEN ST,RESIDENTIAL,"$627,100","$627,100",389200,389200,389200,389200,389200,389200,,
2104,28 GREEN ST,RESIDENTIAL,"$638,700","$638,700",478100,478100,478000,478000,478000,478000,,
2105,38 GREEN ST,COMMERCIAL,"$779,900","$779,900",607500,607500,607700,607700,607700,607700,,
2106,42 GREEN ST,RESIDENTIAL,"$516,500","$516,500",337600,337600,337500,337500,337500,337500,,
2107,46 GREEN ST,RESIDENTIAL,"$446,000","$446,000",332700,332700,332600,332600,332600,332600,,
2108,52 GREEN ST,RESIDENTIAL,"$482,400","$482,400",362600,362600,362600,362600,362600,362600,,
2109,10 SHAW ST,RESIDENTIAL,"$476,000","$476,000",342600,342600,342600,342600,342600,342600,,
2110,8 SHAW ST,RESIDENTIAL,"$446,000","$446,000",322000,322000,322100,322100,322100,322100,,
2111,5 SHAW ST,RESIDENTIAL,"$485,900","$485,900",374700,374700,374700,374700,374700,374700,,
2112,7 SHAW ST,RESIDENTIAL,"$541,400","$541,400",403000,403000,403000,403000,403000,403000,,
2113,9 SHAW ST,RESIDENTIAL,"$530,200","$530,200",399800,399800,403700,403700,403700,403700,,
2114,11 SHAW ST,RESIDENTIAL,"$449,100","$449,100",332500,332500,332400,332400,332400,332400,,
2115,13 SHAW ST,RESIDENTIAL,"$463,300","$463,300",349600,349600,349700,349700,349700,349700,,
2116,15 SHAW ST,RESIDENTIAL,"$608,300","$608,300",440100,440100,440100,440100,440100,440100,,
2117,17 SHAW ST,RESIDENTIAL,"$679,800","$679,800",506500,506500,331700,331700,331700,331700,,
2118,19 SHAW ST,RESIDENTIAL,"$630,000","$630,000",472900,472900,472800,472800,472800,472800,,
2119,21 SHAW ST,RESIDENTIAL,"$664,500","$664,500",475400,475400,475400,475400,475400,475400,,
2120,27 SHAW ST,COMMERCIAL,"$646,700","$646,700",431700,431700,431800,431800,431800,431800,,
2121,29 SHAW ST,RESIDENTIAL,"$547,500","$547,500",418100,418100,418000,418000,418000,418000,,
2122,0 SHAW ST,,"$86,700","$86,700",70600,70600,70600,70600,70600,70600,,
2123,74 FOREST AVE,RESIDENTIAL,"$370,100","$370,100",278600,278600,278700,278700,278700,278700,,
2124,36 KIMBALL ST,RESIDENTIAL,"$380,400","$380,400",274200,274200,274200,274200,274200,274200,,
2125,34 KIMBALL ST,RESIDENTIAL,"$430,000","$430,000",327600,327600,327700,327700,327700,327700,,
2126,30 KIMBALL ST,RESIDENTIAL,"$487,100","$487,100",372500,372500,372400,372400,372400,372400,,
2127,28 KIMBALL ST,COMMERCIAL,"$595,200","$595,200",431400,431400,430600,430600,430600,430600,,
2129,28 UNION ST,RESIDENTIAL,"$611,900","$611,900",439900,439900,439900,439900,439900,439900,,
2130,18 KIMBALL ST,RESIDENTIAL,"$676,900","$676,900",481000,481000,481000,481000,481000,481000,,
2131,16 KIMBALL ST,RESIDENTIAL,"$511,400","$511,400",385600,385600,385600,385600,385600,385600,,
2132,14 KIMBALL ST,RESIDENTIAL,"$317,200","$317,200",220100,220100,220100,220100,220100,220100,,
2133,24 UNION ST 1,,"$238,000","$238,000",157000,157000,157000,157000,157000,157000,,
2134,24 UNION ST 2,,"$230,700","$230,700",152500,152500,152500,152500,152500,152500,,
2135,24 UNION ST 3,,"$263,000","$263,000",170000,170000,170000,170000,170000,170000,,
2136,23 UNION ST,RESIDENTIAL,"$484,700","$484,700",357500,357500,357500,357500,357500,357500,,
2137,29 KIMBALL ST,RESIDENTIAL,"$504,400","$504,400",379000,379000,369800,369800,369800,369800,,
2138,31 KIMBALL ST,RESIDENTIAL,"$468,900","$468,900",353800,353800,353800,353800,353800,353800,,
2139,34 SHAW ST,RESIDENTIAL,"$521,200","$521,200",388400,388400,388400,388400,388400,388400,,
2140,32 SHAW ST,RESIDENTIAL,"$575,500","$575,500",424900,424900,424800,424800,424800,424800,,
2141,30 SHAW ST,RESIDENTIAL,"$500,900","$500,900",363300,363300,347800,347800,347800,347800,,
2142,28 SHAW ST,RESIDENTIAL,"$474,000","$474,000",353800,353800,353800,353800,353800,353800,,
2143,24 SHAW ST,COMMERCIAL,"$565,700","$565,700",368500,368500,368500,368500,368500,368500,,
2144,22 SHAW ST,RESIDENTIAL,"$580,000","$580,000",442300,442300,442300,442300,442300,442300,,
2145,47 GREEN ST #1,,"$487,700","$487,700",229900,229900,229900,229900,229900,229900,,
2146,49 GREEN ST #2,,"$504,500","$504,500",236700,236700,236700,236700,236700,236700,,
2147,18 SHAW ST 3,,"$542,100","$542,100",256800,256800,256300,256300,256300,256300,,
2148,20 SHAW ST 4,,"$537,400","$537,400",256800,256800,256800,256800,256800,256800,,
2149,45 GREEN ST,COMMERCIAL,"$477,400","$477,400",370100,370100,370000,370000,370000,370000,,
2150,41 GREEN ST,RESIDENTIAL,"$390,600","$390,600",255300,255300,255300,255300,255300,255300,,
2151,39 GREEN ST,RESIDENTIAL,"$360,300","$360,300",248600,248600,248600,248600,248600,248600,,
2152,1 UNION ST,RESIDENTIAL,"$394,100","$394,100",252100,252100,252100,252100,252100,252100,,
2153,3 UNION ST,RESIDENTIAL,"$448,300","$448,300",332200,332200,275000,275000,275000,275000,,
2154,5 UNION ST,RESIDENTIAL,"$434,900","$434,900",322400,322400,322400,322400,322400,322400,,
2155,7 UNION ST,RESIDENTIAL,"$707,300","$707,300",535800,535800,535700,535700,535700,535700,,
2156,11 UNION ST,RESIDENTIAL,"$447,800","$447,800",336300,336300,336200,336200,336200,336200,,
2157,15 UNION ST,RESIDENTIAL,"$415,600","$415,600",280000,280000,280100,280100,280100,280100,,
2158,19 UNION ST,COMMERCIAL,"$565,800","$565,800",433900,433900,424300,424300,424300,424300,,
2159,20 UNION ST,RESIDENTIAL,"$442,200","$442,200",325800,325800,325700,325700,325700,325700,,
2160,18 UNION ST,COMMERCIAL,"$572,400","$572,400",382300,382300,382300,382300,382300,382300,,
2161,14 UNION ST,RESIDENTIAL,"$433,700","$433,700",278200,278200,278200,278200,278200,278200,,
2162,12 UNION ST,RESIDENTIAL,"$390,200","$390,200",289100,289100,276600,276600,276600,276600,,
2163,8 UNION ST,RESIDENTIAL,"$579,000","$579,000",449900,449900,450000,450000,450000,450000,,
2164,33 GREEN ST,RESIDENTIAL,"$646,400","$646,400",408700,408700,408800,408800,408800,408800,,
2165,29 GREEN ST,RESIDENTIAL,"$506,900","$506,900",334200,334200,333500,333500,333500,333500,,
2166,25 GREEN ST,COMMERCIAL,"$424,700","$424,700",342400,342400,342500,342500,342500,342500,,
2167,31 ELM ST,COMMERCIAL,"$665,600","$665,600",449700,449700,449700,449700,449700,449700,,
2168,37 ELM ST,RESIDENTIAL,"$553,100","$553,100",390500,390500,390500,390500,427100,427100,,
2169,41 ELM ST,RESIDENTIAL,"$518,900","$518,900",395900,395900,395900,395900,395900,395900,,
2170,49 ELM ST,COMMERCIAL,"$672,500","$672,500",452700,452700,452900,452900,452900,452900,,
2171,15 KIMBALL ST,RESIDENTIAL,"$638,400","$638,400",481800,481800,481900,481900,481900,481900,,
2172,46 ELM ST,RESIDENTIAL,"$470,000","$470,000",359400,359400,351600,351600,355600,355600,,
2173,42 ELM ST,COMMERCIAL,"$645,300","$645,300",415400,415400,415400,415400,415400,415400,,
2174,38 ELM ST,RESIDENTIAL,"$596,200","$596,200",401000,401000,400900,400900,400900,400900,,
2175,36 ELM ST,RESIDENTIAL,"$430,300","$430,300",277700,277700,277700,277700,277700,277700,,
2176,34 ELM ST,RESIDENTIAL,"$350,900","$350,900",253600,253600,253600,253600,253600,253600,,
2177,28 ELM ST,COMMERCIAL,"$596,200","$596,200",403100,403100,403100,403100,403100,403100,,
2178,21 GREEN ST,RESIDENTIAL,"$553,600","$553,600",391900,391900,391900,391900,391900,391900,,
2179,17 GREEN ST,RESIDENTIAL,"$520,500","$520,500",376800,376800,376900,376900,376900,376900,,
2180,15 GREEN ST,RESIDENTIAL,"$511,200","$511,200",354400,354400,354300,354300,354300,354300,,
2181,13 GREEN ST,RESIDENTIAL,"$495,400","$495,400",381600,381600,381600,381600,381600,381600,,
2182,11 GREEN ST,RESIDENTIAL,"$461,000","$461,000",353700,353700,353800,353800,353800,353800,,
2183,7 GREEN ST,RESIDENTIAL,"$393,000","$393,000",301000,301000,301000,301000,301000,301000,,
2184,3 GREEN ST,RESIDENTIAL,"$469,700","$469,700",347100,347100,347200,347200,347200,347200,,
2185,11 SCHOOL ST,COMMERCIAL,"$2,359,700","$2,359,700",1913500,1913500,1793600,1793600,1491800,1491800,,
2186,15 SCHOOL ST,RESIDENTIAL,"$507,100","$507,100",366400,366400,366400,366400,418700,418700,,
2187,17 SCHOOL ST,RESIDENTIAL,"$666,600","$666,600",491800,491800,488000,488000,488000,488000,,
2188,19 SCHOOL ST,RESIDENTIAL,"$1,184,700","$1,184,700",859600,859600,827600,827600,827600,827600,,
2189,23 SCHOOL ST,RESIDENTIAL,"$530,500","$530,500",379700,379700,379700,379700,379700,379700,,
2190,29 SCHOOL ST,COMMERCIAL,"$1,322,700","$1,322,700",989600,989600,989800,989800,989800,989800,,
2191,7 KIMBALL ST,COMMERCIAL,"$3,245,000","$3,245,000",2383300,2383300,2383300,2383300,2383300,2383300,,
2192,9 KIMBALL ST,RESIDENTIAL,"$631,900","$631,900",489400,489400,489400,489400,489400,489400,,
2193,162 DARTMOUTH COLLEGE HWY,RESIDENTIAL,"$302,500","$302,500",221800,221800,221900,221900,221900,221900,,
2194,0 DARTMOUTH COLLEGE HWY,,"$24,100","$24,100",19900,19900,19900,19900,19900,19900,,
2195,156 DARTMOUTH COLLEGE HWY,RESIDENTIAL,"$363,095","$363,095",265300,265300,265300,265300,265300,265300,,
2196,0 DARTMOUTH COLLEGE HWY,,"$17,500","$17,500",14400,14400,14400,14400,14400,14400,,
2197,0 RESERVOIR RD,,"$55,643","$1,082",45500,1080,45500,960,37600,960,,
2198,134 BANK ST,RESIDENTIAL,"$412,028","$412,028",303100,303100,303100,303100,303100,303100,,
2199,118 BANK ST,RESIDENTIAL,"$544,419","$544,419",398700,398700,398700,398700,398700,398700,,
2200,112 BANK ST,RESIDENTIAL,"$651,597","$651,597",491100,491100,491100,491100,491100,491100,,
2201,109 BANK ST,RESIDENTIAL,"$159,423","$159,423",92697,92697,92697,92697,92697,92697,,
2202,143 BANK ST EXT,RESIDENTIAL,"$475,374","$475,374",380300,380300,380300,380300,375200,375200,,
2203,6 RIVERDALE PKWY,RESIDENTIAL,"$394,478","$394,478",292700,292700,292700,292700,305200,305200,,
2204,12 RIVERDALE PKWY,RESIDENTIAL,"$458,913","$458,913",324400,324400,324400,324400,334800,334800,,
2205,14 RIVERDALE PKWY,RESIDENTIAL,"$466,361","$466,361",335200,335200,335200,335200,330000,330000,,
2206,16 RIVERDALE PKWY,RESIDENTIAL,"$399,261","$399,261",291200,291200,291200,291200,301800,301800,,
2207,2 WALNUT ST,RESIDENTIAL,"$448,705","$448,705",333100,333100,307100,307100,317000,317000,,
2208,15 RIVERDALE PKWY,RESIDENTIAL,"$375,713","$375,713",261600,261600,261600,261600,271600,271600,,
2209,7 RIVERDALE PKWY,RESIDENTIAL,"$523,913","$523,913",365700,365700,335000,335000,345400,345400,,
2210,5 RIVERDALE PKWY,RESIDENTIAL,"$353,714","$353,714",262600,262600,262600,262600,271700,271700,,
2211,3 RIVERDALE PKWY,RESIDENTIAL,"$415,147","$415,147",316400,316400,316400,316400,326000,326000,,
2212,151 BANK ST EXT,RESIDENTIAL,"$408,443","$408,443",316600,316600,316600,316600,325300,325300,,
2213,153 BANK ST EXT,RESIDENTIAL,"$321,601","$321,601",222700,222700,222700,222700,231900,231900,,
2214,3 LILAC AVE,RESIDENTIAL,"$372,121","$372,121",268300,268300,268300,268300,277000,277000,,
2215,4 BENTON ST,RESIDENTIAL,"$403,652","$403,652",293200,293200,293200,293200,303400,303400,,
2216,1 BENTON ST,RESIDENTIAL,"$361,569","$361,569",258700,258700,258700,258700,267700,267700,,
2217,3 BENTON ST,RESIDENTIAL,"$437,086","$437,086",305500,305500,305500,305500,314500,314500,,
2218,5 BENTON ST,RESIDENTIAL,"$499,300","$499,300",353300,353300,353300,353300,353300,353300,,
2219,3 BARNES AVE,RESIDENTIAL,"$393,269","$393,269",282100,282100,282100,282100,291800,291800,,
2220,13 ALDEN RD,RESIDENTIAL,"$327,300","$327,300",247200,247200,245400,245400,245400,245400,,
2221,16 ALDEN RD,RESIDENTIAL,"$359,800","$359,800",266300,266300,263600,263600,263600,263600,,
2222,51 TOWNSEND TER,RESIDENTIAL,"$342,400","$342,400",251600,251600,251400,251400,248600,248600,,
2223,55 TOWNSEND TER,RESIDENTIAL,"$287,300","$287,300",228800,228800,228900,228900,228900,228900,,
2224,61 TOWNSEND TER,RESIDENTIAL,"$370,800","$370,800",274900,274900,275100,275100,275100,275100,,
2225,67 TOWNSEND TER,RESIDENTIAL,"$457,300","$457,300",309500,309500,309700,309700,309700,309700,,
2226,10 LILAC AVE,RESIDENTIAL,"$359,887","$359,887",276600,276600,276600,276600,287200,287200,,
2227,8 LILAC AVE,RESIDENTIAL,"$326,664","$326,664",245500,245500,245500,245500,255200,255200,,
2228,15 BENTON ST,RESIDENTIAL,"$361,292","$361,292",259800,259800,259800,259800,269800,269800,,
2229,17 BENTON ST,RESIDENTIAL,"$377,227","$377,227",271800,271800,271800,271800,283300,283300,,
2230,18 BENTON ST,RESIDENTIAL,"$128,977","$128,977",103500,103500,103500,103500,102200,102200,,
2231,16 BENTON ST,RESIDENTIAL,"$326,820","$326,820",235400,235400,235400,235400,243900,243900,,
2232,14 BENTON ST,RESIDENTIAL,"$367,370","$367,370",254200,254200,254200,254200,262800,262800,,
2233,4 LILAC AVE,RESIDENTIAL,"$356,721","$356,721",256400,256400,256400,256400,265100,265100,,
2234,157 BANK ST EXT,RESIDENTIAL,"$365,894","$365,894",260000,260000,268100,268100,268100,268100,,
2235,159 BANK ST EXT,RESIDENTIAL,"$303,794","$303,794",219500,219500,219500,219500,227600,227600,,
2236,161 BANK ST EXT,RESIDENTIAL,"$363,341","$363,341",209500,209500,209500,209500,217600,217600,,
2237,165 BANK ST EXT,RESIDENTIAL,"$446,290","$446,290",313000,313000,313000,313000,321700,321700,,
2238,175 BANK ST EXT,RESIDENTIAL,"$315,400","$315,400",235200,235200,235100,235100,235100,235100,,
2239,179 BANK ST EXT,RESIDENTIAL,"$450,300","$450,300",155200,155200,155200,155200,155200,155200,,
2240,19 HEATER RD,RESIDENTIAL,"$414,300","$414,300",289400,289400,289400,289400,289400,289400,,
2241,23 HEATER RD,RESIDENTIAL,"$242,000","$242,000",190000,190000,190100,190100,190100,190100,,
2242,3 ALDEN RD,RESIDENTIAL,"$427,700","$427,700",321400,321400,320700,320700,320700,320700,,
2243,4 ALDEN RD,RESIDENTIAL,"$415,300","$415,300",316700,316700,315700,315700,315700,315700,,
2244,2 ALDEN RD,RESIDENTIAL,"$498,600","$498,600",393700,393700,391100,391100,391100,391100,,
2245,191 BANK ST EXT,COMMERCIAL,"$567,400","$567,400",399300,399300,399300,399300,399300,399300,,
2246,195 BANK ST EXT,RESIDENTIAL,"$417,000","$417,000",293200,293200,293300,293300,293300,293300,,
2247,201 BANK ST EXT,RESIDENTIAL,"$350,300","$350,300",249400,249400,249300,249300,249300,249300,,
2248,205 BANK ST EXT,RESIDENTIAL,"$349,900","$349,900",255200,255200,255100,255100,255100,255100,,
2249,207 BANK ST EXT,RESIDENTIAL,"$352,400","$352,400",258700,258700,258800,258800,258800,258800,,
2250,209 BANK ST EXT,RESIDENTIAL,"$378,300","$378,300",278300,278300,278300,278300,278300,278300,,
2251,215 BANK ST EXT,RESIDENTIAL,"$222,800","$222,800",256400,256400,256400,256400,256400,256400,,
2252,0 BANK ST EXT,,"$6,500","$6,500",5300,5300,5300,5300,5300,5300,,
2253,219 BANK ST EXT,RESIDENTIAL,"$316,343","$316,343",215100,215100,215100,215100,215100,215100,,
2254,221 BANK ST EXT,RESIDENTIAL,"$468,500","$468,500",331400,331400,331400,331400,331400,331400,,
2255,223 BANK ST EXT,RESIDENTIAL,"$376,800","$376,800",280900,280900,281000,281000,281000,281000,,
2256,225 BANK ST EXT,RESIDENTIAL,"$334,900","$334,900",249800,249800,249800,249800,249800,249800,,
2257,241 BANK ST EXT,RESIDENTIAL,"$334,500","$334,500",249300,249300,249400,249400,249400,249400,,
2258,250 BANK ST EXT,INDUSTRIAL,"$754,100","$754,100",657700,657700,657700,657700,673900,673900,,
2259,1 LIBERTY LN,RESIDENTIAL,"$382,300","$382,300",285600,285600,285500,285500,285500,285500,,
2260,3 LIBERTY LN,RESIDENTIAL,"$374,500","$374,500",276800,276800,276700,276700,276700,276700,,
2261,5 LIBERTY LN,RESIDENTIAL,"$405,600","$405,600",293500,293500,293400,293400,293400,293400,,
2262,6 LIBERTY LN,RESIDENTIAL,"$419,500","$419,500",315800,315800,315700,315700,315700,315700,,
2263,4 LIBERTY LN,RESIDENTIAL,"$419,300","$419,300",294500,294500,294500,294500,294500,294500,,
2264,220 BANK ST EXT,RESIDENTIAL,"$382,100","$382,100",287700,287700,287600,287600,287600,287600,,
2265,202 BANK ST EXT,RESIDENTIAL,"$404,000","$404,000",291000,291000,290900,290900,290900,290900,,
2266,8 JEFFERSON PL,RESIDENTIAL,"$385,100","$385,100",288800,288800,288700,288700,288700,288700,,
2267,7 JEFFERSON PL,RESIDENTIAL,"$374,500","$374,500",277600,277600,277600,277600,277600,277600,,
2268,6 JEFFERSON PL,RESIDENTIAL,"$447,200","$447,200",324400,324400,324400,324400,324400,324400,,
2269,5 JEFFERSON PL,RESIDENTIAL,"$375,000","$375,000",265600,265600,265600,265600,265600,265600,,
2270,4 JEFFERSON PL,RESIDENTIAL,"$354,100","$354,100",261400,261400,261300,261300,261300,261300,,
2271,3 JEFFERSON PL,RESIDENTIAL,"$411,400","$411,400",303500,303500,303600,303600,303600,303600,,
2272,2 JEFFERSON PL,RESIDENTIAL,"$458,700","$458,700",369900,369900,344900,344900,344900,344900,,
2273,1 JEFFERSON PL,RESIDENTIAL,"$350,700","$350,700",266300,266300,266200,266200,266200,266200,,
2274,196 BANK ST EXT,RESIDENTIAL,"$523,100","$523,100",399600,399600,376500,376500,345500,345500,,
2275,194 BANK ST EXT,RESIDENTIAL,"$442,600","$442,600",319600,319600,319800,319800,319800,319800,,
2276,190 BANK ST EXT,RESIDENTIAL,"$378,200","$378,200",274700,274700,274800,274800,274800,274800,,
2277,188 BANK ST EXT,RESIDENTIAL,"$592,303","$592,303",396700,396700,396700,396700,396700,396700,,
2278,176 BANK ST EXT,RESIDENTIAL,"$335,600","$335,600",253800,253800,253800,253800,253600,253600,,
2279,174 BANK ST EXT,RESIDENTIAL,"$434,000","$434,000",306600,306600,306500,306500,306500,306500,,
2280,6 EXCELSIOR ST,RESIDENTIAL,"$245,900","$245,900",184400,184400,184400,184400,184400,184400,,
2281,8 EXCELSIOR ST,RESIDENTIAL,"$248,700","$248,700",175100,175100,175100,175100,175100,175100,,
2282,10 EXCELSIOR ST,RESIDENTIAL,"$339,700","$339,700",246100,246100,246100,246100,246100,246100,,
2283,12 EXCELSIOR ST,,"$79,300","$79,300",59000,59000,59000,59000,59000,59000,,
2284,7 EXCELSIOR ST,RESIDENTIAL,"$333,777","$333,777",230600,230600,230600,230600,229300,229300,,
2285,168 BANK ST EXT,RESIDENTIAL,"$189,500","$189,500",135900,135900,135900,135900,135900,135900,,
2286,1 FORTUNE ST,RESIDENTIAL,"$253,832","$253,832",168500,168500,168500,168500,175100,175100,,
2287,7 FORTUNE ST,RESIDENTIAL,"$375,506","$375,506",285300,285300,285300,285300,271700,271700,,
2288,2 FORTUNE ST,RESIDENTIAL,"$347,530","$347,530",255800,255800,255800,255800,262500,262500,,
2289,0 BANK ST EXT,,"$4,000","$4,000",3300,3300,3300,3300,3300,3300,,
2290,6 COOPER ST,RESIDENTIAL,"$246,165","$246,165",170500,170500,170500,170500,177200,177200,,
2291,8 COOPER ST,RESIDENTIAL,"$245,915","$245,915",170900,170900,170900,170900,177200,177200,,
2292,10 COOPER ST,RESIDENTIAL,"$136,675","$136,675",107700,107700,107700,107700,114400,114400,,
2293,7 COOPER ST,RESIDENTIAL,"$306,400","$306,400",208200,208200,208200,208200,215400,215400,,
2294,160 BANK ST EXT,RESIDENTIAL,"$603,699","$603,699",389400,389400,389400,389400,396900,396900,,
2295,150 BANK ST EXT,,"$409,400","$409,400",335800,335800,335800,335800,308600,308600,,
2296,0 PUMPING STATION RD,,"$1,300","$1,300",1100,1100,1100,1100,1100,1100,,
2297,0 PUMPING STATION RD,,"$4,000","$4,000",3300,3300,3300,3300,3300,3300,,
2298,0 PUMPING STATION RD,,"$3,900","$3,900",3300,3300,3300,3300,3300,3300,,
2299,0 PUMPING STATION RD,,"$4,800","$4,800",3900,3900,3900,3900,3900,3900,,
2300,0 PUMPING STATION RD,,"$3,900","$3,900",3300,3300,3300,3300,3300,3300,,
2301,0 PUMPING STATION RD,,"$8,000","$8,000",6600,6600,6600,6600,6600,6600,,
2302,0 PUMPING STATION RD,,"$8,500","$8,500",7000,7000,7000,7000,7000,7000,,
2303,0 PUMPING STATION RD,,"$48,700","$48,700",48700,48700,48600,48600,48600,48600,,
2304,0 PUMPING STATION RD,,"$39,000","$39,000",39000,39000,39000,39000,39000,39000,,
2305,0 PUMPING STATION RD,,"$5,800","$5,800",5800,5800,5800,5800,5800,5800,,
2306,0 PUMPING STATION RD,,"$247,000","$247,000",204200,204200,204300,204300,204300,204300,,
2307,32 PUMPING STATION RD,RESIDENTIAL,"$263,129","$263,129",211600,211600,211600,211600,219600,219600,,
2308,26 PUMPING STATION RD,RESIDENTIAL,"$238,243","$238,243",167000,167000,167000,167000,174800,174800,,
2309,12 PUMPING STATION RD,RESIDENTIAL,"$282,038","$282,038",198900,198900,198900,198900,207300,207300,,
2310,3 FRANKLIN ST,RESIDENTIAL,"$324,800","$324,800",236400,236400,236400,236400,236400,236400,,
2311,10 PUMPING STATION RD,RESIDENTIAL,"$229,911","$229,911",169000,169000,169000,169000,176400,176400,,
2312,140 BANK ST EXT,RESIDENTIAL,"$389,497","$389,497",284200,284200,284200,284200,286100,286100,,
2313,7 FRANKLIN ST,RESIDENTIAL,"$254,300","$254,300",187900,187900,187900,187900,187900,187900,,
2314,10 FRANKLIN ST,RESIDENTIAL,"$314,900","$314,900",219400,219400,192500,192500,192500,192500,,
2316,0 FRANKLIN ST,,"$4,200","$4,200",3500,3500,3500,3500,3500,3500,,
2317,14 FRANKLIN ST,,"$40,700","$40,700",33600,33600,33600,33600,33600,33600,,
2318,0 DARTMOUTH COLLEGE HWY,,"$150,300","$150,300",124200,124200,124200,124200,124200,124200,,
2319,250 BANK ST EXT,RESIDENTIAL,"$624,134","$624,134",556700,556700,557800,557800,530800,530800,,
2320,101 TOWNSEND TER,RESIDENTIAL,"$278,800","$278,800",201000,201000,201000,201000,201000,201000,,
2321,93 TOWNSEND TER,RESIDENTIAL,"$367,800","$367,800",260800,260800,260800,260800,260800,260800,,
2322,27 DOROTHY PERLEY RD,RESIDENTIAL,"$490,500","$490,500",370300,370300,370300,370300,370300,370300,,
2323,31 DOROTHY PERLEY RD,RESIDENTIAL,"$446,300","$446,300",303300,303300,303500,303500,303500,303500,,
2324,35 DOROTHY PERLEY RD,RESIDENTIAL,"$470,800","$470,800",323400,323400,323400,323400,323400,323400,,
2325,38 DOROTHY PERLEY RD,RESIDENTIAL,"$652,700","$652,700",466600,466600,466900,466900,466900,466900,,
2326,34 DOROTHY PERLEY RD,RESIDENTIAL,"$384,000","$384,000",296000,296000,295800,295800,295700,295700,,
2327,32 DOROTHY PERLEY RD,RESIDENTIAL,"$428,200","$428,200",319200,319200,319200,319200,319200,319200,,
2328,0 DOROTHY PERLEY RD,,"$125,900",$400,110300,400,110300,400,88200,400,,
2329,22 DOROTHY PERLEY RD,RESIDENTIAL,"$536,600","$536,600",390700,390700,391200,391200,391200,391200,,
2330,243 BANK ST EXT,RESIDENTIAL,"$289,300","$289,300",216100,216100,216100,216100,216100,216100,,
2331,245 BANK ST EXT,RESIDENTIAL,"$367,200","$367,200",274600,274600,274600,274600,274600,274600,,
2332,10 COLBY AVE,RESIDENTIAL,"$419,900","$419,900",322400,322400,324900,324900,327300,327300,,
2333,3 COLBY AVE,RESIDENTIAL,"$406,700","$406,700",288100,288100,288100,288100,288100,288100,,
2334,249 BANK ST EXT,RESIDENTIAL,"$377,500","$377,500",266600,266600,266700,266700,266700,266700,,
2335,253 BANK ST EXT,RESIDENTIAL,"$294,000","$294,000",223000,223000,223100,223100,223100,223100,,
2336,265 BANK ST EXT,RESIDENTIAL,"$728,000","$728,000",529500,529500,395600,395600,395600,395600,,
2337,4 DOROTHY PERLEY RD,RESIDENTIAL,"$386,638","$386,638",285800,285800,272200,272200,282400,282400,,
2338,98 WINONA CIR,RESIDENTIAL,"$507,600","$507,600",341000,341000,341000,341000,341000,341000,,
2339,92 WINONA CIR,RESIDENTIAL,"$488,800","$488,800",332600,332600,332600,332600,332600,332600,,
2340,86 WINONA CIR,RESIDENTIAL,"$365,700","$365,700",276600,276600,276700,276700,276700,276700,,
2341,80 WINONA CIR,RESIDENTIAL,"$453,400","$453,400",322000,322000,321900,321900,321900,321900,,
2342,74 WINONA CIR,RESIDENTIAL,"$490,000","$490,000",345900,345900,346000,346000,346000,346000,,
2343,68 WINONA CIR,RESIDENTIAL,"$483,400","$483,400",335100,335100,335100,335100,335100,335100,,
2344,62 WINONA CIR,RESIDENTIAL,"$505,700","$505,700",357400,357400,357400,357400,357400,357400,,
2345,56 WINONA CIR,RESIDENTIAL,"$459,500","$459,500",327500,327500,327500,327500,327500,327500,,
2346,50 WINONA CIR,RESIDENTIAL,"$457,400","$457,400",325400,325400,325300,325300,325300,325300,,
2347,28 MANCHESTER DR,RESIDENTIAL,"$407,200","$407,200",339900,339900,336600,336600,336600,336600,,
2348,73 NH ROUTE 4A,RESIDENTIAL,"$480,500","$480,500",371600,371600,371600,371600,377500,377500,,
2349,83 NH ROUTE 4A,COMMERCIAL,"$542,700","$542,700",442700,442700,442600,442600,442600,442600,,
2350,0 NH ROUTE 4A,,"$257,600","$257,600",213000,213000,213000,213000,210300,210300,,
2351,105 NH ROUTE 4A,RESIDENTIAL,"$521,200","$521,200",359800,359800,359200,359200,359400,359400,,
2352,125 NH ROUTE 4A,COMMERCIAL,"$1,026,900","$1,026,900",723500,723500,723500,723500,731500,731500,,
2353,118 NH ROUTE 4A,COMMERCIAL,"$994,500","$994,500",777000,777000,777000,777000,777000,777000,,
2354,86 NH ROUTE 4A,,"$831,195","$831,195",813400,813400,813400,813400,813400,813400,,
2355,86 NH ROUTE 4A 13LOW,,"$67,500","$67,500",34000,34000,34000,34000,34000,34000,,
2356,86 NH ROUTE 4A 9LOW,,"$51,900","$51,900",26300,26300,26300,26300,26300,26300,,
2357,86 NH ROUTE 4A 15LOW,,"$89,900","$89,900",45800,45800,45800,45800,45800,45800,,
2358,86 NH ROUTE 4A 18UP,,"$99,300","$99,300",51600,51600,51600,51600,51600,51600,,
2359,86 NH ROUTE 4A #12UP,,"$90,800","$90,800",46200,46200,46200,46200,46200,46200,,
2360,86 NH ROUTE 4A #11UP,,"$92,100","$92,100",46800,46800,46800,46800,46800,46800,,
2361,86 NH ROUTE 4A #6UP,,"$96,800","$96,800",49000,49000,49000,49000,49000,49000,,
2363,86 NH ROUTE 4A 10LOW,,"$91,300","$91,300",45900,45900,45900,45900,45900,45900,,
2364,25 MANCHESTER DR,RESIDENTIAL,"$506,900","$506,900",360100,360100,359600,359600,359600,359600,,
2365,92 NH ROUTE 4A,COMMERCIAL,"$973,479","$973,480",784100,784100,784100,784100,784100,784100,,
2366,17 MANCHESTER DR,RESIDENTIAL,"$571,600","$482,285",437500,363385,437500,362315,437500,362315,,
2367,599 DARTMOUTH COLLEGE HWY,RESIDENTIAL,"$346,900","$346,900",251000,251000,250700,250700,250700,250700,,
2368,625 DARTMOUTH COLLEGE HWY,RESIDENTIAL,"$419,345","$419,345",303500,303500,303500,303500,303500,303500,,
2369,695 DARTMOUTH COLLEGE HWY #3,,"$175,800","$175,800",93400,93400,93400,93400,93400,93400,,
2370,695 DARTMOUTH COLLEGE HWY #9,,"$132,100","$132,100",55700,55700,0,0,0,0,,
2371,695 DARTMOUTH COLLEGE HWY,,"$119,800","$119,800",62800,62800,62800,62800,62800,62800,,
2372,695 DARTMOUTH COLLEGE HWY 19,,"$117,800","$117,800",61400,61400,61400,61400,61400,61400,,
2373,2-8 MARKET ST,COMMERCIAL,"$12,249,700","$12,249,700",10522400,10522400,10522400,10522400,10515700,10515700,,
2374,28 MARKET ST,COMMERCIAL,"$20,107,418","$20,107,418",17832900,17832900,17832900,17832900,17832900,17832900,,
2377,120 S MAIN ST,COMMERCIAL,"$577,100","$577,100",502600,502600,502700,502700,502700,502700,,
2381,108 S MAIN ST,RESIDENTIAL,"$456,700","$456,700",330200,330200,330300,330300,330300,330300,,
2382,102 S MAIN ST,RESIDENTIAL,"$341,400","$341,400",241200,241200,241200,241200,241200,241200,,
2383,3 WATERMAN AVE,RESIDENTIAL,"$371,100","$371,100",268300,268300,268300,268300,268300,268300,,
2384,5 WATERMAN AVE,RESIDENTIAL,"$425,200","$425,200",313000,313000,313000,313000,313000,313000,,
2385,9 WATERMAN AVE,RESIDENTIAL,"$637,611","$637,611",458200,458200,438200,438200,438200,438200,,
2386,10 WATERMAN AVE,RESIDENTIAL,"$418,749","$418,749",307600,307600,307600,307600,307600,307600,,
2387,2 WATERMAN AVE,RESIDENTIAL,"$387,200","$387,200",262000,262000,261900,261900,261900,261900,,
2388,1 WATERMAN AVE,RESIDENTIAL,"$609,400","$609,400",424800,424800,424800,424800,429400,429400,,
2389,4 WATERMAN AVE,RESIDENTIAL,"$349,400","$349,400",249300,249300,249100,249100,249100,249100,,
2390,6 WATERMAN AVE,RESIDENTIAL,"$481,900","$481,900",318100,318100,318100,318100,318100,318100,,
2391,98 S MAIN ST,RESIDENTIAL,"$448,400","$448,400",302600,302600,302600,302600,302600,302600,,
2392,31 ROMANO CIR,COMMERCIAL,"$6,558,974","$6,558,974",5596100,5596100,5596100,5596100,5596100,5596100,,
2393,86 S MAIN ST,RESIDENTIAL,"$381,332","$381,332",248100,248100,248100,248100,256400,256400,,
2394,84 S MAIN ST,RESIDENTIAL,"$325,700","$325,700",245300,245300,245200,245200,245200,245200,,
2395,82 S MAIN ST,RESIDENTIAL,"$315,700","$315,700",227500,227500,227500,227500,227500,227500,,
2397,69 S MAIN ST,RESIDENTIAL,"$344,600","$344,600",249400,249400,249300,249300,249300,249300,,
2398,77 S MAIN ST,,"$105,800","$105,800",87400,87400,87300,87300,87300,87300,,
2399,89 S MAIN ST,COMMERCIAL,"$729,100","$729,100",526000,526000,526000,526000,790900,790900,,
2400,93 S MAIN ST,COMMERCIAL,"$1,087,676","$1,087,675",926200,926200,926200,926200,926200,926200,,
2401,95 S MAIN ST,RESIDENTIAL,"$404,300","$404,300",295900,295900,291800,291800,291800,291800,,
2402,97 S MAIN ST,RESIDENTIAL,"$389,700","$389,700",281600,281600,281700,281700,281700,281700,,
2403,103 S MAIN ST,COMMERCIAL,"$802,900","$802,900",647400,647400,647500,647500,647500,647500,,
2405,107 S MAIN ST,,"$376,391","$376,391",311100,311100,311100,311100,311100,311100,,
2406,35 GLEN RD,INDUSTRIAL,"$1,959,918","$1,959,918",1462500,1462500,1462500,1462500,1462500,1462500,,
2407,1 GLEN RD,COMMERCIAL,"$6,213,574","$6,213,575",5607400,5607400,5607400,5607400,5607400,5607400,,
2408,27 GLEN RD,COMMERCIAL,"$749,500","$749,500",682300,682300,682400,682400,682400,682400,,
2409,169 GLEN RD,RESIDENTIAL,"$261,800","$261,800",196100,196100,196000,196000,196000,196000,,
2410,231 GLEN RD,RESIDENTIAL,"$260,700","$260,700",198700,198700,198500,198500,198500,198500,,
2411,122 SEMINARY HILL,RESIDENTIAL,"$248,600","$248,600",175700,175700,175700,175700,175700,175700,,
2412,118 SEMINARY HILL,RESIDENTIAL,"$687,018","$687,018",518100,518100,518100,518100,575600,575600,,
2413,114 SEMINARY HILL,COMMERCIAL,"$1,946,600","$1,946,600",1552200,1552200,1732500,1732500,1732500,1732500,,
2414,110 SEMINARY HILL,RESIDENTIAL,"$337,700","$337,700",256800,256800,256800,256800,256800,256800,,
2416,2 HAMPSHIRE TER,RESIDENTIAL,"$414,100","$414,100",296600,296600,296600,296600,296600,296600,,
2417,108 SEMINARY HILL,RESIDENTIAL,"$362,400","$362,400",277800,277800,277800,277800,277800,277800,,
2418,104 SEMINARY HILL,RESIDENTIAL,"$307,000","$307,000",213000,213000,213000,213000,213000,213000,,
2419,100 SEMINARY HILL,RESIDENTIAL,"$297,100","$297,100",230300,230300,230300,230300,230300,230300,,
2421,76 SEMINARY HILL,COMMERCIAL,"$550,314","$550,314",473100,473100,473100,473100,473100,473100,,
2422,1 ARMSTRONG AVE,RESIDENTIAL,"$331,500","$331,500",243100,243100,243000,243000,243000,243000,,
2423,3 ARMSTRONG AVE,RESIDENTIAL,"$363,700","$363,700",262600,262600,262500,262500,262500,262500,,
2424,1 HATHORN AVE,RESIDENTIAL,"$398,700","$398,700",295900,295900,295800,295800,295800,295800,,
2425,3 HATHORN AVE,RESIDENTIAL,"$591,100","$591,100",409100,409100,408900,408900,412400,412400,,
2426,4 HATHORN AVE,RESIDENTIAL,"$406,400","$406,400",295800,295800,295800,295800,295800,295800,,
2427,2 HATHORN AVE,RESIDENTIAL,"$665,900","$665,900",460800,460800,461000,461000,461000,461000,,
2428,8 ARMSTRONG AVE,RESIDENTIAL,"$418,200","$418,200",307000,307000,306900,306900,306900,306900,,
2429,6 ARMSTRONG AVE,RESIDENTIAL,"$393,900","$393,900",267900,267900,267800,267800,267800,267800,,
2430,4 ARMSTRONG AVE,RESIDENTIAL,"$469,000","$469,000",328500,328500,328400,328400,328400,328400,,
2431,2 ARMSTRONG AVE,RESIDENTIAL,"$402,000","$402,000",289100,289100,288200,288200,288200,288200,,
2432,17 JOHNSON AVE,RESIDENTIAL,"$398,600","$398,600",273700,273700,273700,273700,273700,273700,,
2433,18 JOHNSON AVE,RESIDENTIAL,"$469,600","$469,600",363100,363100,363200,363200,363200,363200,,
2434,13 TENLEY DR,RESIDENTIAL,"$463,900","$463,900",330000,330000,330000,330000,330000,330000,,
2435,15 TENLEY DR,RESIDENTIAL,"$471,000","$471,000",335700,335700,334800,334800,334800,334800,,
2436,16 TENLEY DR,RESIDENTIAL,"$436,900","$436,900",296100,296100,296200,296200,296200,296200,,
2437,17 TENLEY DR,RESIDENTIAL,"$432,000","$432,000",311300,311300,311200,311200,311200,311200,,
2438,18 TENLEY DR,RESIDENTIAL,"$479,900","$479,900",318600,318600,318500,318500,318500,318500,,
2439,19 TENLEY DR,RESIDENTIAL,"$419,000","$419,000",333500,333500,333600,333600,381000,381000,,
2440,20 TENLEY DR,RESIDENTIAL,"$443,300","$443,300",298100,298100,298000,298000,298000,298000,,
2441,14 TENLEY DR,RESIDENTIAL,"$457,200","$457,200",306300,306300,306300,306300,306300,306300,,
2442,12 TENLEY DR,RESIDENTIAL,"$476,800","$476,800",379300,379300,379200,379200,379200,379200,,
2443,10 TENLEY DR,RESIDENTIAL,"$416,800","$416,800",295900,295900,295900,295900,295900,295900,,
2444,2 JONES AVE,RESIDENTIAL,"$398,400","$398,400",286900,286900,286900,286900,286900,286900,,
2445,75 SEMINARY HILL,RESIDENTIAL,"$383,800","$383,800",306100,306100,305600,305600,304500,304500,,
2446,79 SEMINARY HILL,COMMERCIAL,"$2,852,000","$2,852,000",2290600,2290600,2290600,2290600,2290600,2290600,,
2447,5 CARLTON DR,RESIDENTIAL,"$499,800","$499,800",398000,398000,398000,398000,398000,398000,,
2448,9 CARLTON DR,RESIDENTIAL,"$495,600","$495,600",352900,352900,352900,352900,352900,352900,,
2449,15 CARLTON DR,RESIDENTIAL,"$398,300","$398,300",287900,287900,288000,288000,288000,288000,,
2450,26 CARLTON DR,RESIDENTIAL,"$385,800","$385,800",278400,278400,278400,278400,278400,278400,,
2451,22 CARLTON DR,RESIDENTIAL,"$427,600","$427,600",305000,305000,305100,305100,305100,305100,,
2452,18 CARLTON DR,RESIDENTIAL,"$415,300","$415,300",299400,299400,299500,299500,299500,299500,,
2453,14 CARLTON DR,RESIDENTIAL,"$442,200","$442,200",315600,315600,315700,315700,315700,315700,,
2454,10 CARLTON DR,RESIDENTIAL,"$401,900","$401,900",284500,284500,284500,284500,284500,284500,,
2455,6 CARLTON DR,RESIDENTIAL,"$445,600","$445,600",316500,316500,316500,316500,316500,316500,,
2456,115 SEMINARY HILL,RESIDENTIAL,"$517,512","$517,512",372400,372400,372400,372400,372400,372400,,
2457,123 SEMINARY HILL,RESIDENTIAL,"$717,560","$717,560",562100,562100,562100,562100,562100,562100,,
2458,129 SEMINARY HILL,RESIDENTIAL,"$414,223","$414,223",298000,298000,298000,298000,298000,298000,,
2459,10 OLD PINE TREE CEMETERY RD,RESIDENTIAL,"$647,243","$647,243",485400,485400,485400,485400,485400,485400,,
2460,15 OLD PINE TREE CEMETERY RD,RESIDENTIAL,"$1,015,015","$1,015,015",707300,707300,707300,707300,707300,707300,,
2461,0 GLEN RD,,"$35,908","$35,908",29700,29700,29700,29700,29700,29700,,
2462,0 GLEN RD,,"$32,000","$32,000",26400,26400,26400,26400,26400,26400,,
2463,130 GLEN RD,,"$2,468,845","$2,468,845",2408300,2408300,2408300,2408300,325700,325700,,
2464,0 GLEN RD,,"$6,900","$6,900",5700,5700,5700,5700,5700,5700,,
2465,0 GLEN RD,,"$4,300","$4,300",3500,3500,3500,3500,3500,3500,,
2466,432 MIRACLE MILE,,"$259,500","$259,500",139800,139800,139800,139800,139800,139800,,
2467,424 MIRACLE MILE,INDUSTRIAL,"$1,363,500","$1,363,500",1114900,1114900,1114900,1114900,1114900,1114900,,
2468,422 MIRACLE MILE,COMMERCIAL,"$5,127,300","$5,127,300",4566700,4566700,4566700,4566700,4566700,4566700,,
2469,400 MIRACLE MILE,COMMERCIAL,"$1,246,300","$1,246,300",1053900,1053900,1054300,1054300,1054300,1054300,,
2470,388 MIRACLE MILE,COMMERCIAL,"$11,675,813","$11,675,815",10067900,10067900,10067900,10067900,10067900,10067900,,
2471,360 MIRACLE MILE,COMMERCIAL,"$4,877,800","$4,877,800",5285400,5285400,5285400,5285400,5285400,5285400,,
2472,364 MIRACLE MILE,COMMERCIAL,"$925,300","$925,300",751400,751400,751600,751600,751600,751600,,
2473,351 MIRACLE MILE,COMMERCIAL,"$2,870,500","$2,870,500",2524700,2524700,2524700,2524700,2524700,2524700,,
2474,361 MIRACLE MILE,COMMERCIAL,"$958,000","$958,000",772700,772700,772900,772900,772900,772900,,
2475,369 MIRACLE MILE,COMMERCIAL,"$4,659,500","$4,659,500",3022900,3022900,3896800,3896800,3896800,3896800,,
2476,377 MIRACLE MILE,COMMERCIAL,"$1,063,700","$1,063,700",937900,937900,937800,937800,937800,937800,,
2477,387 MIRACLE MILE,COMMERCIAL,"$2,398,900","$2,398,900",2077000,2077000,2077000,2077000,2077000,2077000,,
2478,407 MIRACLE MILE,INDUSTRIAL,"$56,686,300","$56,686,300",41521700,41521700,44642500,44642500,45780200,45780200,,
2479,425 MIRACLE MILE,INDUSTRIAL,"$5,595,400","$5,595,400",4098700,4098700,3691500,3691500,3344700,3344700,,
2480,443 MIRACLE MILE,COMMERCIAL,"$1,021,626","$1,021,625",860600,860600,823600,823600,865700,865700,,
2481,345 MIRACLE MILE,COMMERCIAL,"$933,900","$933,900",761200,761200,761000,761000,761000,761000,,
2482,336 MECHANIC ST,INDUSTRIAL,"$12,854,900","$12,854,900",10694700,10694700,10694700,10694700,10640200,10640200,,
2483,260 MECHANIC ST,COMMERCIAL,"$2,805,500","$2,805,500",2358700,2358700,2358700,2358700,2358700,2358700,,
2484,268 MECHANIC ST,COMMERCIAL,"$621,400","$621,400",503800,503800,503600,503600,503600,503600,,
2485,258 MECHANIC ST,COMMERCIAL,"$569,900","$569,900",482800,482800,482900,482900,482900,482900,,
2486,256 MECHANIC ST,COMMERCIAL,"$402,200","$402,200",329900,329900,329800,329800,329800,329800,,
2487,242 MECHANIC ST,COMMERCIAL,"$714,300","$714,300",608600,608600,608600,608600,608600,608600,,
2488,60 BUCKINGHAM PL,RESIDENTIAL,"$623,700","$623,700",436200,436200,436200,436200,436200,436200,,
2489,54 BUCKINGHAM PL,RESIDENTIAL,"$504,300","$504,300",346400,346400,346600,346600,346600,346600,,
2490,50 BUCKINGHAM PL,RESIDENTIAL,"$586,800","$586,800",464900,464900,465100,465100,465100,465100,,
2491,32 BUCKINGHAM PL,RESIDENTIAL,"$855,596","$855,596",599200,599200,577200,577200,577200,577200,,
2492,240 MECHANIC ST,COMMERCIAL,"$1,903,827","$1,903,825",1387900,1387900,1358600,1358600,1603000,1603000,,
2493,252 MECHANIC ST,COMMERCIAL,"$823,290","$823,290",645200,645200,645200,645200,645200,645200,,
2494,220 MECHANIC ST,COMMERCIAL,"$2,254,644","$2,254,645",1809800,1809800,1707200,1707200,1809800,1809800,,
2495,216 MECHANIC ST,RESIDENTIAL,"$360,700","$360,700",288000,288000,288100,288100,288100,288100,,
2496,214 MECHANIC ST,RESIDENTIAL,"$832,340","$832,340",617200,617200,486500,486500,465100,465100,,
2497,208 MECHANIC ST,RESIDENTIAL,"$556,600","$556,600",431300,431300,431400,431400,431400,431400,,
2498,204 MECHANIC ST #01,,"$275,900","$275,900",167500,167500,167500,167500,167500,167500,,
2499,204 MECHANIC ST #02,,"$257,700","$257,700",157200,157200,157200,157200,157200,157200,,
2500,204 MECHANIC ST 03,,"$234,700","$234,700",144200,144200,144200,144200,144200,144200,,
2501,204 MECHANIC ST 04,,"$240,700","$240,700",148900,148900,148900,148900,148900,148900,,
2502,204 MECHANIC ST 05,,"$239,400","$239,400",146900,146900,146900,146900,146900,146900,,
2503,204 MECHANIC ST #06,,"$234,700","$234,700",144200,144200,144200,144200,144200,144200,,
2504,204 MECHANIC ST 07,,"$260,200","$260,200",158600,158600,158600,158600,158600,158600,,
2505,204 MECHANIC ST 08,,"$257,700","$257,700",157200,157200,157200,157200,157200,157200,,
2506,204 MECHANIC ST 09,,"$269,900","$269,900",164500,164500,164500,164500,164500,164500,,
2507,204 MECHANIC ST 10,,"$262,700","$262,700",160100,160100,160100,160100,160100,160100,,
2508,204 MECHANIC ST 11,,"$237,000","$237,000",145500,145500,145500,145500,144200,144200,,
2509,204 MECHANIC ST 12,,"$234,700","$234,700",144200,144200,144200,144200,144200,144200,,
2510,204 MECHANIC ST 13,,"$234,700","$234,700",144200,144200,144200,144200,144200,144200,,
2511,204 MECHANIC ST 14,,"$237,000","$237,000",145500,145500,145500,145500,145500,145500,,
2512,204 MECHANIC ST 15,,"$280,000","$280,000",170800,170800,170800,170800,170800,170800,,
2513,204 MECHANIC ST 16,,"$257,700","$257,700",157200,157200,157200,157200,157200,157200,,
2514,204 MECHANIC ST 17,,"$257,700","$257,700",157200,157200,157200,157200,157200,157200,,
2515,204 MECHANIC ST 18,,"$264,500","$264,500",162500,162500,162500,162500,162500,162500,,
2516,204 MECHANIC ST 19,,"$234,700","$234,700",144200,144200,144200,144200,144200,144200,,
2517,204 MECHANIC ST 20,,"$234,700","$234,700",144200,144200,144200,144200,144200,144200,,
2518,204 MECHANIC ST 21,,"$234,700","$234,700",144200,144200,144200,144200,144200,144200,,
2519,204 MECHANIC ST 22,,"$237,000","$237,000",145500,145500,145500,145500,145500,145500,,
2520,204 MECHANIC ST 23,,"$280,000","$280,000",170800,170800,170800,170800,170800,170800,,
2521,204 MECHANIC ST 24,,"$260,200","$260,200",158600,158600,158600,158600,158600,158600,,
2522,204 MECHANIC ST 25,,"$262,700","$262,700",160100,160100,160100,160100,160100,160100,,
2523,204 MECHANIC ST 26,,"$257,700","$257,700",157200,157200,157200,157200,157200,157200,,
2524,204 MECHANIC ST #27,,"$234,700","$234,700",144200,144200,144200,144200,144200,144200,,
2525,204 MECHANIC ST 28,,"$234,700","$234,700",144200,144200,144200,144200,144200,144200,,
2526,204 MECHANIC ST 29,,"$234,700","$234,700",144200,144200,144200,144200,144200,144200,,
2527,204 MECHANIC ST 30,,"$234,700","$234,700",144200,144200,144200,144200,144200,144200,,
2528,204 MECHANIC ST 31,,"$260,200","$260,200",158600,158600,158600,158600,158600,158600,,
2529,204 MECHANIC ST 32,,"$262,700","$262,700",160100,160100,160100,160100,160100,160100,,
2530,204 MECHANIC ST 33,,"$257,700","$257,700",157200,157200,157200,157200,157200,157200,,
2531,204 MECHANIC ST 34,,"$262,700","$262,700",160100,160100,160100,160100,160100,160100,,
2532,204 MECHANIC ST 35,,"$239,400","$239,400",146900,146900,146900,146900,146900,146900,,
2533,204 MECHANIC ST 36,,"$234,700","$234,700",144200,144200,144200,144200,144200,144200,,
2534,204 MECHANIC ST 37,,"$234,700","$234,700",144200,144200,144200,144200,144200,144200,,
2535,204 MECHANIC ST 38,,"$237,000","$237,000",145500,145500,145500,145500,145500,145500,,
2536,204 MECHANIC ST 39,,"$257,700","$257,700",157200,157200,157200,157200,157200,157200,,
2537,204 MECHANIC ST #40,,"$262,000","$262,000",161100,161100,161100,161100,161100,161100,,
2538,198 MECHANIC ST,RESIDENTIAL,"$405,700","$405,700",292700,292700,292800,292800,292800,292800,,
2539,194 MECHANIC ST,RESIDENTIAL,"$411,110","$411,110",312400,312400,312400,312400,312400,312400,,
2540,178 MECHANIC ST,COMMERCIAL,"$1,481,190","$1,481,190",1271900,1271900,1271900,1271900,1245500,1245500,,
2541,170 MECHANIC ST,RESIDENTIAL,"$752,600","$752,600",508500,508500,508600,508600,508600,508600,,
2542,162 MECHANIC ST,RESIDENTIAL,"$347,300","$347,300",261200,261200,261100,261100,245200,245200,,
2543,154 MASCOMA ST,,"$19,500","$19,500",16200,16200,16200,16200,16200,16200,,
2544,156 MASCOMA ST,RESIDENTIAL,"$457,060","$457,060",322800,322800,322800,322800,322800,322800,,
2545,149 MASCOMA ST,RESIDENTIAL,"$597,260","$597,260",463700,463700,463700,463700,412000,412000,,
2548,116 MASCOMA ST,RESIDENTIAL,"$382,900","$382,900",274400,274400,274400,274400,274400,274400,,
2549,0 MASCOMA ST,,"$69,900","$69,900",57800,57800,57800,57800,57800,57800,,
2552,0 MASCOMA ST,,"$2,700","$2,700",2200,2200,2200,2200,2200,2200,,
2553,160 MECHANIC ST,COMMERCIAL,"$352,000","$352,000",320100,320100,320100,320100,514000,514000,,
2554,0 MECHANIC ST,,"$8,600","$8,600",7100,7100,7100,7100,7100,7100,,
2555,119 MECHANIC ST,RESIDENTIAL,"$1,416,574","$1,416,574",1164100,1164100,1162500,1162500,1162500,1162500,,
2556,129 MECHANIC ST,COMMERCIAL,"$439,600","$439,600",424300,424300,424400,424400,424400,424400,,
2557,7 SLAYTON HILL RD,COMMERCIAL,"$646,300","$646,300",541500,541500,541400,541400,482700,482700,,
2558,9 SLAYTON HILL RD,RESIDENTIAL,"$453,700","$453,700",298000,298000,298100,298100,298100,298100,,
2559,2 DULAC ST,RESIDENTIAL,"$546,400","$546,400",439900,439900,439900,439900,439900,439900,,
2560,4 DULAC ST,RESIDENTIAL,"$475,900","$475,900",378800,378800,378700,378700,378700,378700,,
2561,6 DULAC ST,RESIDENTIAL,"$356,100","$356,100",249900,249900,249800,249800,249800,249800,,
2562,8 DULAC ST,RESIDENTIAL,"$327,536","$327,536",174400,174400,174400,174400,181300,181300,,
2563,10 DULAC ST,RESIDENTIAL,"$468,897","$468,897",304100,304100,304100,304100,310900,310900,,
2564,12 DULAC ST,RESIDENTIAL,"$388,036","$388,036",282400,282400,282400,282400,289300,289300,,
2565,14 DULAC ST,RESIDENTIAL,"$402,432","$402,432",290700,290700,290700,290700,297800,297800,,
2566,11 DULAC ST,RESIDENTIAL,"$495,584","$495,584",354500,354500,354500,354500,365600,365600,,
2567,1 DULAC ST,RESIDENTIAL,"$438,800","$438,800",307400,307400,307400,307400,307400,307400,,
2569,0 SLAYTON HILL RD,,"$164,013","$164,013",136100,136100,136100,136100,137200,137200,,
2570,0 SLAYTON HILL RD,,"$4,900","$4,900",4100,4100,4100,4100,4100,4100,,
2571,29 SLAYTON HILL RD,RESIDENTIAL,"$1,182,152","$1,182,152",884400,884400,884400,884400,884400,884400,,
2572,0 SLAYTON HILL RD,,"$4,900","$4,900",4100,4100,4100,4100,4100,4100,,
2573,0 SLAYTON HILL RD,,"$4,900","$4,900",4100,4100,4100,4100,4100,4100,,
2574,33 SLAYTON HILL RD,RESIDENTIAL,"$468,200","$468,200",381200,381200,381300,381300,381300,381300,,
2575,32 SLAYTON HILL RD,RESIDENTIAL,"$710,700","$710,700",458400,458400,458400,458400,458400,458400,,
2576,21-22 TANNERY LN,COMMERCIAL,"$1,368,155","$1,368,155",896098,896098,930660,930660,973291,973291,,
2577,28 SLAYTON HILL RD,RESIDENTIAL,"$607,800","$607,800",396200,396200,396000,396000,396000,396000,,
2578,4 TANNERY LN,RESIDENTIAL,"$371,500","$371,500",260900,260900,260900,260900,260900,260900,,
2579,2 TANNERY LN,RESIDENTIAL,"$362,900","$362,900",260800,260800,260800,260800,260800,260800,,
2580,5 BAXTER CT,,"$183,870","$183,870",152100,152100,152100,152100,152100,152100,,
2581,10 SLAYTON HILL RD,COMMERCIAL,"$733,300","$733,300",724900,724900,724900,724900,724800,724800,,
2582,4 SLAYTON HILL RD,COMMERCIAL,"$489,900","$489,900",421000,421000,421000,421000,421000,421000,,
2583,165 MECHANIC ST,COMMERCIAL,"$615,100","$615,100",498900,498900,498900,498900,498900,498900,,
2584,177 MECHANIC ST,COMMERCIAL,"$2,124,400","$2,124,400",1889400,1889400,1889400,1889400,1889400,1889400,,
2585,181 MECHANIC ST,RESIDENTIAL,"$400,700","$400,700",284500,284500,284500,284500,284500,284500,,
2586,187 MECHANIC ST,COMMERCIAL,"$745,100","$745,100",633100,633100,633200,633200,633200,633200,,
2587,189 MECHANIC ST,COMMERCIAL,"$1,228,400","$1,228,400",1020800,1020800,1020600,1020600,1020600,1020600,,
2588,195 MECHANIC ST,COMMERCIAL,"$5,051,100","$5,051,100",4073900,4073900,4003900,4003900,3884600,3884600,,
2589,207 MECHANIC ST,COMMERCIAL,"$787,500","$787,500",599000,599000,599000,599000,599000,599000,,
2590,213 MECHANIC ST,COMMERCIAL,"$1,832,200","$1,832,200",1537000,1537000,1537000,1537000,1537000,1537000,,
2591,227 MECHANIC ST,COMMERCIAL,"$4,659,552","$4,659,550",4177900,4177900,4177900,4177900,4177900,4177900,,
2592,45 BUCKINGHAM PL,COMMERCIAL,"$1,955,000","$1,955,000",1557900,1557900,1557900,1557900,1559400,1559400,,
2593,16 DULAC ST,RESIDENTIAL,"$380,214","$380,214",276000,276000,276000,276000,283200,283200,,
2594,18 DULAC ST,RESIDENTIAL,"$399,897","$399,897",290600,290600,290600,290600,297400,297400,,
2595,20 DULAC ST,RESIDENTIAL,"$392,764","$392,764",285200,285200,285200,285200,292000,292000,,
2596,22 DULAC ST,RESIDENTIAL,"$369,260","$369,260",268900,268900,268900,268900,275800,275800,,
2597,24 DULAC ST,RESIDENTIAL,"$387,332","$387,332",277500,277500,277500,277500,283300,283300,,
2598,90 DULAC ST,RESIDENTIAL,"$443,280","$443,280",327800,327800,327800,327800,327800,327800,,
2599,1 LOGAN LN,RESIDENTIAL,"$438,700","$438,700",312300,312300,312300,312300,312300,312300,,
2600,1 BROOKSIDE DR,RESIDENTIAL,"$376,000","$376,000",272300,272300,272300,272300,272300,272300,,
2601,3 BROOKSIDE DR,RESIDENTIAL,"$351,600","$351,600",254900,254900,254800,254800,254800,254800,,
2602,5 BROOKSIDE DR,RESIDENTIAL,"$416,000","$416,000",309100,309100,309000,309000,309000,309000,,
2603,6 BROOKSIDE DR,RESIDENTIAL,"$466,800","$466,800",360400,360400,360400,360400,360400,360400,,
2604,4 BROOKSIDE DR,RESIDENTIAL,"$378,100","$378,100",268600,268600,268600,268600,268600,268600,,
2605,6 LOGAN LN,RESIDENTIAL,"$324,600","$324,600",238000,238000,238000,238000,238000,238000,,
2606,4 LOGAN LN,RESIDENTIAL,"$489,200","$489,200",347000,347000,347200,347200,348200,348200,,
2607,2 LOGAN LN,RESIDENTIAL,"$365,200","$365,200",274100,274100,274100,274100,274100,274100,,
2608,50 WATER ST,,"$496,848","$496,848",410200,410200,410200,410200,410200,410200,,
2609,0 WATER ST,,"$15,800","$15,800",13100,13100,13100,13100,13100,13100,,
2610,0 WATER ST,,"$20,200","$20,200",16700,16700,16700,16700,16700,16700,,
2611,0 WATER ST,,"$11,400","$11,400",9500,9500,47300,47300,47300,47300,,
2612,43 MECHANIC ST,COMMERCIAL,"$455,000","$455,000",335300,335300,331900,331900,331900,331900,,
2613,1 BLACKSMITH ST,RESIDENTIAL,"$368,200","$368,200",260500,260500,260500,260500,269800,269800,,
2614,3 BLACKSMITH ST,RESIDENTIAL,"$334,400","$334,400",243900,243900,243900,243900,243900,243900,,
2615,5 BLACKSMITH ST,RESIDENTIAL,"$319,400","$319,400",235400,235400,235400,235400,235400,235400,,
2616,7 BLACKSMITH ST,RESIDENTIAL,"$252,200","$252,200",185200,185200,185200,185200,185200,185200,,
2617,9 BLACKSMITH ST,RESIDENTIAL,"$246,700","$246,700",177600,177600,177600,177600,177600,177600,,
2618,15 BLACKSMITH ST,RESIDENTIAL,"$360,700","$360,700",273900,273900,256100,256100,256100,256100,,
2619,4 BLACKSMITH ST,COMMERCIAL,"$668,300","$668,300",429900,429900,429900,429900,429900,429900,,
2620,2 BLACKSMITH ST,RESIDENTIAL,"$278,700","$278,700",200900,200900,200900,200900,200900,200900,,
2621,55 MECHANIC ST,COMMERCIAL,"$436,000","$436,000",414900,414900,414900,414900,414900,414900,,
2622,85 MECHANIC ST,COMMERCIAL,"$3,435,800","$3,435,800",2927900,2927900,2927000,2927000,2927000,2927000,,
2623,91 MECHANIC ST,INDUSTRIAL,"$1,417,514","$1,417,515",1187800,1187800,1187800,1187800,1187800,1187800,,
2624,95 MECHANIC ST,COMMERCIAL,"$560,387","$560,385",466600,466600,466600,466600,466600,466600,,
2625,0 MECHANIC ST,,"$209,300","$209,300",173000,173000,173000,173000,173000,173000,,
2626,0 MECHANIC ST,,"$7,900","$7,900",6500,6500,6500,6500,6500,6500,,
2627,90 MECHANIC ST,RESIDENTIAL,"$371,000","$371,000",290900,290900,290900,290900,290900,290900,,
2628,88 MECHANIC ST,RESIDENTIAL,"$320,900","$320,900",243300,243300,243300,243300,243300,243300,,
2629,86 MECHANIC ST,RESIDENTIAL,"$348,400","$348,400",265800,265800,265800,265800,265800,265800,,
2630,84 MECHANIC ST,RESIDENTIAL,"$402,900","$402,900",297700,297700,297700,297700,297700,297700,,
2631,82 MECHANIC ST,RESIDENTIAL,"$252,500","$252,500",186900,186900,186900,186900,186900,186900,,
2632,80 MECHANIC ST,RESIDENTIAL,"$343,400","$343,400",265200,265200,265200,265200,265200,265200,,
2633,78 MECHANIC ST,COMMERCIAL,"$377,400","$377,400",258900,258900,258900,258900,258900,258900,,
2634,74 MECHANIC ST,RESIDENTIAL,"$495,300","$495,300",388100,388100,388000,388000,388000,388000,,
2635,70 MECHANIC ST,RESIDENTIAL,"$450,000","$450,000",283700,283700,283700,283700,283700,283700,,
2636,68 MECHANIC ST,COMMERCIAL,"$421,500","$421,500",278000,278000,277900,277900,277900,277900,,
2637,62 MECHANIC ST,COMMERCIAL,"$427,800","$427,800",365000,365000,364900,364900,364900,364900,,
2638,60 MECHANIC ST,RESIDENTIAL,"$405,500","$405,500",305100,305100,305100,305100,305100,305100,,
2639,56 MECHANIC ST,COMMERCIAL,"$440,100","$440,100",303500,303500,303600,303600,303600,303600,,
2640,68 MASCOMA ST,COMMERCIAL,"$665,800","$665,800",592600,592600,592600,592600,592600,592600,,
2641,70 MASCOMA ST,RESIDENTIAL,"$336,700","$336,700",262500,262500,262400,262400,262400,262400,,
2642,74 MASCOMA ST,RESIDENTIAL,"$409,300","$409,300",311900,311900,311900,311900,311900,311900,,
2643,76 MASCOMA ST,RESIDENTIAL,"$503,200","$503,200",384400,384400,384300,384300,384300,384300,,
2644,78 MASCOMA ST,RESIDENTIAL,"$429,200","$429,200",324700,324700,324800,324800,324800,324800,,
2645,82 MASCOMA ST,COMMERCIAL,"$408,300","$408,300",342600,342600,342600,342600,342600,342600,,
2646,84 MASCOMA ST,RESIDENTIAL,"$501,200","$501,200",388700,388700,388700,388700,388700,388700,,
2647,80 MASCOMA ST,RESIDENTIAL,"$343,000","$343,000",248800,248800,248800,248800,248800,248800,,
2648,86 MASCOMA ST,COMMERCIAL,"$593,900","$593,900",417800,417800,417800,417800,417800,417800,,
2649,90 MASCOMA ST,RESIDENTIAL,"$357,000","$357,000",262700,262700,262700,262700,262700,262700,,
2650,92 MASCOMA ST,RESIDENTIAL,"$372,600","$372,600",266900,266900,266800,266800,266800,266800,,
2651,94 MASCOMA ST,COMMERCIAL,"$671,400","$671,400",539200,539200,539400,539400,539400,539400,,
2652,98 MASCOMA ST,RESIDENTIAL,"$361,700","$361,700",271600,271600,271600,271600,271600,271600,,
2653,100 MASCOMA ST,RESIDENTIAL,"$300,000","$300,000",221600,221600,221600,221600,221600,221600,,
2654,106 MASCOMA ST,RESIDENTIAL,"$432,600","$432,600",276100,276100,276100,276100,276100,276100,,
2655,110 MASCOMA ST,RESIDENTIAL,"$439,100","$439,100",337900,337900,337900,337900,337900,337900,,
2656,112 MASCOMA ST,RESIDENTIAL,"$400,600","$400,600",289600,289600,289500,289500,289500,289500,,
2658,103 MASCOMA ST,RESIDENTIAL,"$664,020","$664,020",485500,485500,485500,485500,485500,485500,,
2659,95 MASCOMA ST,RESIDENTIAL,"$424,500","$424,500",323600,323600,323700,323700,323700,323700,,
2660,91 MASCOMA ST,RESIDENTIAL,"$427,100","$427,100",324000,324000,324000,324000,324000,324000,,
2661,89 MASCOMA ST,RESIDENTIAL,"$330,400","$330,400",228100,228100,228200,228200,225800,225800,,
2662,85 MASCOMA ST,RESIDENTIAL,"$497,900","$497,900",374000,374000,374000,374000,374000,374000,,
2663,81 MASCOMA ST,COMMERCIAL,"$544,200","$544,200",359100,359100,359100,359100,359100,359100,,
2664,29 WATER ST,RESIDENTIAL,"$600,600","$600,600",378300,378300,378200,378200,378200,378200,,
2665,35 WATER ST,RESIDENTIAL,"$329,300","$329,300",248500,248500,248500,248500,248500,248500,,
2666,37 WATER ST,RESIDENTIAL,"$343,443","$343,443",266400,266400,266400,266400,273300,273300,,
2667,41 WATER ST,RESIDENTIAL,"$325,548","$325,548",239000,239000,239000,239000,247100,247100,,
2668,43 WATER ST,RESIDENTIAL,"$361,907","$361,907",246700,246700,246700,246700,253600,253600,,
2669,47 WATER ST,RESIDENTIAL,"$407,799","$407,799",314800,314800,314800,314800,322000,322000,,
2670,53 WATER ST,COMMERCIAL,"$487,800","$487,800",339600,339600,339600,339600,339600,339600,,
2671,55 WATER ST,RESIDENTIAL,"$372,200","$372,200",292500,292500,292500,292500,292500,292500,,
2672,57 WATER ST,RESIDENTIAL,"$303,400","$303,400",227600,227600,227600,227600,227600,227600,,
2673,59 WATER ST,RESIDENTIAL,"$326,300","$326,300",246200,246200,246200,246200,242800,242800,,
2674,63 WATER ST,RESIDENTIAL,"$398,400","$398,400",285900,285900,285900,285900,285900,285900,,
2675,69 WATER ST,RESIDENTIAL,"$529,000","$529,000",373100,373100,371100,371100,371100,371100,,
2676,71 WATER ST,RESIDENTIAL,"$403,900","$403,900",297600,297600,297600,297600,297600,297600,,
2677,51 SPRING ST,RESIDENTIAL,"$406,300","$406,300",298100,298100,298100,298100,298100,298100,,
2678,47 SPRING ST,RESIDENTIAL,"$451,500","$451,500",304500,304500,304500,304500,304500,304500,,
2679,64 CHURCH ST,RESIDENTIAL,"$369,800","$369,800",278000,278000,278000,278000,278000,278000,,
2680,62 CHURCH ST,RESIDENTIAL,"$364,500","$364,500",282600,282600,282600,282600,282600,282600,,
2681,60 CHURCH ST,RESIDENTIAL,"$494,900","$494,900",359200,359200,359200,359200,359200,359200,,
2682,58 CHURCH ST,RESIDENTIAL,"$361,600","$361,600",281900,281900,281900,281900,281900,281900,,
2683,54 CHURCH ST,COMMERCIAL,"$579,300","$579,300",429500,429500,429600,429600,429600,429600,,
2684,48 CHURCH ST,RESIDENTIAL,"$432,600","$432,600",334100,334100,334100,334100,334100,334100,,
2685,46 CHURCH ST,RESIDENTIAL,"$442,400","$442,400",328500,328500,328500,328500,328500,328500,,
2686,44 CHURCH ST,RESIDENTIAL,"$357,800","$357,800",259000,259000,259000,259000,259000,259000,,
2687,40 CHURCH ST,RESIDENTIAL,"$321,200","$321,200",233400,233400,233400,233400,233400,233400,,
2688,36 CHURCH ST,RESIDENTIAL,"$258,100","$258,100",189100,189100,189100,189100,189100,189100,,
2689,32 CHURCH ST,COMMERCIAL,"$487,000","$487,000",323900,323900,323800,323800,323800,323800,,
2690,28 CHURCH ST,RESIDENTIAL,"$336,300","$336,300",226200,226200,226200,226200,210600,210600,,
2691,80 CHURCH ST,RESIDENTIAL,"$394,300","$394,300",301600,301600,301400,301400,301400,301400,,
2692,78 CHURCH ST,RESIDENTIAL,"$405,000","$405,000",262400,262400,262400,262400,162200,162200,,
2693,52 SPRING ST,RESIDENTIAL,"$376,700","$376,700",274800,274800,274800,274800,274800,274800,,
2694,0 DULAC ST,,"$269,056","$269,056",222300,222300,222300,222300,222300,222300,,
2695,0 SPRING ST,,"$259,100","$259,100",214100,214100,214200,214200,214200,214200,,
2696,23 DULAC ST,RESIDENTIAL,"$399,800","$399,800",285300,285300,285300,285300,285300,285300,,
2697,21 DULAC ST,RESIDENTIAL,"$368,400","$368,400",292300,292300,292300,292300,292300,292300,,
2698,19 DULAC ST,RESIDENTIAL,"$368,700","$368,700",272900,272900,272900,272900,272900,272900,,
2699,140 SCHOOL ST,RESIDENTIAL,"$327,200","$327,200",251300,251300,251400,251400,251400,251400,,
2700,138 SCHOOL ST,RESIDENTIAL,"$349,900","$349,900",274300,274300,274300,274300,274300,274300,,
2701,136 SCHOOL ST,RESIDENTIAL,"$266,500","$266,500",205600,205600,205700,205700,205700,205700,,
2702,114 SCHOOL ST,COMMERCIAL,"$1,725,600","$1,725,600",866800,866800,866800,866800,866800,866800,,
2703,112 SCHOOL ST,COMMERCIAL,"$489,373","$489,373",346900,346900,346900,346900,346900,346900,,
2704,108 SCHOOL ST,RESIDENTIAL,"$468,300","$468,300",351000,351000,351000,351000,351000,351000,,
2705,104 SCHOOL ST,RESIDENTIAL,"$333,000","$333,000",244400,244400,244400,244400,244400,244400,,
2706,102 SCHOOL ST,COMMERCIAL,"$472,000","$472,000",305100,305100,305100,305100,305100,305100,,
2707,5 COLLEGE AVE,RESIDENTIAL,"$421,300","$421,300",302500,302500,302500,302500,302500,302500,,
2708,7 COLLEGE AVE,RESIDENTIAL,"$459,000","$459,000",350200,350200,344300,344300,344300,344300,,
2709,92 SCHOOL ST,RESIDENTIAL,"$389,900","$389,900",309900,309900,309900,309900,306900,306900,,
2710,0 COLLEGE AVE,,"$12,808","$12,808",10600,10600,10600,10600,10600,10600,,
2711,6 COLLEGE AVE,RESIDENTIAL,"$252,300","$252,300",191200,191200,191200,191200,191200,191200,,
2712,2 COLLEGE AVE,RESIDENTIAL,"$318,600","$318,600",235200,235200,235200,235200,234800,234800,,
2713,2 SOUTH ST,RESIDENTIAL,"$442,800","$442,800",300100,300100,300000,300000,300000,300000,,
2714,6 SOUTH ST,RESIDENTIAL,"$367,300","$367,300",273100,273100,273000,273000,273000,273000,,
2715,8 SOUTH ST,RESIDENTIAL,"$474,300","$474,300",358500,358500,358500,358500,358500,358500,,
2716,10 SOUTH ST,RESIDENTIAL,"$469,300","$469,300",364600,364600,364600,364600,364600,364600,,
2717,14 SOUTH ST,RESIDENTIAL,"$442,800","$442,800",335200,335200,335200,335200,335200,335200,,
2718,18 SOUTH ST,COMMERCIAL,"$2,682,541","$2,682,540",2081200,2081200,2081200,2081200,2081200,2081200,,
2719,24 SOUTH ST,RESIDENTIAL,"$350,300","$350,300",275600,275600,275500,275500,275500,275500,,
2720,0 SOUTH ST,,"$4,100","$4,100",3400,3400,3400,3400,3400,3400,,
2721,4 CALVIN ST,RESIDENTIAL,"$315,778","$315,778",237600,237600,237600,237600,237600,237600,,
2722,0 CALVIN ST,,"$10,500","$10,500",8700,8700,8700,8700,8700,8700,,
2723,32 SOUTH ST,RESIDENTIAL,"$450,100","$450,100",324300,324300,324300,324300,324300,324300,,
2724,82 CHURCH ST,RESIDENTIAL,"$462,100","$462,100",353300,353300,353400,353400,353400,353400,,
2725,73 CHURCH ST,RESIDENTIAL,"$460,700","$460,700",297000,297000,297000,297000,297000,297000,,
2726,79 CHURCH ST,RESIDENTIAL,"$317,300","$317,300",231200,231200,231200,231200,231200,231200,,
2727,31 SOUTH ST,RESIDENTIAL,"$462,400","$462,400",336800,336800,336800,336800,336800,336800,,
2728,23 SOUTH ST,RESIDENTIAL,"$414,700","$414,700",284400,284400,284500,284500,284500,284500,,
2729,19 SOUTH ST,RESIDENTIAL,"$454,000","$454,000",308000,308000,308000,308000,308000,308000,,
2730,17 SOUTH ST,RESIDENTIAL,"$542,700","$542,700",389200,389200,389200,389200,389200,389200,,
2731,15 SOUTH ST,RESIDENTIAL,"$329,100","$329,100",242200,242200,242200,242200,242200,242200,,
2732,11 SOUTH ST,RESIDENTIAL,"$452,500","$452,500",296700,296700,296700,296700,296700,296700,,
2733,9 SOUTH ST,RESIDENTIAL,"$452,100","$452,100",349000,349000,349000,349000,349000,349000,,
2734,7 SOUTH ST,RESIDENTIAL,"$467,600","$467,600",352900,352900,352900,352900,355400,355400,,
2735,84 SCHOOL ST,RESIDENTIAL,"$348,100","$348,100",253100,253100,253100,253100,253100,253100,,
2736,80 SCHOOL,COMMERCIAL,"$694,000","$694,000",477600,477600,477600,477600,477600,477600,,
2737,16 SPRING ST,RESIDENTIAL,"$362,300","$362,300",265000,265000,264900,264900,264900,264900,,
2738,20 SPRING ST,RESIDENTIAL,"$324,500","$324,500",247900,247900,247900,247900,247900,247900,,
2739,24 SPRING ST,RESIDENTIAL,"$460,600","$460,600",341800,341800,340200,340200,340200,340200,,
2740,26 SPRING ST,RESIDENTIAL,"$410,400","$410,400",294900,294900,294900,294900,294900,294900,,
2741,3 LEWIS CT,RESIDENTIAL,"$281,800","$281,800",215400,215400,215400,215400,215400,215400,,
2742,2 LEWIS CT,RESIDENTIAL,"$350,400","$350,400",241900,241900,241400,241400,241400,241400,,
2743,30 SPRING ST,RESIDENTIAL,"$388,100","$388,100",349100,349100,349100,349100,349100,349100,,
2744,34 SPRING ST,RESIDENTIAL,"$259,900","$259,900",181200,181200,181300,181300,181300,181300,,
2745,36 SPRING ST,RESIDENTIAL,"$392,500","$392,500",299000,299000,299000,299000,299000,299000,,
2746,40 SPRING ST,RESIDENTIAL,"$305,100","$305,100",227400,227400,225100,225100,225100,225100,,
2747,42 SPRING ST,RESIDENTIAL,"$378,700","$378,700",293800,293800,293700,293700,293700,293700,,
2748,39 CHURCH ST,RESIDENTIAL,"$376,700","$376,700",288700,288700,288700,288700,288700,288700,,
2749,43 CHURCH ST,RESIDENTIAL,"$381,800","$381,800",293100,293100,293100,293100,293100,293100,,
2750,45 CHURCH ST,RESIDENTIAL,"$286,000","$286,000",213500,213500,213500,213500,213500,213500,,
2751,47 CHURCH ST,RESIDENTIAL,"$267,300","$267,300",196900,196900,196900,196900,196700,196700,,
2752,49 CHURCH ST,RESIDENTIAL,"$316,900","$316,900",236600,236600,236600,236600,236600,236600,,
2753,51 CHURCH ST,RESIDENTIAL,"$443,700","$443,700",327500,327500,327500,327500,327500,327500,,
2754,55 CHURCH ST,RESIDENTIAL,"$302,300","$302,300",223100,223100,223100,223100,223100,223100,,
2755,57 CHURCH ST,COMMERCIAL,"$413,200","$413,200",274700,274700,274700,274700,274700,274700,,
2756,61 CHURCH ST,RESIDENTIAL,"$374,700","$374,700",296000,296000,296000,296000,296000,296000,,
2757,63 CHURCH ST,RESIDENTIAL,"$250,400","$250,400",178900,178900,178900,178900,178900,178900,,
2758,65 CHURCH ST,RESIDENTIAL,"$329,400","$329,400",250600,250600,250600,250600,250600,250600,,
2759,45 SPRING ST,RESIDENTIAL,"$381,100","$381,100",275900,275900,272800,272800,276400,276400,,
2760,43 SPRING ST,RESIDENTIAL,"$493,800","$493,800",340700,340700,340600,340600,340600,340600,,
2761,39 SPRING ST,RESIDENTIAL,"$543,900","$543,900",407100,407100,407100,407100,407100,407100,,
2762,20 PINE ST,RESIDENTIAL,"$377,200","$377,200",293200,293200,293100,293100,293100,293100,,
2763,16 PINE ST,RESIDENTIAL,"$384,900","$384,900",190500,190500,190500,190500,177900,177900,,
2764,14 PINE ST,RESIDENTIAL,"$249,700","$249,700",180900,180900,180900,180900,180900,180900,,
2765,12 PINE ST,RESIDENTIAL,"$288,100","$288,100",220600,220600,220600,220600,220600,220600,,
2766,10 PINE ST,RESIDENTIAL,"$294,200","$294,200",213700,213700,213700,213700,213700,213700,,
2767,8 PINE ST,RESIDENTIAL,"$328,700","$328,700",255600,255600,255600,255600,255600,255600,,
2768,6 PINE ST,RESIDENTIAL,"$368,000","$368,000",283500,283500,283500,283500,283500,283500,,
2769,2 PINE ST,RESIDENTIAL,"$307,500","$307,500",233900,233900,233900,233900,233900,233900,,
2770,35 CHURCH ST,RESIDENTIAL,"$341,700","$341,700",261400,261400,261400,261400,261400,261400,,
2771,1 VALLEY ST,RESIDENTIAL,"$281,100","$281,100",210200,210200,210200,210200,210200,210200,,
2772,1 PINE ST,RESIDENTIAL,"$449,100","$449,100",288700,288700,288600,288600,288600,288600,,
2773,3 PINE ST,RESIDENTIAL,"$407,900","$407,900",312000,312000,312000,312000,312000,312000,,
2774,0 PINE ST,,"$173,600","$173,600",143500,143500,143500,143500,143500,143500,,
2775,11 PINE ST,RESIDENTIAL,"$302,600","$302,600",210900,210900,217400,217400,217400,217400,,
2776,23 PINE ST,RESIDENTIAL,"$606,100","$606,100",469100,469100,469100,469100,457800,457800,,
2777,35 SPRING ST,RESIDENTIAL,"$410,700","$410,700",313700,313700,313700,313700,313700,313700,,
2778,33 SPRING ST,RESIDENTIAL,"$448,700","$448,700",304900,304900,304900,304900,304900,304900,,
2779,6 CHESTNUT ST,RESIDENTIAL,"$386,500","$386,500",277500,277500,277400,277400,277400,277400,,
2780,4 CHESTNUT ST,RESIDENTIAL,"$304,800","$304,800",225900,225900,221700,221700,221700,221700,,
2781,2 CHESTNUT ST,RESIDENTIAL,"$274,300","$274,300",202900,202900,202900,202900,202900,202900,,
2782,15 ABBOTT ST,COMMERCIAL,"$646,100","$646,100",435100,435100,435100,435100,435100,435100,,
2783,9 ABBOTT ST,RESIDENTIAL,"$600,700","$600,700",454900,454900,454900,454900,454900,454900,,
2784,5-7 ABBOTT ST,RESIDENTIAL,"$758,200","$758,200",518300,518300,518200,518200,518200,518200,,
2785,2-4 ABBOTT ST,RESIDENTIAL,"$598,500","$598,500",401200,401200,401200,401200,401200,401200,,
2786,6 ABBOTT ST,RESIDENTIAL,"$432,600","$432,600",317800,317800,317800,317800,317800,317800,,
2787,10 ABBOTT ST,RESIDENTIAL,"$919,600","$919,600",682300,682300,682400,682400,682400,682400,,
2788,14 ABBOTT ST,RESIDENTIAL,"$595,300","$595,300",450900,450900,450800,450800,450800,450800,,
2789,7 CHESTNUT ST,RESIDENTIAL,"$480,000","$480,000",357000,357000,357000,357000,357000,357000,,
2790,27 SPRING ST,RESIDENTIAL,"$481,100","$481,100",349800,349800,349700,349700,349700,349700,,
2791,23 SPRING ST,RESIDENTIAL,"$619,100","$619,100",471400,471400,471400,471400,471400,471400,,
2792,19 SPRING ST,RESIDENTIAL,"$438,400","$438,400",324500,324500,324500,324500,324500,324500,,
2793,15 SPRING ST,RESIDENTIAL,"$485,300","$485,300",380000,380000,379900,379900,379900,379900,,
2794,5 SPRING ST,COMMERCIAL,"$768,300","$768,300",521700,521700,520400,520400,520400,520400,,
2795,72 SCHOOL ST,RESIDENTIAL,"$332,300","$332,300",239600,239600,239600,239600,239600,239600,,
2796,70 SCHOOL ST,RESIDENTIAL,"$347,300","$347,300",252800,252800,252800,252800,252800,252800,,
2797,58 SCHOOL ST,COMMERCIAL,"$664,000","$664,000",570300,570300,570300,570300,570300,570300,,
2798,56 SCHOOL ST,COMMERCIAL,"$1,506,700","$1,506,700",1212800,1212800,1213000,1213000,1216000,1216000,,
2799,52 SCHOOL ST,COMMERCIAL,"$770,000","$770,000",561800,561800,561800,561800,561800,561800,,
2800,46 SCHOOL ST,RESIDENTIAL,"$600,800","$600,800",443300,443300,443300,443300,443300,443300,,
2801,44 SCHOOL ST,COMMERCIAL,"$739,900","$739,900",637600,637600,637700,637700,637700,637700,,
2802,6 GERRISH CT,RESIDENTIAL,"$423,200","$423,200",319100,319100,319100,319100,298900,298900,,
2803,13 GERRISH CT,RESIDENTIAL,"$455,300","$455,300",316100,316100,316100,316100,316100,316100,,
2804,16 GERRISH CT,RESIDENTIAL,"$325,300","$325,300",227400,227400,227400,227400,227400,227400,,
2805,12 GERRISH CT,RESIDENTIAL,"$697,900","$697,900",525900,525900,534500,534500,534500,534500,,
2806,9 GERRISH CT,RESIDENTIAL,"$421,600","$421,600",295600,295600,295700,295700,295700,295700,,
2807,42 SCHOOL ST,RESIDENTIAL,"$459,400","$459,400",353600,353600,353600,353600,353600,353600,,
2808,2 KIMBALL ST,RESIDENTIAL,"$451,800","$451,800",328100,328100,328100,328100,328100,328100,,
2809,37 SCHOOL ST,RESIDENTIAL,"$697,500","$697,500",529400,529400,529400,529400,529400,529400,,
2810,39 SCHOOL ST,RESIDENTIAL,"$556,000","$556,000",390200,390200,390000,390000,390000,390000,,
2811,45 SCHOOL ST,RESIDENTIAL,"$528,600","$528,600",406400,406400,406400,406400,406400,406400,,
2812,47 SCHOOL ST,RESIDENTIAL,"$459,800","$459,800",394300,394300,394500,394500,394500,394500,,
2813,53 SCHOOL ST,RESIDENTIAL,"$676,400","$676,400",511500,511500,511500,511500,511500,511500,,
2814,55 SCHOOL ST,COMMERCIAL,"$186,100","$186,100",155700,155700,155700,155700,155700,155700,,
2815,57 SCHOOL ST,RESIDENTIAL,"$221,400","$221,400",305400,305400,305100,305100,243200,243200,,
2816,3 PROSPECT ST,RESIDENTIAL,"$552,400","$552,400",361100,361100,361000,361000,361000,361000,,
2817,5 PROSPECT ST,RESIDENTIAL,"$447,700","$447,700",300800,300800,300800,300800,300800,300800,,
2818,66 ELM ST,,"$80,400","$80,400",65400,65400,65400,65400,65400,65400,,
2819,64 ELM ST,RESIDENTIAL,"$468,100","$468,100",350100,350100,350100,350100,350100,350100,,
2820,62 ELM ST,RESIDENTIAL,"$441,200","$441,200",343600,343600,343600,343600,343600,343600,,
2821,58 ELM ST,RESIDENTIAL,"$457,800","$457,800",358500,358500,358500,358500,358500,358500,,
2822,56 ELM ST,RESIDENTIAL,"$433,300","$433,300",310600,310600,310600,310600,310600,310600,,
2823,52 ELM ST,COMMERCIAL,"$717,200","$717,200",537300,537300,537300,537300,537300,537300,,
2824,31 UNION ST,RESIDENTIAL,"$642,100","$642,100",473500,473500,473500,473500,490800,490800,,
2825,41 UNION ST,RESIDENTIAL,"$545,400","$545,400",367700,367700,367700,367700,367700,367700,,
2826,38 UNION ST,RESIDENTIAL,"$431,200","$431,200",295400,295400,295300,295300,295300,295300,,
2827,34 UNION ST,RESIDENTIAL,"$768,700","$768,700",576500,576500,576500,576500,411800,411800,,
2828,30 UNION ST,RESIDENTIAL,"$471,300","$471,300",345900,345900,345900,345900,345900,345900,,
2829,53 ELM ST,COMMERCIAL,"$530,600","$530,600",437700,437700,437600,437600,437600,437600,,
2830,59 ELM ST,RESIDENTIAL,"$441,000","$441,000",303400,303400,303400,303400,303400,303400,,
2831,61 ELM ST,RESIDENTIAL,"$390,300","$390,300",286100,286100,286100,286100,286100,286100,,
2832,65 ELM ST,RESIDENTIAL,"$524,300","$524,300",389500,389500,389400,389400,375800,375800,,
2833,67 ELM ST,RESIDENTIAL,"$412,900","$412,900",312600,312600,323300,323300,323300,323300,,
2834,69 ELM ST,RESIDENTIAL,"$389,700","$389,700",293300,293300,293500,293500,293500,293500,,
2835,71 ELM ST,RESIDENTIAL,"$311,300","$311,300",255700,255700,255700,255700,255700,255700,,
2836,77 ELM ST,RESIDENTIAL,"$475,900","$475,900",350300,350300,350400,350400,350400,350400,,
2837,23 PROSPECT ST,RESIDENTIAL,"$369,100","$369,100",280000,280000,280000,280000,280000,280000,,
2838,4 MILLEN LN,RESIDENTIAL,"$340,800","$340,800",257400,257400,257400,257400,257400,257400,,
2839,8 MILLEN LN,,"$95,500","$95,500",77800,77800,77700,77700,77700,77700,,
2840,25 PROSPECT ST,RESIDENTIAL,"$719,600","$719,600",528400,528400,528400,528400,528400,528400,,
2841,27 PROSPECT ST,COMMERCIAL,"$707,679","$707,679",513200,513200,513200,513200,513200,513200,,
2842,80 FOREST AVE,RESIDENTIAL,"$393,300","$393,300",289200,289200,281800,281800,281800,281800,,
2843,78 FOREST AVE,RESIDENTIAL,"$459,900","$459,900",329100,329100,329100,329100,329100,329100,,
2844,76 FOREST AVE,RESIDENTIAL,"$309,900","$309,900",227700,227700,227700,227700,227700,227700,,
2845,75 FOREST AVE,RESIDENTIAL,"$478,900","$478,900",341700,341700,341700,341700,341700,341700,,
2846,77 FOREST AVE,RESIDENTIAL,"$489,800","$489,800",353700,353700,353600,353600,338800,338800,,
2847,79 FOREST AVE,RESIDENTIAL,"$525,400","$525,400",411300,411300,411300,411300,411300,411300,,
2848,3 WOODLEY RD,RESIDENTIAL,"$628,500","$628,500",412000,412000,411800,411800,411800,411800,,
2849,2 WOODLEY RD,RESIDENTIAL,"$447,900","$447,900",316800,316800,316800,316800,316800,316800,,
2850,35 PROSPECT ST,RESIDENTIAL,"$612,300","$612,300",429000,429000,429100,429100,429100,429100,,
2851,39 PROSPECT ST,RESIDENTIAL,"$794,800","$794,800",580400,580400,580600,580600,580600,580600,,
2852,59 PROSPECT ST,RESIDENTIAL,"$623,287","$623,287",413100,413100,413100,413100,452100,452100,,
2854,75 PROSPECT ST,RESIDENTIAL,"$422,142","$422,142",287700,287700,287700,287700,287700,287700,,
2855,72 PROSPECT ST,RESIDENTIAL,"$501,300","$501,300",369500,369500,368800,368800,368800,368800,,
2856,64 PROSPECT ST,RESIDENTIAL,"$481,317","$481,317",356300,356300,356300,356300,356300,356300,,
2857,60 PROSPECT ST,RESIDENTIAL,"$583,928","$583,928",396700,396700,396700,396700,396700,396700,,
2858,62 PROSPECT ST,RESIDENTIAL,"$559,682","$559,682",416000,416000,416000,416000,416000,416000,,
2859,58 PROSPECT ST,RESIDENTIAL,"$531,701","$531,701",407800,407800,407800,407800,407800,407800,,
2860,50 PROSPECT ST,RESIDENTIAL,"$433,300","$433,300",394000,394000,374000,374000,374000,374000,,
2861,40 PROSPECT ST,RESIDENTIAL,"$486,070","$486,070",354700,354700,354700,354700,360900,360900,,
2862,33 PERLEY AVE,RESIDENTIAL,"$914,400","$914,400",662800,662800,662900,662900,662900,662900,,
2863,31 PERLEY AVE,RESIDENTIAL,"$490,200","$490,200",344600,344600,344600,344600,344600,344600,,
2864,25 PERLEY AVE,RESIDENTIAL,"$433,200","$433,200",330900,330900,330800,330800,330800,330800,,
2865,21 PERLEY AVE,RESIDENTIAL,"$511,400","$511,400",386400,386400,386500,386500,403100,403100,,
2866,17 PERLEY AVE,RESIDENTIAL,"$399,600","$399,600",285200,285200,285200,285200,285200,285200,,
2867,13 PERLEY AVE,RESIDENTIAL,"$317,000","$317,000",240000,240000,240000,240000,240000,240000,,
2868,9 PERLEY AVE,RESIDENTIAL,"$447,800","$447,800",316300,316300,316100,316100,316100,316100,,
2869,7 PERLEY AVE,RESIDENTIAL,"$414,400","$414,400",324300,324300,205200,205200,205200,205200,,
2870,5 PERLEY AVE,RESIDENTIAL,"$489,900","$489,900",350200,350200,350100,350100,350100,350100,,
2871,31 MESSENGER ST,RESIDENTIAL,"$367,600","$367,600",274700,274700,274700,274700,274700,274700,,
2872,18 PERLEY AVE,RESIDENTIAL,"$607,200","$607,200",426300,426300,426300,426300,421400,421400,,
2873,20 PERLEY AVE,RESIDENTIAL,"$505,200","$505,200",382000,382000,382100,382100,382100,382100,,
2874,22 PERLEY AVE,RESIDENTIAL,"$447,800","$447,800",318000,318000,318100,318100,318100,318100,,
2875,24 PERLEY AVE,RESIDENTIAL,"$484,400","$484,400",367700,367700,367800,367800,367800,367800,,
2876,30 PROSPECT ST,RESIDENTIAL,"$464,700","$464,700",345000,345000,328000,328000,328000,328000,,
2877,26 PROSPECT ST,RESIDENTIAL,"$468,800","$468,800",362200,362200,396700,396700,396700,396700,,
2878,4 FOLLENSBEE AVE,RESIDENTIAL,"$408,000","$408,000",274500,274500,274400,274400,274400,274400,,
2879,6 FOLLENSBEE AVE,RESIDENTIAL,"$387,600","$387,600",268300,268300,268300,268300,268300,268300,,
2880,8 FOLLENSBEE AVE,RESIDENTIAL,"$616,500","$616,500",407300,407300,407400,407400,407400,407400,,
2881,5 FOLLENSBEE AVE,RESIDENTIAL,"$434,600","$434,600",311500,311500,311400,311400,311400,311400,,
2882,1 FOLLENSBEE AVE,COMMERCIAL,"$678,000","$678,000",498600,498600,498600,498600,498600,498600,,
2883,8 PROSPECT ST,RESIDENTIAL,"$398,500","$398,500",307100,307100,307100,307100,307100,307100,,
2884,67 SCHOOL ST,COMMERCIAL,"$606,400","$606,400",445600,445600,445700,445700,445700,445700,,
2885,3 MESSENGER ST,RESIDENTIAL,"$377,000","$377,000",263700,263700,263800,263800,263800,263800,,
2886,5 MESSENGER ST,RESIDENTIAL,"$361,300","$361,300",250800,250800,250700,250700,250700,250700,,
2887,9 MESSENGER ST,RESIDENTIAL,"$382,800","$382,800",287000,287000,158400,158400,92100,92100,,
2888,15 MESSENGER ST,RESIDENTIAL,"$482,200","$482,200",315900,315900,330700,330700,330700,330700,,
2889,19 MESSENGER ST,RESIDENTIAL,"$633,900","$633,900",454500,454500,454400,454400,431900,431900,,
2890,25 MESSENGER ST,RESIDENTIAL,"$494,100","$494,100",355700,355700,355800,355800,355800,355800,,
2891,29 MESSENGER ST,RESIDENTIAL,"$451,700","$451,700",342900,342900,342800,342800,342800,342800,,
2892,28 MESSENGER ST,RESIDENTIAL,"$335,200","$335,200",234400,234400,234300,234300,234300,234300,,
2893,26 MESSENGER ST,RESIDENTIAL,"$390,100","$390,100",275600,275600,275600,275600,239100,239100,,
2894,24 MESSENGER ST,RESIDENTIAL,"$384,000","$384,000",264900,264900,265000,265000,265000,265000,,
2895,20 MESSENGER ST,RESIDENTIAL,"$564,900","$564,900",414000,414000,414000,414000,414000,414000,,
2896,16 MESSENGER ST,RESIDENTIAL,"$548,900","$548,900",419300,419300,419300,419300,419300,419300,,
2897,6 MESSENGER ST,RESIDENTIAL,"$425,300","$425,300",290600,290600,290500,290500,290500,290500,,
2898,2 MESSENGER ST,RESIDENTIAL,"$526,400","$526,400",312100,312100,312000,312000,310500,310500,,
2899,91 SCHOOL ST,RESIDENTIAL,"$496,400","$496,400",350000,350000,350000,350000,350000,350000,,
2900,93 SCHOOL ST,RESIDENTIAL,"$494,700","$494,700",382200,382200,382200,382200,382200,382200,,
2901,99 SCHOOL ST,RESIDENTIAL,"$331,800","$331,800",253300,253300,256500,256500,256500,256500,,
2902,101 SCHOOL ST,RESIDENTIAL,"$316,700","$316,700",221200,221200,221200,221200,221200,221200,,
2903,103 SCHOOL ST,RESIDENTIAL,"$421,500","$421,500",309200,309200,319100,319100,319100,319100,,
2904,105 SCHOOL ST,RESIDENTIAL,"$528,800","$528,800",377800,377800,377700,377700,377700,377700,,
2905,115 SCHOOL ST,RESIDENTIAL,"$352,200","$352,200",255000,255000,255000,255000,255000,255000,,
2906,119 SCHOOL ST,RESIDENTIAL,"$379,700","$379,700",270600,270600,270600,270600,270600,270600,,
2907,125 SCHOOL ST,RESIDENTIAL,"$464,971","$464,971",325600,325600,325600,325600,324400,324400,,
2908,127 SCHOOL ST,RESIDENTIAL,"$545,200","$545,200",389500,389500,394800,394800,394800,394800,,
2909,129 SCHOOL ST,RESIDENTIAL,"$413,900","$413,900",316500,316500,316600,316600,316600,316600,,
2910,131 SCHOOL ST,RESIDENTIAL,"$421,092","$421,092",298400,298400,298400,298400,298400,298400,,
2911,98 PROSPECT ST,RESIDENTIAL,"$402,300","$402,300",306800,306800,306700,306700,306700,306700,,
2913,82 PROSPECT ST,RESIDENTIAL,"$382,118","$358,346",285300,265595,285300,265595,285300,265595,,
2914,78 PROSPECT ST,RESIDENTIAL,"$445,050","$445,050",326900,326900,326900,326900,314800,314800,,
2915,74 PROSPECT ST,RESIDENTIAL,"$488,478","$488,478",385200,385200,385200,385200,385200,385200,,
2916,70 PROSPECT ST,RESIDENTIAL,"$437,403","$437,403",323100,323100,323100,323100,323100,323100,,
2917,3 PORTER RD,RESIDENTIAL,"$507,376","$507,376",386100,386100,386100,386100,386100,386100,,
2918,2 PORTER RD,RESIDENTIAL,"$534,377","$534,377",383300,383300,383300,383300,383300,383300,,
2920,8 RESERVOIR RD,RESIDENTIAL,"$618,690","$618,690",438900,438900,438900,438900,424300,424300,,
2921,79 PROSPECT ST,RESIDENTIAL,"$504,900","$504,900",354600,354600,354800,354800,354800,354800,,
2922,65 PROSPECT ST,RESIDENTIAL,"$433,600","$433,600",326100,326100,326200,326200,326200,326200,,
2923,77 PROSPECT ST,RESIDENTIAL,"$556,817","$556,817",370800,370800,370800,370800,370800,370800,,
2925,103 PROSPECT STREET EXT,RESIDENTIAL,"$920,950","$920,950",604600,604600,404100,404100,410100,410100,,
2927,194 DARTMOUTH COLLEGE HWY,COMMERCIAL,"$1,101,800","$1,101,800",918600,918600,918900,918900,918900,918900,,
2928,184 DARTMOUTH COLLEGE HWY,RESIDENTIAL,"$452,340","$452,340",306500,306500,306500,306500,306500,306500,,
2929,180 DARTMOUTH COLLEGE HWY,RESIDENTIAL,"$251,320","$251,320",179300,179300,179300,179300,179300,179300,,
2930,168 DARTMOUTH COLLEGE HWY,RESIDENTIAL,"$295,200","$295,200",215700,215700,215700,215700,215700,215700,,
2931,0 DARTMOUTH COLLEGE HWY,COMMERCIAL,"$476,756","$476,756",383800,383800,383800,383800,383800,383800,,
2932,67 PUMPING STATION RD,COMMERCIAL,"$9,911,973","$9,911,973",8180700,8180700,8180700,8180700,8180700,8180700,,
2933,0 ROBERTS ST,,"$14,000","$14,000",11500,11500,11500,11500,11500,11500,,
2934,13 MOULTON AVE,RESIDENTIAL,"$416,500","$416,500",309300,309300,309500,309500,309500,309500,,
2935,115 PROSPECT STREET EXT,RESIDENTIAL,"$590,800","$590,800",408800,408800,408800,408800,408800,408800,,
2936,119 PROSPECT STREET EXT,RESIDENTIAL,"$545,800","$545,800",366500,366500,366400,366400,366400,366400,,
2937,120 PROSPECT STREET EXT,RESIDENTIAL,"$536,400","$536,400",422900,422900,423000,423000,423000,423000,,
2938,116 PROSPECT STREET EXT,RESIDENTIAL,"$525,200","$525,200",370700,370700,370500,370500,370500,370500,,
2939,110 PROSPECT STREET EXT,RESIDENTIAL,"$546,600","$546,600",411000,411000,411000,411000,411000,411000,,
2940,0 LAPLANTE RD,,"$37,310","$37,310",30800,30800,30800,30800,30800,30800,,
2941,7 SKYLARK RD,RESIDENTIAL,"$455,100","$455,100",327800,327800,327700,327700,346400,346400,,
2942,148 PROSPECT STREET EXT,RESIDENTIAL,"$530,900","$530,900",348900,348900,348900,348900,348900,348900,,
2943,144 PROSPECT STREET EXT,RESIDENTIAL,"$629,130","$629,130",428500,428500,428500,428500,428500,428500,,
2944,140 PROSPECT STREET EXT,RESIDENTIAL,"$545,150","$545,150",381200,381200,381200,381200,381200,381200,,
2945,136 PROSPECT STREET EXT,RESIDENTIAL,"$556,000","$556,000",407000,407000,407100,407100,408800,408800,,
2946,132 PROSPECT STREET EXT,RESIDENTIAL,"$460,700","$460,700",315900,315900,315800,315800,315800,315800,,
2947,128 PROSPECT STREET EXT,RESIDENTIAL,"$499,400","$499,400",336100,336100,336200,336200,336200,336200,,
2948,124 PROSPECT STREET EXT,RESIDENTIAL,"$535,300","$535,300",358000,358000,358200,358200,358200,358200,,
2949,123 PROSPECT STREET EXT,RESIDENTIAL,"$660,400","$660,400",476000,476000,475800,475800,475800,475800,,
2950,127 PROSPECT STREET EXT,RESIDENTIAL,"$487,200","$487,200",353200,353200,353400,353400,353400,353400,,
2951,131 PROSPECT STREET EXT,RESIDENTIAL,"$630,700","$630,700",435900,435900,436100,436100,436100,436100,,
2952,135 PROSPECT ST,RESIDENTIAL,"$771,100","$771,100",541000,541000,541200,541200,541200,541200,,
2953,139 PROSPECT STREET EXT,RESIDENTIAL,"$591,200","$591,200",421500,421500,421700,421700,421700,421700,,
2954,141 PROSPECT STREET EXT,RESIDENTIAL,"$673,700","$673,700",461900,461900,462100,462100,462100,462100,,
2955,145 PROSPECT STREET EXT,RESIDENTIAL,"$528,400","$528,400",396200,396200,396400,396400,396400,396400,,
2956,149 PROSPECT STREET EXT,RESIDENTIAL,"$736,400","$736,400",518800,518800,518900,518900,518900,518900,,
2957,153 PROSPECT STREET EXT,RESIDENTIAL,"$552,800","$552,800",406500,406500,406800,406800,406800,406800,,
2958,159 PROSPECT STREET EXT,RESIDENTIAL,"$642,400","$642,400",477300,477300,477400,477400,477400,477400,,
2959,12 LAPLANTE RD,RESIDENTIAL,"$595,400","$595,400",437900,437900,437900,437900,445100,445100,,
2960,0 ROBERTS ST,,"$13,500","$13,500",11200,11200,11200,11200,11200,11200,,
2961,0 ROBERTS ST,,"$13,500","$13,500",11200,11200,11200,11200,11200,11200,,
2962,0 ROBERTS ST,,"$13,500","$13,500",11200,11200,11200,11200,11200,11200,,
2963,0 ROBERTS ST,,"$13,500","$13,500",11200,11200,11200,11200,11200,11200,,
2964,0 ROBERTS ST,,"$13,500","$13,500",11200,11200,11200,11200,11200,11200,,
2965,0 ROBERTS ST,,"$13,500","$13,500",11200,11200,11200,11200,11200,11200,,
2966,0 ROBERTS ST,,"$13,500","$13,500",11200,11200,11200,11200,11200,11200,,
2967,0 ROBERTS ST,,"$13,500","$13,500",11200,11200,11200,11200,11200,11200,,
2968,0 ROBERTS ST,,"$14,000","$14,000",11500,11500,11500,11500,11500,11500,,
2969,3 MOULTON AVE,COMMERCIAL,"$29,438,760","$29,438,760",26440200,26440200,26440200,26440200,26510200,26510200,,
2970,216 DARTMOUTH COLLEGE HWY,RESIDENTIAL,"$407,520","$407,520",294000,294000,294000,294000,294000,294000,,
2971,0 DARTMOUTH COLLEGE HWY,,"$146,000","$146,000",120700,120700,120600,120600,120600,120600,,
2972,207 DARTMOUTH COLLEGE HWY,RESIDENTIAL,"$595,000","$595,000",494800,494800,495000,495000,495000,495000,,
2973,209 DARTMOUTH COLLEGE HWY,RESIDENTIAL,"$488,200","$488,200",387800,387800,387800,387800,387800,387800,,
2974,213 DARTMOUTH COLLEGE HWY,RESIDENTIAL,"$586,840","$586,840",408200,408200,408200,408200,400700,400700,,
2975,0 DARTMOUTH COLLEGE HWY,,"$11,900",$30,9900,30,9900,30,9900,30,,
2976,0 DARTMOUTH COLLEGE HWY,,"$12,000","$12,000",9900,9900,9900,9900,9900,9900,,
2977,0 DARTMOUTH COLLEGE HWY,,"$239,000","$239,000",197500,197500,197500,197500,197500,197500,,
2978,247 DARTMOUTH COLLEGE HWY,RESIDENTIAL,"$415,240","$415,240",302000,302000,302000,302000,302000,302000,,
2979,255 DARTMOUTH COLLEGE HWY,RESIDENTIAL,"$319,895","$319,895",242000,242000,242000,242000,242000,242000,,
2980,259 DARTMOUTH COLLEGE HWY,COMMERCIAL,"$441,200","$441,200",402400,402400,402300,402300,402300,402300,,
2981,261 DARTMOUTH COLLEGE HWY,RESIDENTIAL,"$175,685","$175,685",131900,131900,131900,131900,131900,131900,,
2982,274 BANK ST EXT,RESIDENTIAL,"$676,599","$676,599",462600,462600,462600,462600,462600,462600,,
2983,0 BANK ST EXT,,"$2,200","$2,200",1900,1900,1900,1900,1900,1900,,
2984,3 WINONA CIR,RESIDENTIAL,"$562,300","$562,300",376000,376000,375900,375900,375900,375900,,
2985,9 WINONA CIR,RESIDENTIAL,"$552,000","$552,000",437600,437600,437700,437700,437700,437700,,
2986,15 WINONA CIR,RESIDENTIAL,"$570,200","$570,200",380100,380100,380000,380000,380000,380000,,
2987,21 WINONA CIR,RESIDENTIAL,"$544,700","$544,700",376300,376300,376200,376200,376200,376200,,
2988,27 WINONA CIR,RESIDENTIAL,"$556,500","$556,500",439600,439600,439600,439600,439600,439600,,
2989,44 WINONA CIR,RESIDENTIAL,"$529,800","$529,800",357400,357400,357300,357300,357300,357300,,
2990,38 WINONA CIR,RESIDENTIAL,"$471,200","$471,200",312200,312200,312100,312100,312100,312100,,
2991,32 WINONA CIR,RESIDENTIAL,"$655,800","$655,800",463000,463000,462900,462900,462900,462900,,
2992,26 WINONA CIR,RESIDENTIAL,"$541,600","$541,600",414800,414800,414800,414800,414800,414800,,
2993,20 WINONA CIR,RESIDENTIAL,"$649,200","$649,200",510300,510300,537800,537800,537800,537800,,
2994,14 WINONA CIR,RESIDENTIAL,"$508,800","$508,800",404900,404900,404900,404900,404900,404900,,
2995,8 WINONA CIR,RESIDENTIAL,"$503,300","$503,300",372600,372600,372500,372500,372500,372500,,
2996,6 WINONA CIR,RESIDENTIAL,"$462,700","$462,700",316000,316000,316100,316100,316100,316100,,
2997,1 HARDY HILL RD,RESIDENTIAL,"$643,104","$643,104",447400,447400,447400,447400,447400,447400,,
2998,0 HARDY HILL RD,,"$320,715","$320,715",261000,261000,261000,261000,261000,261000,,
2999,15 RIVERSIDE DR,RESIDENTIAL,"$415,273","$415,273",305700,305700,305700,305700,305700,305700,,
3000,17 RIVERSIDE DR,RESIDENTIAL,"$426,293","$426,293",303700,303700,303700,303700,303700,303700,,
3001,23 RIVERSIDE DR,RESIDENTIAL,"$860,169","$860,169",657800,657800,657800,657800,657800,657800,,
3002,260 DARTMOUTH COLLEGE HWY,COMMERCIAL,"$300,200","$300,200",259700,259700,259700,259700,259700,259700,,
3003,254 DARTMOUTH COLLEGE HWY,COMMERCIAL,"$653,360","$653,360",526300,526300,526300,526300,526300,526300,,
3004,250 DARTMOUTH COLLEGE HWY,RESIDENTIAL,"$176,360","$176,360",129300,129300,129300,129300,129300,129300,,
3005,3 LAPLANTE RD,RESIDENTIAL,"$444,200","$444,200",301300,301300,301300,301300,301300,301300,,
3006,7 LAPLANTE RD,RESIDENTIAL,"$418,090","$418,090",296500,296500,296500,296500,296500,296500,,
3007,11 LAPLANTE RD,RESIDENTIAL,"$378,650","$378,650",293600,293600,293600,293600,293600,293600,,
3008,15 LAPLANTE RD,RESIDENTIAL,"$393,700","$393,700",283000,283000,283000,283000,283000,283000,,
3009,0 DARTMOUTH COLLEGE HWY,,"$1,810","$1,810",1500,1500,1500,1500,1500,1500,,
3010,266 DARTMOUTH COLLEGE HWY,RESIDENTIAL,"$154,100","$154,100",114900,114900,114800,114800,114800,114800,,
3011,263 DARTMOUTH COLLEGE HWY,COMMERCIAL,"$275,190","$275,190",238400,238400,238400,238400,238400,238400,,
3012,42 RIVERSIDE DR,COMMERCIAL,"$2,976,200","$2,976,200",2566900,2566900,2566900,2566900,2566900,2566900,,
3013,285 DARTMOUTH COLLEGE HWY,RESIDENTIAL,"$273,200","$273,200",202200,202200,202200,202200,202200,202200,,
3014,39 RIVERSIDE DR,COMMERCIAL,"$558,223","$558,225",493200,493200,493200,493200,493200,493200,,
3015,45 RIVERSIDE DR,RESIDENTIAL,"$390,807","$390,807",257000,257000,257000,257000,265500,265500,,
3016,0 RIVERSIDE DR,,"$15,000","$15,000",13100,13100,13100,13100,13100,13100,,
3017,0 RIVERSIDE DR,,"$37,779","$37,779",33100,33100,33100,33100,33100,33100,,
3018,65 RIVERSIDE DR,COMMERCIAL,"$505,915","$505,915",436900,436900,436900,436900,436900,436900,,
3019,71 RIVERSIDE DR,RESIDENTIAL,"$380,096","$380,096",277900,277900,277900,277900,287000,287000,,
3020,75 RIVERSIDE DR,RESIDENTIAL,"$353,038","$353,038",263300,263300,263300,263300,299100,299100,,
3021,10 MILL RD,RESIDENTIAL,"$376,013","$376,013",269300,269300,269300,269300,276900,276900,,
3022,3 FELLOWS HILL RD,RESIDENTIAL,"$218,955","$218,955",170500,170500,170500,170500,177000,177000,,
3023,81 RIVERSIDE DR,COMMERCIAL,"$220,712","$220,710",197100,197100,197100,197100,197100,197100,,
3024,88 RIVERSIDE DR,COMMERCIAL,"$958,612","$958,612",709600,709600,709600,709600,709600,709600,,
3025,90 RIVERSIDE DR,COMMERCIAL,"$1,057,730","$1,057,730",881100,881100,881100,881100,881100,881100,,
3026,0 STONEY BROOK RD,,"$94,234","$94,234",82300,82300,82300,82300,82300,82300,,
3027,0 FARR RD,,$0,$0,0,0,0,0,0,0,,
3028,18 MILL RD,,"$67,300","$67,300",58900,58900,58900,58900,58900,58900,,
3029,83 RIVERSIDE DR,RESIDENTIAL,"$311,700","$311,700",235300,235300,235400,235400,240800,240800,,
3030,23 FELLOWS HILL RD,RESIDENTIAL,"$386,695","$386,695",294200,294200,284100,284100,284100,284100,,
3031,355 DARTMOUTH COLLEGE HWY,RESIDENTIAL,"$394,171","$394,171",287200,287200,287200,287200,287200,287200,,
3032,363 DARTMOUTH COLLEGE HWY,RESIDENTIAL,"$547,952","$528,789",406500,389890,406600,389990,405000,389570,,
3033,373 DARTMOUTH COLLEGE HWY,,"$426,750","$426,750",373500,373500,373500,373500,373500,373500,,
3034,383 DARTMOUTH COLLEGE HWY,RESIDENTIAL,"$306,892","$306,892",226600,226600,226600,226600,226600,226600,,
3035,397 DARTMOUTH COLLEGE HWY,,"$122,285","$122,285",91100,91100,91100,91100,91100,91100,,
3036,396 DARTMOUTH COLLEGE HWY,RESIDENTIAL,"$463,900","$463,900",330800,330800,331000,331000,331000,331000,,
3037,0 DARTMOUTH COLLEGE HWY,,"$832,300","$832,300",761300,761300,788400,788400,807000,807000,,
3038,384 DARTMOUTH COLLEGE HWY,RESIDENTIAL,"$440,600","$421,105",322900,305905,322900,305905,322900,305905,,
3039,380 DARTMOUTH COLLEGE HWY,RESIDENTIAL,"$304,481","$304,481",227300,227300,227300,227300,227300,227300,,
3040,378 DARTMOUTH COLLEGE HWY,RESIDENTIAL,"$323,345","$323,345",237800,237800,237800,237800,237800,237800,,
3041,374 DARTMOUTH COLLEGE HWY,RESIDENTIAL,"$410,646","$410,646",293400,293400,293400,293400,293400,293400,,
3042,92 RIVERSIDE DR,COMMERCIAL,"$2,608,900","$2,608,900",74500,74500,67800,67800,67800,67800,,
3043,11 EASTMAN HILL RD,RESIDENTIAL,"$516,961","$516,961",439200,439200,409100,409100,417300,417300,,
3044,23 EASTMAN HILL RD,RESIDENTIAL,"$357,493","$357,493",300400,300400,300400,300400,300400,300400,,
3045,18 EASTMAN HILL RD,RESIDENTIAL,"$655,300","$655,300",515300,515300,515300,515300,515300,515300,,
3046,12 EASTMAN HILL RD,RESIDENTIAL,"$520,100","$520,100",335100,335100,335100,335100,335100,335100,,
3047,406 DARTMOUTH COLLEGE HWY,RESIDENTIAL,"$550,852","$528,391",385100,365490,385100,365490,366400,346790,,
3048,250 PLAINFIELD RD,COMMERCIAL,"$59,783,132","$59,783,130",53364500,53364500,53364500,53364500,53364500,53364500,,
3049,250 PLAINFIELD RD,,"$46,300","$46,300",31300,31300,31300,31300,31300,31300,,
3050,0 PLAINFIELD RD,,"$12,515","$12,515",10900,10900,10900,10900,10900,10900,,
3051,0 S MAIN ST,,"$23,281","$23,281",21700,21700,21700,21700,21700,21700,,
3052,200 S MAIN ST,COMMERCIAL,"$33,241,907","$33,241,910",30033600,30033600,30033600,30033600,30033600,30033600,,
3053,3 AIRPORT RD,COMMERCIAL,"$2,940,600","$2,940,600",2638700,2638700,2638700,2638700,2638700,2638700,,
3054,5 AIRPORT RD,INDUSTRIAL,"$7,479,300","$7,479,300",6303100,6303100,6303100,6303100,6304300,6304300,,
3055,0 AIRPORT RD,COMMERCIAL,"$23,100","$23,100",25100,25100,25100,25100,25100,25100,,
3056,1 INTERCHANGE DR,COMMERCIAL,"$2,709,400","$2,709,400",2470900,2470900,2471400,2471400,2940800,2940800,,
3057,9 INTERCHANGE DR,COMMERCIAL,"$677,500","$677,500",564000,564000,564200,564200,564200,564200,,
3058,206 S MAIN ST,,"$1,647,600","$1,647,600",1361900,1361900,1412000,1412000,1412000,1412000,,
3059,196 S MAIN ST,COMMERCIAL,"$2,482,500","$2,482,500",2171700,2171700,2171600,2171600,2171600,2171600,,
3060,192 S MAIN ST,COMMERCIAL,"$2,242,200","$2,242,200",1887100,1887100,1886800,1886800,1886800,1886800,,
3061,184 S MAIN ST,COMMERCIAL,"$1,287,207","$1,287,205",1085700,1085700,1085700,1085700,1085700,1085700,,
3062,41 GLEN RD,COMMERCIAL,"$1,023,900","$1,023,900",944600,944600,944500,944500,944500,944500,,
3063,51 GLEN RD,COMMERCIAL,"$473,000","$473,000",418800,418800,418700,418700,420300,420300,,
3064,53 GLEN RD,RESIDENTIAL,"$435,800","$435,800",234600,234600,234600,234600,236600,236600,,
3065,8 GLEN RD,COMMERCIAL,"$14,194,728","$14,194,730",11617900,11617900,11617900,11617900,11617900,11617900,,
3066,82 BENNING ST,INDUSTRIAL,"$8,002,600","$8,002,600",7602500,7602500,7632500,7632500,7632500,7632500,,
3067,66 BENNING ST,COMMERCIAL,"$4,830,968","$4,830,970",4153200,4153200,4124900,4124900,4124900,4124900,,
3068,191 S MAIN ST,COMMERCIAL,"$1,899,100","$1,899,100",1591800,1591800,1592100,1592100,1592100,1592100,,
3069,197 S MAIN ST,COMMERCIAL,"$1,960,100","$1,960,100",1685000,1685000,1684300,1684300,1684300,1684300,,
3070,201 S MAIN ST,COMMERCIAL,"$2,341,476","$2,341,475",1887700,1887700,1887700,1887700,1887700,1887700,,
3071,10 BENNING ST,COMMERCIAL,"$14,688,700","$14,688,700",13002600,13002600,13002600,13002600,13002600,13002600,,
3072,25 AIRPORT RD,COMMERCIAL,"$6,135,098","$6,135,098",4762600,4762600,4762600,4762600,4762600,4762600,,
3073,43 AIRPORT RD,COMMERCIAL,"$629,140","$629,140",549900,549900,549900,549900,549900,549900,,
3074,45 AIRPORT RD,COMMERCIAL,"$3,544,368","$3,544,368",2820900,2820900,2820900,2820900,2820900,2820900,,
3075,0 AIRPORT RD,INDUSTRIAL,"$250,173","$250,173",218100,218100,218100,218100,218100,218100,,
3076,103 GLEN RD,COMMERCIAL,"$1,623,700","$1,623,700",1259500,1259500,1259500,1259500,1259500,1259500,,
3077,73 ELM STWEST,COMMERCIAL,"$4,247,250","$4,247,250",3675600,3675600,3675600,3675600,3675600,3675600,,
3078,0 ELM STWEST,COMMERCIAL,"$160,700","$160,700",155900,155900,155900,155900,155900,155900,,
3080,0 ELM STWEST,COMMERCIAL,"$233,900","$233,900",210400,210400,210400,210400,210400,210400,,
3081,82 SEMINARY HILL,,"$282,875","$282,875",262000,262000,262000,262000,262000,262000,,
3082,14 HATHORN AVE,RESIDENTIAL,"$444,453","$444,453",323100,323100,323100,323100,328000,328000,,
3083,0 GLEN RD,,"$6,300","$6,300",5200,5200,5200,5200,5200,5200,,
3084,0 GLEN RD,,"$55,600","$55,600",45900,45900,45900,45900,45900,45900,,
3085,100 GLEN RD,,"$263,005","$263,005",185500,185500,185500,185500,185500,185500,,
3086,36 POVERTY LN,COMMERCIAL,"$3,361,449","$3,361,449",3066100,3066100,3066100,3066100,2989800,2989800,,
3087,0 POVERTY LN,,"$354,200","$354,200",292500,292500,292500,292500,292500,292500,,
3088,17 POVERTY LN,,"$35,124,300","$35,124,300",26511200,26511200,29093500,29093500,29422800,29422800,,
3089,37 POVERTY LN,RESIDENTIAL,"$370,274","$370,274",294000,294000,294000,294000,294000,294000,,
3090,0 OLD PINE TREE CEMETERY RD,,"$362,200","$362,200",299300,299300,299300,299300,299300,299300,,
3091,69 OLD PINE TREE CEMETERY RD,RESIDENTIAL,"$340,700","$340,700",240800,240800,240500,240500,240500,240500,,
3092,40 OLD PINE TREE CEMETERY RD,RESIDENTIAL,"$501,500","$501,500",352400,352400,352300,352300,352300,352300,,
3093,0 MIRACLE MILE,,"$89,915","$89,915",74300,74300,74300,74300,74300,74300,,
3094,151 SEMINARY HILL,RESIDENTIAL,"$435,425","$435,425",300400,300400,300400,300400,300400,300400,,
3095,96 BUCKINGHAM PL,RESIDENTIAL,"$559,200","$559,200",442800,442800,442700,442700,442700,442700,,
3096,90 BUCKINGHAM PL,RESIDENTIAL,"$581,300","$581,300",460400,460400,460200,460200,460200,460200,,
3097,86 BUCKINGHAM PL,RESIDENTIAL,"$551,000","$551,000",437100,437100,437200,437200,437200,437200,,
3098,82 BUCKINGHAM PL,RESIDENTIAL,"$645,500","$645,500",454500,454500,454600,454600,454600,454600,,
3099,78 BUCKINGHAM PL,RESIDENTIAL,"$602,500","$602,500",477800,477800,477600,477600,477600,477600,,
3100,72 BUCKINGHAM PL,RESIDENTIAL,"$595,600","$595,600",468900,468900,468700,468700,468700,468700,,
3101,68 BUCKINGHAM PL,RESIDENTIAL,"$499,700","$499,700",355800,355800,355700,355700,355700,355700,,
3102,64 BUCKINGHAM PL,RESIDENTIAL,"$532,500","$532,500",424100,424100,433200,433200,433200,433200,,
3103,65 BUCKINGHAM PL,RESIDENTIAL,"$473,600","$473,600",323300,323300,323300,323300,323300,323300,,
3104,71 BUCKINGHAM PL,RESIDENTIAL,"$425,900","$425,900",284800,284800,284900,284900,284900,284900,,
3105,7 TUCK RD,RESIDENTIAL,"$496,800","$496,800",356400,356400,356300,356300,356300,356300,,
3106,12 TUCK RD,RESIDENTIAL,"$472,100","$472,100",326400,326400,326500,326500,326500,326500,,
3107,8 TUCK RD,RESIDENTIAL,"$578,100","$578,100",457600,457600,457700,457700,457700,457700,,
3108,79 BUCKINGHAM PL,RESIDENTIAL,"$642,800","$642,800",505600,505600,505700,505700,505700,505700,,
3109,85 BUCKINGHAM PL,RESIDENTIAL,"$497,700","$497,700",346700,346700,346800,346800,346800,346800,,
3110,58 NOTTINGHAM CIR,RESIDENTIAL,"$471,200","$471,200",344500,344500,344500,344500,344500,344500,,
3111,54 NOTTINGHAM CIR,RESIDENTIAL,"$531,900","$531,900",391000,391000,391000,391000,391000,391000,,
3112,43 NOTTINGHAM CIR,RESIDENTIAL,"$623,200","$623,200",437200,437200,437300,437300,431500,431500,,
3113,53 NOTTINGHAM CIR,RESIDENTIAL,"$577,400","$577,400",474800,474800,474700,474700,474700,474700,,
3114,57 NOTTINGHAM CIR,RESIDENTIAL,"$498,000","$498,000",408800,408800,408700,408700,408700,408700,,
3115,63 NOTTINGHAM CIR,RESIDENTIAL,"$598,300","$598,300",473900,473900,473800,473800,473800,473800,,
3116,93 BUCKINGHAM PL,RESIDENTIAL,"$562,100","$562,100",447000,447000,447100,447100,447100,447100,,
3117,101 BUCKINGHAM PL,RESIDENTIAL,"$493,100","$493,100",350600,350600,350700,350700,349400,349400,,
3118,11 WELLINGTON CIR,RESIDENTIAL,"$646,200","$646,200",515500,515500,506400,506400,506400,506400,,
3119,15 WELLINGTON CIR,RESIDENTIAL,"$508,200","$508,200",399400,399400,399300,399300,399300,399300,,
3120,21 WELLINGTON CIR,RESIDENTIAL,"$638,100","$638,100",506300,506300,506200,506200,506200,506200,,
3121,25 WELLINGTON CIR,RESIDENTIAL,"$685,400","$685,400",539100,539100,539100,539100,558200,558200,,
3122,31 WELLINGTON CIR,RESIDENTIAL,"$543,300","$543,300",432300,432300,432300,432300,432300,432300,,
3123,32 WELLINGTON CIR,RESIDENTIAL,"$673,400","$673,400",534700,534700,526900,526900,526900,526900,,
3124,28 WELLINGTON CIR,RESIDENTIAL,"$595,800","$595,800",473700,473700,473800,473800,479100,479100,,
3125,22 WELLINGTON CIR,RESIDENTIAL,"$572,700","$572,700",455000,455000,455000,455000,455000,455000,,
3126,18 WELLINGTON CIR,RESIDENTIAL,"$803,200","$803,200",620600,620600,620700,620700,620700,620700,,
3127,12 WELLINGTON CIR,RESIDENTIAL,"$646,700","$646,700",512100,512100,512100,512100,507600,507600,,
3128,8 WELLINGTON CIR,RESIDENTIAL,"$818,700","$818,700",652200,652200,652000,652000,652000,652000,,
3129,118 WELLINGTON CIR,RESIDENTIAL,"$660,300","$660,300",526400,526400,526500,526500,526500,526500,,
3130,112 WELLINGTON CIR,,"$124,900","$124,900",103100,103100,103200,103200,103200,103200,,
3131,106 WELLINGTON CIR,RESIDENTIAL,"$698,700","$698,700",555000,555000,555000,555000,555000,555000,,
3132,100 WELLINGTON CIR,RESIDENTIAL,"$598,800","$598,800",489500,489500,489400,489400,489400,489400,,
3133,94 WELLINGTON CIR,RESIDENTIAL,"$655,000","$655,000",533600,533600,533500,533500,533500,533500,,
3134,86 WELLINGTON CIR,RESIDENTIAL,"$589,800","$589,800",478400,478400,478200,478200,478200,478200,,
3135,83 WELLINGTON CIR,RESIDENTIAL,"$669,500","$669,500",542400,542400,542300,542300,542300,542300,,
3136,87 WELLINGTON CIR,RESIDENTIAL,"$775,400","$775,400",541100,541100,540900,540900,540900,540900,,
3137,93 WELLINGTON CIR,RESIDENTIAL,"$700,200","$700,200",556200,556200,556400,556400,556400,556400,,
3138,97 WELLINGTON CIR,RESIDENTIAL,"$768,000","$768,000",535100,535100,535000,535000,535000,535000,,
3139,103 WELLINGTON CIR,RESIDENTIAL,"$719,900","$719,900",570500,570500,570400,570400,570400,570400,,
3140,109 WELLINGTON CIR,RESIDENTIAL,"$618,400","$618,400",504500,504500,504400,504400,504400,504400,,
3141,115 WELLINGTON CIR,RESIDENTIAL,"$694,100","$694,100",555500,555500,555400,555400,555400,555400,,
3142,121 WELLINGTON CIR,RESIDENTIAL,"$752,000","$752,000",594800,594800,594700,594700,594700,594700,,
3143,122 BUCKINGHAM PL,RESIDENTIAL,"$944,901","$944,901",733400,733400,731600,731600,731600,731600,,
3144,55 BUCKINGHAM PL,RESIDENTIAL,"$549,200","$549,200",369400,369400,369300,369300,369300,369300,,
3145,7 NOTTINGHAM CIR,RESIDENTIAL,"$630,400","$630,400",442400,442400,442400,442400,442400,442400,,
3146,13 NOTTINGHAM CIR,RESIDENTIAL,"$743,300","$743,300",522700,522700,522500,522500,522500,522500,,
3147,17 NOTTINGHAM CIR,RESIDENTIAL,"$642,900","$642,900",505900,505900,506000,506000,483400,483400,,
3148,23 NOTTINGHAM CIR,RESIDENTIAL,"$550,400","$550,400",436500,436500,436500,436500,436500,436500,,
3149,29 NOTTINGHAM CIR,RESIDENTIAL,"$548,500","$548,500",435300,435300,435400,435400,435400,435400,,
3150,33 NOTTINGHAM CIR,RESIDENTIAL,"$745,700","$745,700",584000,584000,583900,583900,583900,583900,,
3151,37 NOTTINGHAM CIR,RESIDENTIAL,"$594,800","$594,800",390400,390400,390400,390400,390400,390400,,
3152,41 NOTTINGHAM CIR,RESIDENTIAL,"$671,100","$671,100",531200,531200,531000,531000,531000,531000,,
3153,37 WELLINGTON CIR,RESIDENTIAL,"$611,000","$611,000",484100,484100,484100,484100,484100,484100,,
3154,43 WELLINGTON CIR,RESIDENTIAL,"$657,800","$657,800",523900,523900,523900,523900,523900,523900,,
3155,47 WELLINGTON CIR,RESIDENTIAL,"$596,200","$596,200",403300,403300,403200,403200,403200,403200,,
3156,51 WELLINGTON CIR,RESIDENTIAL,"$699,630","$699,630",479400,479400,479400,479400,479400,479400,,
3157,55 WELLINGTON CIR,RESIDENTIAL,"$744,200","$744,200",592200,592200,592100,592100,592100,592100,,
3158,50 WELLINGTON CIR,RESIDENTIAL,"$663,600","$663,600",519500,519500,518900,518900,518900,518900,,
3159,44 WELLINGTON CIR,RESIDENTIAL,"$666,900","$666,900",464000,464000,464100,464100,464100,464100,,
3160,38 WELLINGTON CIR,RESIDENTIAL,"$635,700","$635,700",500100,500100,500200,500200,500200,500200,,
3161,48 NOTTINGHAM CIR,RESIDENTIAL,"$632,200","$632,200",445100,445100,445200,445200,445200,445200,,
3162,38 NOTTINGHAM CIR,RESIDENTIAL,"$628,900","$628,900",495700,495700,495600,495600,495600,495600,,
3163,32 NOTTINGHAM CIR,RESIDENTIAL,"$599,300","$599,300",421400,421400,421400,421400,421400,421400,,
3164,18 TUCK RD,RESIDENTIAL,"$574,800","$574,800",456100,456100,456200,456200,456200,456200,,
3165,11 TUCK RD,RESIDENTIAL,"$460,400","$460,400",336500,336500,336500,336500,336500,336500,,
3166,15 TUCK RD,RESIDENTIAL,"$525,700","$525,700",378700,378700,378600,378600,378600,378600,,
3167,24 NOTTINGHAM CIR,RESIDENTIAL,"$509,600","$509,600",401100,401100,387600,387600,387600,387600,,
3168,16 NOTTINGHAM CIR,RESIDENTIAL,"$594,200","$594,200",417600,417600,417500,417500,417500,417500,,
3169,8 NOTTINGHAM CIR,RESIDENTIAL,"$531,800","$531,800",422000,422000,422000,422000,422000,422000,,
3170,4 NOTTINGHAM CIR,RESIDENTIAL,"$396,200","$396,200",277500,277500,277500,277500,277500,277500,,
3171,37 SLAYTON HILL RD,RESIDENTIAL,"$1,107,313","$1,107,313",742100,742100,742100,742100,741800,741800,,
3172,41 SLAYTON HILL RD,RESIDENTIAL,"$445,000","$445,000",316700,316700,316900,316900,316900,316900,,
3173,45 SLAYTON HILL RD,RESIDENTIAL,"$410,300","$410,300",297900,297900,298000,298000,298000,298000,,
3174,47 SLAYTON HILL RD,RESIDENTIAL,"$367,500","$367,500",266100,266100,266000,266000,266000,266000,,
3175,49 SLAYTON HILL RD,RESIDENTIAL,"$387,500","$387,500",277400,277400,277500,277500,277500,277500,,
3176,51 SLAYTON HILL RD,RESIDENTIAL,"$372,500","$372,500",271900,271900,272000,272000,272000,272000,,
3177,53 SLAYTON HILL RD,RESIDENTIAL,"$355,000","$355,000",261200,261200,261200,261200,261200,261200,,
3178,57 SLAYTON HILL RD,RESIDENTIAL,"$657,500","$657,500",517900,517900,517900,517900,517900,517900,,
3179,0 SLAYTON HILL RD,,"$146,972",$777,121700,775,121700,775,97400,775,,
3180,61 SLAYTON HILL RD,RESIDENTIAL,"$445,100","$445,100",323400,323400,323400,323400,323400,323400,,
3181,67 SLAYTON HILL RD,RESIDENTIAL,"$290,298","$290,298",223000,223000,179600,179600,179600,179600,,
3182,77 SLAYTON HILL RD,RESIDENTIAL,"$562,049","$562,049",394200,394200,394200,394200,394200,394200,,
3183,78 WELLINGTON CIR,RESIDENTIAL,"$774,300","$774,300",540100,540100,540100,540100,540100,540100,,
3184,72 WELLINGTON CIR,RESIDENTIAL,"$649,500","$649,500",501300,501300,501200,501200,501200,501200,,
3185,60 WELLINGTON CIR,RESIDENTIAL,"$713,800","$713,800",560800,560800,560700,560700,560700,560700,,
3186,59 WELLINGTON CIR,RESIDENTIAL,"$1,204,368","$1,204,368",839900,839900,839900,839900,839900,839900,,
3187,61 WELLINGTON CIR,RESIDENTIAL,"$937,600","$937,600",727400,727400,727600,727600,727600,727600,,
3188,63 WELLINGTON CIR,RESIDENTIAL,"$743,800","$743,800",594300,594300,594400,594400,594400,594400,,
3189,69 WELLINGTON CIR,RESIDENTIAL,"$889,500","$889,500",715800,715800,715900,715900,715900,715900,,
3190,77 WELLINGTON CIR,RESIDENTIAL,"$852,200","$852,200",659100,659100,659000,659000,659000,659000,,
3192,60 SPRING ST,COMMERCIAL,"$695,123","$695,123",562900,562900,562100,562100,518800,518800,,
3193,0 SLAYTON HILL RD,,"$315,816","$2,840",273200,2840,273200,2840,273200,2840,,
3194,75 SLAYTON HILL RD,RESIDENTIAL,"$1,054,293","$1,004,293",787900,746345,678800,637245,678800,637245,,
3195,178 MERIDEN RD,RESIDENTIAL,"$744,940","$744,940",458200,458200,458200,458200,458200,458200,,
3196,0 MERIDEN RD,,"$600,600","$600,600",600600,600600,600600,600600,600600,600600,,
3197,174 MERIDEN RD,RESIDENTIAL,"$404,200","$404,200",296200,296200,296100,296100,296100,296100,,
3198,0 MERIDEN RD,,"$120,700","$120,700",99900,99900,99900,99900,109300,109300,,
3199,160 MERIDEN RD,RESIDENTIAL,"$434,300","$434,300",321100,321100,305700,305700,305800,305800,,
3200,0 SCHOOL ST,,"$38,700","$38,700",32100,32100,32100,32100,80100,80100,,
3201,163 MERIDEN RD,RESIDENTIAL,"$360,100","$360,100",258400,258400,258400,258400,258400,258400,,
3202,165 MERIDEN RD,RESIDENTIAL,"$343,900","$343,900",275400,275400,275400,275400,289900,289900,,
3203,167 MERIDEN RD,RESIDENTIAL,"$383,400","$383,400",266800,266800,266800,266800,266800,266800,,
3204,169 MERIDEN RD,RESIDENTIAL,"$441,708","$441,708",312900,312900,312900,312900,312900,312900,,
3205,171 MERIDEN RD,RESIDENTIAL,"$394,860","$394,860",319900,319900,319900,319900,319900,319900,,
3206,173 MERIDEN RD,RESIDENTIAL,"$343,200","$343,200",250500,250500,250500,250500,250500,250500,,
3207,208 MERIDEN RD,RESIDENTIAL,"$400,600","$400,600",287800,287800,287900,287900,287900,287900,,
3208,204 MERIDEN RD,RESIDENTIAL,"$391,200","$391,200",279800,279800,279800,279800,279800,279800,,
3209,0 MERIDEN RD,,"$73,100","$70,305",60400,58205,63100,58400,62300,58400,,
3210,190 MERIDEN RD,,"$6,231","$6,231",5200,5200,5200,5200,5200,5200,,
3211,184 MERIDEN RD,RESIDENTIAL,"$417,300","$417,300",310900,310900,310900,310900,310900,310900,,
3212,175 MERIDEN RD,RESIDENTIAL,"$439,800","$439,800",327800,327800,327900,327900,337900,337900,,
3213,179 MERIDEN RD,RESIDENTIAL,"$395,700","$395,700",270800,270800,270700,270700,270700,270700,,
3214,177 MERIDEN RD,RESIDENTIAL,"$372,390","$372,390",267900,267900,267900,267900,267900,267900,,
3215,181 MERIDEN RD,RESIDENTIAL,"$395,400","$395,400",273300,273300,273300,273300,273300,273300,,
3216,183 MERIDEN RD,RESIDENTIAL,"$363,000","$363,000",255500,255500,255500,255500,255500,255500,,
3217,193 MERIDEN RD,RESIDENTIAL,"$694,900","$651,455",506000,469955,505200,470225,504400,470225,,
3218,197 MERIDEN RD,RESIDENTIAL,"$626,200","$626,200",433300,433300,431500,431500,431500,431500,,
3219,199 MERIDEN RD,RESIDENTIAL,"$472,500","$472,500",338000,338000,338000,338000,338000,338000,,
3220,203 MERIDEN RD,RESIDENTIAL,"$423,500","$423,500",307200,307200,306600,306600,306600,306600,,
3221,209 MERIDEN RD,RESIDENTIAL,"$377,500","$377,500",281900,281900,281800,281800,281800,281800,,
3222,207 MERIDEN RD,RESIDENTIAL,"$554,580","$554,580",421100,421100,421100,421100,421100,421100,,
3223,6 RITA ST,RESIDENTIAL,"$377,200","$377,200",259500,259500,259600,259600,259600,259600,,
3224,8 RITA ST,RESIDENTIAL,"$676,700","$676,700",528600,528600,528500,528500,528500,528500,,
3225,2 WOODLAND DR,RESIDENTIAL,"$831,228","$803,968",671500,648940,671500,648820,671500,648820,,
3226,3 GARNET ST,RESIDENTIAL,"$378,200","$378,200",282000,282000,282100,282100,282100,282100,,
3227,7 GARNET ST,RESIDENTIAL,"$534,920","$534,920",379600,379600,379600,379600,379600,379600,,
3228,9 GARNET ST,RESIDENTIAL,"$577,200","$577,200",409300,409300,409300,409300,409300,409300,,
3229,18 GARNET ST,RESIDENTIAL,"$503,000","$503,000",354200,354200,354200,354200,354200,354200,,
3230,8 GARNET ST,RESIDENTIAL,"$441,300","$441,300",314700,314700,314800,314800,314800,314800,,
3231,6 GARNET ST,RESIDENTIAL,"$378,900","$378,900",285700,285700,285600,285600,285600,285600,,
3232,4 GARNET ST,RESIDENTIAL,"$586,000","$586,000",413800,413800,413800,413800,413800,413800,,
3233,9 GRANDVIEW AVE,RESIDENTIAL,"$587,900","$587,900",400700,400700,400800,400800,400800,400800,,
3234,13 GRANDVIEW AVE,RESIDENTIAL,"$516,500","$516,500",374400,374400,374600,374600,374600,374600,,
3235,17 GRANDVIEW AVE,RESIDENTIAL,"$693,700","$693,700",478900,478900,479000,479000,479000,479000,,
3236,23 GRANDVIEW AVE,RESIDENTIAL,"$534,400","$534,400",371900,371900,372000,372000,372000,372000,,
3237,18 GRANDVIEW AVE,RESIDENTIAL,"$623,963","$623,965",433300,433300,433300,433300,433300,433300,,
3238,16 GRANDVIEW AVE,RESIDENTIAL,"$393,300","$393,300",288300,288300,288200,288200,288200,288200,,
3239,15 HILLCREST DR,RESIDENTIAL,"$719,000","$719,000",496000,496000,493200,493200,504500,504500,,
3240,11 HILLCREST DR,RESIDENTIAL,"$459,400","$459,400",332400,332400,332300,332300,332300,332300,,
3241,7 HILLCREST DR,RESIDENTIAL,"$740,100","$740,100",483000,483000,483000,483000,483000,483000,,
3242,18 LEDGE LN,RESIDENTIAL,"$553,450","$553,450",384600,384600,384600,384600,390000,390000,,
3243,31 HILLCREST DR,RESIDENTIAL,"$936,700","$936,700",638200,638200,638200,638200,638200,638200,,
3244,27 HILLCREST DR,RESIDENTIAL,"$570,700","$570,700",436700,436700,436700,436700,436700,436700,,
3245,23 HILLCREST DR,RESIDENTIAL,"$530,300","$530,300",420400,420400,420400,420400,420400,420400,,
3246,19 HILLCREST DR,RESIDENTIAL,"$606,900","$606,900",476700,476700,476800,476800,476800,476800,,
3247,18 SKYLARK RD,RESIDENTIAL,"$624,400","$624,400",392300,392300,392500,392500,392500,392500,,
3248,16 SKYLARK RD,RESIDENTIAL,"$555,700","$555,700",396500,396500,396600,396600,396600,396600,,
3249,8 SKYLARK RD,RESIDENTIAL,"$518,200","$518,200",382300,382300,382300,382300,382300,382300,,
3250,0 SKYLARK RD,,"$53,800","$53,800",44500,44500,44500,44500,44500,44500,,
3251,9 SKYLARK RD,RESIDENTIAL,"$817,860","$817,860",553400,553400,553400,553400,553400,553400,,
3252,11 SKYLARK RD,RESIDENTIAL,"$602,700","$602,700",400100,400100,400000,400000,400000,400000,,
3253,13 SKYLARK RD,RESIDENTIAL,"$752,940","$752,940",517200,517200,517200,517200,517200,517200,,
3254,17 SKYLARK RD,RESIDENTIAL,"$640,500","$640,500",502800,502800,502800,502800,502800,502800,,
3255,26 LEDGE LN,RESIDENTIAL,"$1,354,836","$1,272,887",1094800,1026885,1094800,1026885,1094800,1026885,,
3256,30 LAPLANTE RD,RESIDENTIAL,"$453,810","$453,810",324300,324300,324300,324300,324300,324300,,
3257,20 LAPLANTE RD,RESIDENTIAL,"$721,390","$721,390",589600,589600,589600,589600,664300,664300,,
3258,21 LAPLANTE RD,RESIDENTIAL,"$569,260","$569,260",408700,408700,408700,408700,408700,408700,,
3259,37 LAPLANTE RD,RESIDENTIAL,"$549,010","$549,010",388500,388500,388500,388500,454500,454500,,
3260,40 STONEY BROOK RD,RESIDENTIAL,"$309,000","$309,000",236900,236900,236900,236900,236900,236900,,
3261,34 STONEY BROOK RD,RESIDENTIAL,"$620,950","$620,950",394800,394800,394800,394800,422200,422200,,
3262,32 STONEY BROOK RD,RESIDENTIAL,"$502,036","$502,036",415200,415200,415200,415200,415200,415200,,
3263,22 STONEY BROOK RD,RESIDENTIAL,"$698,238","$698,238",477500,477500,477500,477500,483300,483300,,
3264,20 STONEY BROOK RD,RESIDENTIAL,"$280,400","$280,400",202000,202000,202000,202000,202000,202000,,
3265,0 LAPLANTE RD,,"$27,300","$27,300",22700,22700,22700,22700,22700,22700,,
3266,262 DARTMOUTH COLLEGE HWY,RESIDENTIAL,"$574,480","$574,480",427500,427500,427500,427500,427500,427500,,
3267,43 LAPLANTE RD,RESIDENTIAL,"$556,400","$516,750",401500,368550,392300,372930,392300,372930,,
3268,33 WALHOWDON WAY,RESIDENTIAL,"$471,600","$471,600",315500,315500,315500,315500,315500,315500,,
3269,35 WALHOWDON WAY,RESIDENTIAL,"$535,400","$535,400",375700,375700,375700,375700,375700,375700,,
3270,0 STONEY BROOK RD,,"$198,000","$198,000",163600,163600,163700,163700,163700,163700,,
3271,23 STONEY BROOK RD,RESIDENTIAL,"$130,600","$130,600",114100,114100,114200,114200,114200,114200,,
3272,34 FARR RD,RESIDENTIAL,"$609,475","$609,475",462200,462200,462200,462200,462200,462200,,
3273,44 FARR RD,RESIDENTIAL,"$440,004","$440,004",322600,322600,322600,322600,322600,322600,,
3274,52 FARR RD,RESIDENTIAL,"$674,991","$674,991",532000,532000,532000,532000,532000,532000,,
3275,54 FARR RD,RESIDENTIAL,"$796,808","$796,808",568600,568600,553500,553500,553500,553500,,
3276,60 FARR RD,RESIDENTIAL,"$809,400","$809,400",556800,556800,556800,556800,556800,556800,,
3277,56 FARR RD,RESIDENTIAL,"$691,406","$691,406",494600,494600,494600,494600,494600,494600,,
3278,326 DARTMOUTH COLLEGE HWY,INDUSTRIAL,"$3,158,828","$3,158,828",2745900,2745900,2745900,2745900,2745900,2745900,,
3279,67 STONEY BROOK RD,RESIDENTIAL,"$394,100","$394,100",280200,280200,280100,280100,280100,280100,,
3280,0 PLAINFIELD RD,,"$8,100","$8,100",6700,6700,6700,6700,6700,6700,,
3281,0 PLAINFIELD RD,,"$358,256","$358,256",350600,350600,350600,350600,350600,350600,,
3282,288 PLAINFIELD RD,COMMERCIAL,"$1,529,073","$1,529,075",1283200,1283200,1283200,1283200,1283200,1283200,,
3283,0 PLAINFIELD RD,COMMERCIAL,"$107,472","$107,472",88400,88400,88400,88400,88400,88400,,
3284,262 PLAINFIELD RD,,"$12,457,933","$12,457,935",8806200,8806200,11436600,11436600,9724200,9724200,,
3285,264 PLAINFIELD RD,,"$2,742,539","$2,742,540",2372300,2372300,2372300,2372300,2372300,2372300,,
3286,258 PLAINFIELD RD,COMMERCIAL,"$2,842,232","$2,842,230",2372800,2372800,2372800,2372800,2372800,2372800,,
3287,0 INTERCHANGE DR,,"$214,852","$214,850",183500,183500,156200,156200,156200,156200,,
3288,285 PLAINFIELD RD,COMMERCIAL,"$26,402,769","$26,402,770",22866200,22866200,25029600,25029600,25029600,25029600,,
3289,0 PLAINFIELD RD,,"$37,155","$29,885",37200,29930,37200,29930,35200,27930,,
3290,254 PLAINFIELD RD,,"$4,068,630","$4,068,630",3378500,3378500,3378500,3378500,3378500,3378500,,
3291,254 PLAINFIELD RD,COMMERCIAL,"$5,598,200","$5,598,200",5488500,5488500,4229000,4229000,5488500,5488500,,
3292,11 INTERCHANGE DR,COMMERCIAL,"$854,508","$854,510",595800,595800,741600,741600,741600,741600,,
3293,27 INTERCHANGE DR,INDUSTRIAL,"$718,733","$718,735",585200,585200,585200,585200,585200,585200,,
3294,35 INTERCHANGE DR,INDUSTRIAL,"$807,900","$807,900",686700,686700,686700,686700,686700,686700,,
3295,41 INTERCHANGE DR,INDUSTRIAL,"$3,493,691","$3,493,691",3086000,3086000,3086000,3086000,3086000,3086000,,
3296,40 INTERCHANGE DR,INDUSTRIAL,"$954,709","$954,709",707000,707000,707000,707000,707000,707000,,
3297,24 INTERCHANGE DR,INDUSTRIAL,"$2,650,100","$2,650,100",2316300,2316300,2316300,2316300,2327600,2327600,,
3298,14 INTERCHANGE DR,COMMERCIAL,"$1,469,028","$1,469,030",1238700,1238700,1238700,1238700,1238700,1238700,,
3299,12 INTERCHANGE DR,COMMERCIAL,"$1,446,515","$1,446,515",1286800,1286800,1286800,1286800,1286800,1286800,,
3302,249 PLAINFIELD RD,COMMERCIAL,"$3,079,817","$3,079,815",2604600,2604600,2604600,2604600,2604600,2604600,,
3303,253 PLAINFIELD RD,COMMERCIAL,"$2,654,575","$2,654,575",2219200,2219200,2219200,2219200,2219200,2219200,,
3304,257 PLAINFIELD RD,COMMERCIAL,"$3,422,400","$3,422,400",2588900,2588900,2588200,2588200,2588200,2588200,,
3305,261 PLAINFIELD RD,COMMERCIAL,"$2,030,015","$2,030,015",955900,955900,955400,955400,955900,955900,,
3306,253 PLAINFIELD RD,,"$279,417","$279,420",180000,180000,173300,173300,173300,173300,,
3308,1 MARTIN DR,COMMERCIAL,"$983,873","$983,875",807800,807800,389600,389600,389600,389600,,
3310,7 MARTIN DR,COMMERCIAL,"$1,283,273","$1,283,275",1146200,1146200,1146200,1146200,1146200,1146200,,
3311,267 PLAINFIELD RD,COMMERCIAL,"$3,618,184","$3,618,185",3100700,3100700,3100700,3100700,3100700,3100700,,
3313,2 TECHNOLOGY DR,COMMERCIAL,"$1,655,980","$1,655,980",1492000,1492000,1492000,1492000,1492000,1492000,,
3314,4 TECHNOLOGY DR,INDUSTRIAL,"$2,116,500","$2,116,500",1561900,1561900,1561900,1561900,1561000,1561000,,
3315,16 AIRPARK RD,INDUSTRIAL,"$1,504,600","$1,504,600",1241200,1241200,1241200,1241200,1241200,1241200,,
3316,12 AIRPARK RD,INDUSTRIAL,"$933,024","$933,024",773500,773500,773500,773500,773500,773500,,
3317,36 AIRPORT RD,,"$1,575,344","$1,575,344",1398000,1398000,1398000,1398000,1398000,1398000,,
3318,30 AIRPORT RD,COMMERCIAL,"$1,703,200","$1,703,200",1447100,1447100,1447100,1447100,1447100,1447100,,
3319,16 AIRPORT RD,COMMERCIAL,"$1,310,195","$1,310,195",1042500,1042500,1042500,1042500,1042500,1042500,,
3320,24 AIRPORT RD,COMMERCIAL,"$3,480,900","$3,480,900",3248400,3248400,3248400,3248400,3326900,3326900,,
3321,18 PLAZA HEIGHTS RD,COMMERCIAL,"$1,798,480","$1,798,480",1568500,1568500,1568500,1568500,1568500,1568500,,
3322,19 PLAZA HEIGHTS RD,COMMERCIAL,"$970,271","$970,271",859200,859200,859200,859200,859200,859200,,
3323,5 AIRPARK RD,INDUSTRIAL,"$65,888,600","$65,888,600",53962400,53962400,53962400,53962400,53962400,53962400,,
3324,52 AIRPORT RD #B1 U1,INDUSTRIAL,"$41,500","$41,500",35100,35100,35100,35100,35100,35100,,
3325,54 AIRPORT RD #B2 U1,INDUSTRIAL,"$41,000","$41,000",34700,34700,34700,34700,34700,34700,,
3326,52 AIRPORT RD #B1 U2,INDUSTRIAL,"$55,300","$55,300",46800,46800,46800,46800,46800,46800,,
3327,54 AIRPORT RD B2 U2,INDUSTRIAL,"$41,000","$41,000",34700,34700,34700,34700,34700,34700,,
3328,52 AIRPORT RD B1 U3,INDUSTRIAL,"$41,000","$41,000",34700,34700,34700,34700,34700,34700,,
3329,54 AIRPORT RD B2 U3,INDUSTRIAL,"$41,500","$41,500",35100,35100,35100,35100,35100,35100,,
3330,52 AIRPORT RD B1 U4,INDUSTRIAL,"$41,000","$41,000",34700,34700,34700,34700,34700,34700,,
3331,54 AIRPORT RD B2 U4,INDUSTRIAL,"$41,000","$41,000",34700,34700,34700,34700,34700,34700,,
3332,52 AIRPORT RD B1 U5,INDUSTRIAL,"$41,000","$41,000",34700,34700,34700,34700,34700,34700,,
3333,54 AIRPORT RD B2 U5,INDUSTRIAL,"$41,500","$41,500",35100,35100,35100,35100,35100,35100,,
3334,52 AIRPORT RD B1 U6,INDUSTRIAL,"$41,500","$41,500",35100,35100,35100,35100,35100,35100,,
3335,54 AIRPORT RD B2 U6,INDUSTRIAL,"$41,000","$41,000",34700,34700,34700,34700,34700,34700,,
3336,52 AIRPORT RD B1 U7,INDUSTRIAL,"$41,500","$41,500",35100,35100,35100,35100,35100,35100,,
3337,54 AIRPORT RD B2 U7,INDUSTRIAL,"$41,000","$41,000",34700,34700,34700,34700,34700,34700,,
3338,54 AIRPORT RD B2 U8,INDUSTRIAL,"$46,100","$46,100",39000,39000,39000,39000,39000,39000,,
3339,52 AIRPORT RD #B1 U9,INDUSTRIAL,"$103,100","$103,100",87300,87300,87300,87300,87300,87300,,
3340,54 AIRPORT RD #B2 U9,INDUSTRIAL,"$60,300","$60,300",51100,51100,51100,51100,51100,51100,,
3341,57 AIRPORT RD,COMMERCIAL,"$383,800","$383,800",351700,351700,351700,351700,351700,351700,,
3342,56 AIRPORT RD,INDUSTRIAL,"$222,900","$222,900",209400,209400,209400,209400,209400,209400,,
3343,58 AIRPORT RD,INDUSTRIAL,"$2,815,660","$2,815,660",2519500,2519500,2519500,2519500,2519500,2519500,,
3344,17 AIRPARK RD,INDUSTRIAL,"$1,425,046","$1,425,045",1322700,1322700,1322700,1322700,1322700,1322700,,
3345,0 PLAINFIELD RD,,"$1,343,048",$833,1323500,835,1578300,1135,1547500,1135,,
3346,0 PLAINFIELD RD,,"$241,526","$105,850",223700,87950,223700,87950,223700,87950,,
3347,0 CIVIL AIR PATROL RD,,"$981,640","$2,704",978400,2705,978400,2705,978400,2705,,
3348,0 CIVIL AIR PATROL RD,,"$2,284,992","$2,284,992",1989400,1989400,1989400,1989400,1989400,1989400,,
3349,0 POVERTY LN,,"$821,728","$821,728",715000,715000,715000,715000,715000,715000,,
3350,124 POVERTY LN,RESIDENTIAL,"$682,800","$682,800",496700,496700,496900,496900,496900,496900,,
3351,98 POVERTY LN,RESIDENTIAL,"$1,845,573","$1,229,236",1146300,637580,1146300,637580,1146300,637580,,
3352,0 FARNUM HILL RD,,"$5,233,900","$5,233,900",4326900,4326900,4326900,4326900,4326900,4326900,,
3353,257 MECHANIC ST,COMMERCIAL,"$1,649,718","$1,649,718",1388200,1388200,1388200,1388200,1388200,1388200,,
3354,0 FARNUM HILL RD,,"$142,130",$389,117600,390,117600,390,117600,390,,
3355,0 FARNUM HILL RD,,"$146,374",$547,121100,550,121100,550,125300,550,,
3356,168 SLAYTON HILL RD,RESIDENTIAL,"$482,603","$482,603",341700,341700,341700,341700,341700,341700,,
3357,158 SLAYTON HILL RD,RESIDENTIAL,"$767,310","$767,310",546200,546200,535300,535300,522000,522000,,
3358,0 SLAYTON HILL RD,,"$382,360","$10,760",317700,10760,317700,10760,317700,10760,,
3359,0 FARNUM HILL RD,,"$143,707","$142,213",100800,99615,100800,99615,100800,99615,,
3360,20 FARNUM HILL RD,RESIDENTIAL,"$841,675","$812,938",595100,571840,595100,571840,565400,542140,,
3361,8 FARNUM HILL RD,RESIDENTIAL,"$477,968","$477,968",328300,328300,328000,328000,328000,328000,,
3362,120 SLAYTON HILL RD,RESIDENTIAL,"$542,916","$542,916",384200,384200,384200,384200,384200,384200,,
3363,116 SLAYTON HILL RD,RESIDENTIAL,"$447,805","$447,805",323200,323200,316100,316100,316100,316100,,
3364,112 SLAYTON HILL RD,,"$350,300","$350,300",190100,190100,190000,190000,190000,190000,,
3365,121 SLAYTON HILL RD,RESIDENTIAL,"$567,150","$530,235",366100,335435,366100,335435,433900,337455,,
3366,13 OLD KINGS HWY,RESIDENTIAL,"$631,598","$631,598",440200,440200,440200,440200,440200,440200,,
3367,19 OLD KINGS HWY,RESIDENTIAL,"$576,796","$576,796",411600,411600,411600,411600,411600,411600,,
3368,23 OLD KINGS HWY,RESIDENTIAL,"$814,200","$757,715",597600,550715,597600,550715,597600,550715,,
3369,29 OLD KINGS HWY,RESIDENTIAL,"$1,405,000","$1,355,250",1107100,1066450,1107100,1064590,1102500,1065590,,
3370,35 OLD KINGS HWY,RESIDENTIAL,"$363,583","$363,583",277400,277400,120100,120100,120100,120100,,
3371,136 STORRS HILL RD,RESIDENTIAL,"$1,019,800","$857,910",755300,627310,755300,627310,755300,627310,,
3372,125 STORRS HILL RD,RESIDENTIAL,"$705,674","$579,649",512300,411160,512300,411160,483100,406760,,
3373,0 OLD KINGS HWY,,"$7,300","$7,300",6000,6000,6000,6000,6000,6000,,
3374,3 HETZEL RD,RESIDENTIAL,"$532,400","$532,400",379500,379500,379500,379500,379500,379500,,
3375,11 HETZEL RD,RESIDENTIAL,"$683,600","$683,600",541400,541400,541400,541400,541400,541400,,
3376,17 HETZEL RD,RESIDENTIAL,"$693,700","$693,700",548800,548800,548800,548800,548800,548800,,
3377,11 STAGECOACH RD,RESIDENTIAL,"$711,000","$711,000",561600,561600,561600,561600,561600,561600,,
3378,17 STAGECOACH RD,RESIDENTIAL,"$883,200","$883,200",699000,699000,699000,699000,699000,699000,,
3379,27 STAGECOACH RD,RESIDENTIAL,"$548,515","$548,515",413900,413900,394800,394800,394800,394800,,
3380,31 STAGECOACH RD,RESIDENTIAL,"$655,200","$655,200",458200,458200,458200,458200,458200,458200,,
3381,32 STAGECOACH RD,RESIDENTIAL,"$1,012,104","$1,012,104",787200,787200,787200,787200,787200,787200,,
3382,26 STAGECOACH RD,RESIDENTIAL,"$902,198","$902,198",618600,618600,618600,618600,618600,618600,,
3383,32 HETZEL RD,RESIDENTIAL,"$1,145,000","$1,145,000",885700,885700,885700,885700,874100,874100,,
3384,16 HETZEL RD,RESIDENTIAL,"$582,800","$582,800",415700,415700,415700,415700,415700,415700,,
3385,8 HETZEL RD,RESIDENTIAL,"$567,411","$567,411",397800,397800,397800,397800,397800,397800,,
3386,24 OLD KINGS HWY,RESIDENTIAL,"$901,500","$901,500",608100,608100,608100,608100,608100,608100,,
3387,129 SLAYTON HILL RD,RESIDENTIAL,"$445,945","$445,945",305200,305200,305200,305200,305200,305200,,
3388,137 SLAYTON HILL RD,RESIDENTIAL,"$466,663","$466,663",373700,373700,373700,373700,358000,358000,,
3389,141 SLAYTON HILL RD,RESIDENTIAL,"$415,063","$415,063",300200,300200,300200,300200,300200,300200,,
3390,147 SLAYTON HILL RD,RESIDENTIAL,"$395,516","$395,516",296400,296400,296400,296400,296400,296400,,
3391,153 SLAYTON HILL RD,RESIDENTIAL,"$485,479","$485,479",354300,354300,354300,354300,360300,360300,,
3392,159 SLAYTON HILL RD,RESIDENTIAL,"$576,434","$576,434",408800,408800,398800,398800,408300,408300,,
3393,78 SLAYTON HILL RD,RESIDENTIAL,"$856,068","$856,068",578600,578600,578600,578600,578600,578600,,
3394,8 DAISY HILL RD,RESIDENTIAL,"$302,200","$302,200",237900,237900,238000,238000,238000,238000,,
3395,11 STORRS HILL RD,RESIDENTIAL,"$214,700","$214,700",148500,148500,148400,148400,148400,148400,,
3396,21 STORRS HILL RD,RESIDENTIAL,"$576,000","$576,000",431500,431500,431700,431700,414900,414900,,
3397,110 STORRS HILL RD,COMMERCIAL,"$1,636,880","$935,534",1401700,820655,1387900,820655,1387900,820655,,
3398,4 WOODLAND DR,RESIDENTIAL,"$938,428","$875,488",699900,647675,699900,647675,696900,644675,,
3399,31 DAISY HILL RD,RESIDENTIAL,"$419,100","$419,100",279700,279700,279500,279500,279500,279500,,
3400,19 MORSE RD,RESIDENTIAL,"$957,400","$957,400",845900,845900,845900,845900,845900,845900,,
3401,29 MORSE RD,RESIDENTIAL,"$614,750","$614,750",442000,442000,442000,442000,442000,442000,,
3402,6 MORSE RD,RESIDENTIAL,"$588,940","$588,940",430600,430600,430600,430600,430600,430600,,
3403,240 MERIDEN RD,COMMERCIAL,"$1,117,750","$1,117,750",958300,958300,958400,958400,958400,958400,,
3404,211 MERIDEN RD,RESIDENTIAL,"$348,800","$348,800",255600,255600,256800,256800,256800,256800,,
3405,225 MERIDEN RD,RESIDENTIAL,"$762,600","$762,600",496200,496200,494600,494600,494600,494600,,
3406,4 RITA ST,RESIDENTIAL,"$376,200","$376,200",259900,259900,260000,260000,260000,260000,,
3407,14 LARO ST,RESIDENTIAL,"$511,400","$511,400",342300,342300,342300,342300,342300,342300,,
3408,233 MERIDEN RD,RESIDENTIAL,"$447,800","$447,800",322600,322600,320800,320800,320800,320800,,
3409,244 MERIDEN RD,RESIDENTIAL,"$579,900","$579,900",374200,374200,374000,374000,374000,374000,,
3410,300 MERIDEN RD,RESIDENTIAL,"$280,100","$219,840",146900,2290,146900,2290,146900,2290,,
3411,86 LAPLANTE RD,RESIDENTIAL,"$516,210","$516,210",409400,409400,409400,409400,409400,409400,,
3412,25 WALHOWDON WAY,RESIDENTIAL,"$498,100","$498,100",349800,349800,349900,349900,349900,349900,,
3413,29 WALHOWDON WAY,RESIDENTIAL,"$353,300","$353,300",267400,267400,267400,267400,267400,267400,,
3414,26 WALHOWDON WAY,RESIDENTIAL,"$1,705,960","$1,403,819",1040300,794120,1040300,794120,1031000,794120,,
3415,12 WALHOWDON WAY,RESIDENTIAL,"$1,174,480","$1,174,480",956200,956200,956200,956200,956200,956200,,
3416,263 MERIDEN RD,RESIDENTIAL,"$593,647","$592,804",435200,434455,435200,434455,429600,428855,,
3417,97 LAPLANTE RD,RESIDENTIAL,"$455,192","$426,726",334700,311130,334700,311130,334700,311130,,
3418,275 MERIDEN RD,,"$73,926","$73,788",61000,60910,61000,60910,61000,60910,,
3419,0 CHURCHILL WAY,,"$231,163","$3,520",191800,3520,191800,3520,191800,3520,,
3420,5 CHURCHILL WAY,RESIDENTIAL,"$437,100","$437,100",305600,305600,305700,305700,305700,305700,,
3421,0 CHURCHILL WAY,,"$268,670","$2,672",222700,2675,222700,2675,222700,2675,,
3422,61 CHURCHILL WAY,RESIDENTIAL,"$693,130","$693,130",492900,492900,492900,492900,492900,492900,,
3423,35 CHURCHILL WAY,RESIDENTIAL,"$667,600","$667,600",532300,532300,506000,506000,491500,491500,,
3424,51 CHURCHILL WAY,RESIDENTIAL,"$567,140","$496,565",407200,348825,407200,348825,407200,348825,,
3425,63 CHURCHILL WAY,RESIDENTIAL,"$465,000","$465,000",339500,339500,339500,339500,339500,339500,,
3426,0 CHURCHILL WAY,,"$279,737","$6,742",232200,6740,238700,7715,238700,7715,,
3427,79 CHURCHILL WAY,RESIDENTIAL,"$1,162,492","$1,157,308",809300,805010,808900,804610,808900,804610,,
3428,0 PATCH RD,,"$236,600","$3,130",196400,3130,195500,3130,175900,3130,,
3429,39 PATCH RD,RESIDENTIAL,"$2,434,800","$1,881,460",1503900,955200,1503900,955200,1467800,1041105,,
3430,0 CHURCHILL WAY,,"$199,600","$2,885",165500,2885,164000,2425,136200,2425,,
3431,58 CHURCHILL WAY,RESIDENTIAL,"$890,200","$890,200",628400,628400,628400,628400,628400,628400,,
3432,0 CHURCHILL WAY,,"$120,543","$120,543",99400,99400,99400,99400,99400,99400,,
3433,50 CHURCHILL WAY,RESIDENTIAL,"$1,331,160","$1,282,131",1008700,968135,1008700,968135,1008700,968135,,
3434,22 CHURCHILL WAY,RESIDENTIAL,"$459,500","$459,500",331600,331600,331600,331600,331600,331600,,
3435,14 CHURCHILL WAY,RESIDENTIAL,"$641,100","$641,100",455500,455500,455500,455500,418200,418200,,
3436,295 MERIDEN RD,RESIDENTIAL,"$530,200","$530,200",381700,381700,380400,380400,380400,380400,,
3437,297 MERIDEN RD,RESIDENTIAL,"$436,300","$436,300",309400,309400,306100,306100,305200,305200,,
3438,299 MERIDEN RD,RESIDENTIAL,"$438,960","$434,762",315900,312360,323100,319560,323100,319560,,
3439,0 MERIDEN RD,,"$119,580","$7,673",116600,7675,101800,475,101800,475,,
3440,301 MERIDEN RD,RESIDENTIAL,"$517,300","$517,300",361800,361800,352700,352700,352700,352700,,
3441,122 STONEY BROOK RD,RESIDENTIAL,"$492,000","$492,000",394600,394600,394600,394600,394600,394600,,
3442,32 FURLOW  LA,RESIDENTIAL,"$941,525","$720,535",786300,591720,786300,591720,789700,595120,,
3443,109 EASTMAN HILL RD,RESIDENTIAL,"$2,054,750","$2,017,526",1593500,1560825,1594100,1561425,1594100,1561425,,
3444,21 TECHNOLOGY DR,INDUSTRIAL,"$1,561,760","$1,561,760",1248600,1248600,1248600,1248600,1248600,1248600,,
3445,9 TECHNOLOGY DR,COMMERCIAL,"$39,357,000","$39,357,000",31469300,31469300,31895400,31895400,31362600,31362600,,
3446,10 TECHNOLOGY DR,INDUSTRIAL,"$2,209,640","$2,209,640",1787500,1787500,1787500,1787500,1787500,1787500,,
3447,12 COMMERCE AVE,INDUSTRIAL,"$1,642,240","$1,642,240",1343500,1343500,1343500,1343500,1343500,1343500,,
3448,8 COMMERCE AVE,INDUSTRIAL,"$1,511,940","$1,511,940",1192300,1192300,1192300,1192300,1192300,1192300,,
3449,66 AIRPARK RD,INDUSTRIAL,"$1,919,460","$1,919,460",1539500,1539500,1539500,1539500,1539500,1539500,,
3450,20 AIRPARK RD,INDUSTRIAL,"$1,592,800","$1,592,800",1325300,1325300,1325200,1325200,1325200,1325200,,
3451,5 COMMERCE AVE,INDUSTRIAL,"$2,585,613","$2,585,613",2362900,2362900,2362900,2362900,2362900,2362900,,
3452,7 COMMERCE AVE,INDUSTRIAL,"$1,794,124","$1,794,124",1448000,1448000,1448000,1448000,1448000,1448000,,
3453,11 COMMERCE AVE,INDUSTRIAL,"$1,403,100","$1,403,100",1149100,1149100,1149100,1149100,1149100,1149100,,
3454,19 TECHNOLOGY DR,INDUSTRIAL,"$3,364,936","$3,364,936",2748700,2748700,2748700,2748700,2748700,2748700,,
3455,386 PLAINFIELD RD,,"$2,821,975","$2,821,975",2336300,2336300,2336300,2336300,2336300,2336300,,
3456,384 PLAINFIELD RD,COMMERCIAL,"$728,900","$728,900",632500,632500,632500,632500,590700,590700,,
3457,370 PLAINFIELD RD,INDUSTRIAL,"$7,665,150","$7,665,150",6528300,6528300,6515300,6515300,6515300,6515300,,
3458,301 PLAINFIELD RD,,"$562,100","$562,100",498300,498300,498300,498300,498300,498300,,
3459,335 PLAINFIELD RD,,"$8,292,000","$7,755,995",7401700,6960395,7397700,6956395,7019700,6652465,,
3460,365 PLAINFIELD RD,INDUSTRIAL,"$1,721,119","$1,711,918",1439200,1430020,1439200,1430020,1439200,1430020,,
3461,11 TRUES BROOK RD,RESIDENTIAL,"$420,000","$420,000",340100,340100,340100,340100,338600,338600,,
3462,17 TRUES BROOK RD,RESIDENTIAL,"$277,600","$277,600",208400,208400,208300,208300,208300,208300,,
3463,40 TRUES BROOK RD,RESIDENTIAL,"$299,800","$299,800",249300,249300,252300,252300,252300,252300,,
3464,34 TRUES BROOK RD,RESIDENTIAL,"$338,200","$338,200",267900,267900,267900,267900,267900,267900,,
3465,409 PLAINFIELD RD,RESIDENTIAL,"$490,200","$490,200",327700,327700,328000,328000,328000,328000,,
3466,415 PLAINFIELD RD,RESIDENTIAL,"$593,100","$593,100",469400,469400,469300,469300,469300,469300,,
3467,53 TRUES BROOK RD,RESIDENTIAL,"$1,876,698","$1,811,056",1506800,1444555,1506900,1444655,1506900,1444655,,
3468,3 HALL RD,RESIDENTIAL,"$314,900","$314,900",237200,237200,237100,237100,237100,237100,,
3469,17 HALL RD,RESIDENTIAL,"$401,876","$323,943",295800,221745,295800,221745,295800,221745,,
3470,0 AIRPARK RD,,"$2,301,631","$2,301,631",2065100,2065100,2065100,2065100,2065100,2065100,,
3471,38 HALL RD,RESIDENTIAL,"$644,221","$644,221",514800,514800,514800,514800,514800,514800,,
3472,0 HALL RD,RESIDENTIAL,"$317,090","$132,690",293800,118890,293800,118890,293800,118890,,
3473,0 HALL RD,,"$549,678","$549,678",455100,455100,455100,455100,455100,455100,,
3474,10 HALL RD,RESIDENTIAL,"$434,700","$434,700",323400,323400,323400,323400,323400,323400,,
3475,48 TRUES BROOK RD,RESIDENTIAL,"$423,879","$423,879",313700,313700,313700,313700,313700,313700,,
3476,44 TRUES BROOK RD,RESIDENTIAL,"$438,500","$438,500",314400,314400,314200,314200,314200,314200,,
3477,254 POVERTY LN,RESIDENTIAL,"$703,900","$703,900",549900,549900,549800,549800,549800,549800,,
3478,248 POVERTY LN,RESIDENTIAL,"$682,148","$682,148",477800,477800,477800,477800,477800,477800,,
3479,0 POVERTY LN,,"$451,591","$6,938",376300,6940,376300,6940,373200,6940,,
3480,0 POVERTY LN,,"$50,128",$896,41800,900,41800,900,41800,900,,
3481,0 POVERTY LN,,"$191,679","$2,240",158700,2240,158700,2240,158700,2240,,
3482,218 POVERTY LN,RESIDENTIAL,"$576,423","$576,423",460200,460200,460200,460200,460200,460200,,
3483,212 POVERTY LN,RESIDENTIAL,"$615,185","$615,185",410100,410100,410100,410100,410100,410100,,
3484,204 POVERTY LN,RESIDENTIAL,"$548,401","$548,401",392000,392000,392000,392000,392000,392000,,
3485,0 POVERTY LN,,"$13,500","$13,500",11200,11200,11200,11200,11200,11200,,
3486,198 POVERTY LN,RESIDENTIAL,"$680,800","$680,800",443400,443400,443400,443400,438300,438300,,
3487,192 POVERTY LN,RESIDENTIAL,"$1,038,000","$1,038,000",714000,714000,714000,714000,702700,702700,,
3488,188 POVERTY LN,RESIDENTIAL,"$454,500","$454,500",338100,338100,316000,316000,296100,296100,,
3489,185 POVERTY LN,RESIDENTIAL,"$388,746","$388,746",270600,270600,270600,270600,270600,270600,,
3490,183 POVERTY LN,RESIDENTIAL,"$474,644","$474,644",344600,344600,344600,344600,344600,344600,,
3491,189 POVERTY LN,RESIDENTIAL,"$483,700","$483,700",349000,349000,349300,349300,349300,349300,,
3492,187 POVERTY LN,RESIDENTIAL,"$474,394","$474,394",328000,328000,320700,320700,320700,320700,,
3493,5 FOLIAGE VIEW RD,RESIDENTIAL,"$523,310","$523,310",371200,371200,371200,371200,371200,371200,,
3494,11 FOLIAGE VIEW RD,RESIDENTIAL,"$605,745","$605,745",406700,406700,406700,406700,406700,406700,,
3495,15 FOLIAGE VIEW RD,RESIDENTIAL,"$432,450","$432,450",226700,226700,226700,226700,226700,226700,,
3496,21 FOLIAGE VIEW RD,RESIDENTIAL,"$436,695","$436,695",318100,318100,318100,318100,318100,318100,,
3497,27 FOLIAGE VIEW RD,RESIDENTIAL,"$515,040","$515,040",351800,351800,351800,351800,351800,351800,,
3498,33 FOLIAGE VIEW RD,RESIDENTIAL,"$482,185","$482,185",331800,331800,331800,331800,331800,331800,,
3499,15 ROLLING RIDGE RD,RESIDENTIAL,"$489,345","$489,345",352700,352700,352700,352700,352700,352700,,
3500,27 ROLLING RIDGE RD,RESIDENTIAL,"$562,135","$562,135",417400,417400,417400,417400,417400,417400,,
3501,31 ROLLING RIDGE RD,RESIDENTIAL,"$954,836","$954,836",660100,660100,660100,660100,660100,660100,,
3502,33 ROLLING RIDGE RD,RESIDENTIAL,"$1,206,375","$1,206,375",981400,981400,981400,981400,981400,981400,,
3503,37 ROLLING RIDGE RD,RESIDENTIAL,"$549,100","$549,100",421300,421300,422100,422100,422100,422100,,
3504,34 ROLLING RIDGE RD,RESIDENTIAL,"$564,095","$564,095",390800,390800,390800,390800,390800,390800,,
3505,18 ROLLING RIDGE RD,RESIDENTIAL,"$642,750","$642,750",462600,462600,462600,462600,462600,462600,,
3506,3 MAPLE HILL RD,RESIDENTIAL,"$512,595","$512,595",354400,354400,354400,354400,354400,354400,,
3507,7 MAPLE HILL RD,RESIDENTIAL,"$354,830","$354,830",287600,287600,287600,287600,287600,287600,,
3508,8 MAPLE HILL RD,RESIDENTIAL,"$507,140","$507,140",354000,354000,354000,354000,354000,354000,,
3509,4 MAPLE HILL RD,RESIDENTIAL,"$1,160,300","$1,160,300",885600,885600,885600,885600,1007200,1007200,,
3510,41 FOLIAGE VIEW RD,RESIDENTIAL,"$663,145","$663,145",521800,521800,521800,521800,521800,521800,,
3511,45 FOLIAGE VIEW RD,RESIDENTIAL,"$552,200","$552,200",375200,375200,375700,375700,375700,375700,,
3512,51 FOLIAGE VIEW RD,RESIDENTIAL,"$552,450","$552,450",374800,374800,374800,374800,374800,374800,,
3513,55 FOLIAGE VIEW RD,RESIDENTIAL,"$575,050","$575,050",457000,457000,457000,457000,457000,457000,,
3514,58 FOLIAGE VIEW RD,RESIDENTIAL,"$644,750","$644,750",512200,512200,512200,512200,512200,512200,,
3515,50 FOLIAGE VIEW RD,RESIDENTIAL,"$645,623","$645,623",429900,429900,429900,429900,429900,429900,,
3516,42 FOLIAGE VIEW RD,RESIDENTIAL,"$604,100","$604,100",415900,415900,415900,415900,415900,415900,,
3517,36 FOLIAGE VIEW RD,RESIDENTIAL,"$524,220","$524,220",415900,415900,415900,415900,415900,415900,,
3518,7 MOSS RD,RESIDENTIAL,"$761,930","$761,930",504900,504900,504900,504900,495100,495100,,
3519,15 MOSS RD,RESIDENTIAL,"$541,995","$541,995",430400,430400,430400,430400,430400,430400,,
3520,19 MOSS RD,RESIDENTIAL,"$443,895","$443,895",319900,319900,319900,319900,319900,319900,,
3521,25 MOSS RD,RESIDENTIAL,"$422,300","$422,300",317100,317100,317700,317700,317700,317700,,
3522,31 MOSS RD,RESIDENTIAL,"$512,450","$512,450",368500,368500,368500,368500,368500,368500,,
3523,35 MOSS RD,RESIDENTIAL,"$594,450","$594,450",404000,404000,391800,391800,385700,385700,,
3524,11 DEER RUN LN,RESIDENTIAL,"$528,850","$528,850",364300,364300,364300,364300,360100,360100,,
3525,21 DEER RUN LN,RESIDENTIAL,"$481,340","$481,340",331500,331500,331500,331500,331500,331500,,
3526,22 DEER RUN LN,RESIDENTIAL,"$429,495","$429,495",351200,351200,351200,351200,351200,351200,,
3527,14 DEER RUN LN,RESIDENTIAL,"$646,095","$646,095",434800,434800,434800,434800,434800,434800,,
3528,9 STONE HILL RD,RESIDENTIAL,"$475,050","$475,050",332900,332900,332900,332900,332900,332900,,
3529,36 MOSS RD,RESIDENTIAL,"$449,650","$449,650",327200,327200,327200,327200,327200,327200,,
3530,30 MOSS RD,RESIDENTIAL,"$446,740","$446,740",328000,328000,328000,328000,328000,328000,,
3531,0 MOSS RD,,"$348,725","$348,725",288200,288200,288200,288200,288200,288200,,
3532,16 MOSS RD,RESIDENTIAL,"$577,825","$577,825",385500,385500,385500,385500,385500,385500,,
3533,8 MOSS RD,RESIDENTIAL,"$713,595","$713,595",476200,476200,476200,476200,468800,468800,,
3534,209 POVERTY LN,RESIDENTIAL,"$501,375","$501,375",342600,342600,342600,342600,342600,342600,,
3535,10 FOLIAGE VIEW RD,RESIDENTIAL,"$617,440","$617,440",486800,486800,486800,486800,486800,486800,,
3536,213 POVERTY LN,RESIDENTIAL,"$511,450","$511,450",348600,348600,348600,348600,348600,348600,,
3537,217 POVERTY LN,RESIDENTIAL,"$478,650","$478,650",329100,329100,329100,329100,329100,329100,,
3538,223 POVERTY LN,RESIDENTIAL,"$1,005,550","$1,005,550",772000,772000,772000,772000,772000,772000,,
3539,229 POVERTY LN,RESIDENTIAL,"$576,350","$576,350",412500,412500,412500,412500,410600,410600,,
3540,235 POVERTY LN,RESIDENTIAL,"$931,750","$931,750",636700,636700,636700,636700,636700,636700,,
3541,241 POVERTY LN 1,,"$442,700","$442,700",411800,411800,411800,411800,411800,411800,,
3543,241 POVERTY LN 3,,"$243,800","$243,800",236500,236500,236500,236500,236500,236500,,
3544,241 POVERTY LN 4,,"$215,300","$215,300",207400,207400,207400,207400,207400,207400,,
3545,241 POVERTY LN 5,,"$283,000","$283,000",270900,270900,270900,270900,270900,270900,,
3546,241 POVERTY LN 6,,"$284,700","$284,700",273100,273100,273100,273100,273100,273100,,
3547,5 STONE HILL RD,RESIDENTIAL,"$528,625","$528,625",420800,420800,420800,420800,420800,420800,,
3548,503 POVERTY LN,RESIDENTIAL,"$581,956","$581,956",385800,385800,385800,385800,385800,385800,,
3549,0 POVERTY LN,,"$463,332","$11,221",385100,11220,385100,11220,385100,11220,,
3550,200 SLAYTON HILL RD,RESIDENTIAL,"$637,937","$637,937",499600,499600,499600,499600,499600,499600,,
3551,198 SLAYTON HILL RD,RESIDENTIAL,"$509,274","$509,274",378000,378000,378000,378000,378000,378000,,
3552,192 SLAYTON HILL RD,RESIDENTIAL,"$661,118","$661,118",477500,477500,477500,477500,477500,477500,,
3553,6 MARIES WAY,RESIDENTIAL,"$703,705","$703,705",466000,466000,466000,466000,466000,466000,,
3554,0 SLAYTON HILL RD,,"$7,728","$7,728",6400,6400,6400,6400,6400,6400,,
3555,169 SLAYTON HILL RD,RESIDENTIAL,"$542,200","$542,200",388700,388700,391400,391400,391400,391400,,
3556,171 SLAYTON HILL RD,RESIDENTIAL,"$613,004","$613,004",438700,438700,438700,438700,438700,438700,,
3557,183 SLAYTON HILL RD,RESIDENTIAL,"$643,190","$643,190",490100,490100,408200,408200,408200,408200,,
3558,11 DUNSINANE DR,RESIDENTIAL,"$794,353","$794,353",593800,593800,593800,593800,593800,593800,,
3559,1 DUNSINANE DR,RESIDENTIAL,"$684,195","$684,195",539000,539000,539000,539000,539000,539000,,
3560,1 STAGECOACH RD,RESIDENTIAL,"$648,008","$648,008",462300,462300,462300,462300,462300,462300,,
3561,7 STAGECOACH RD,RESIDENTIAL,"$638,300","$638,300",463500,463500,509400,509400,509400,509400,,
3562,8 STAGECOACH RD,RESIDENTIAL,"$1,131,800","$1,131,800",769400,769400,769400,769400,765900,765900,,
3563,27 DUNSINANE DR,RESIDENTIAL,"$792,445","$792,445",643900,643900,643900,643900,643900,643900,,
3564,39 DUNSINANE DR,RESIDENTIAL,"$633,000","$633,000",515100,515100,515100,515100,515400,515400,,
3565,45 DUNSINANE DR,RESIDENTIAL,"$879,200","$879,200",667300,667300,667300,667300,667300,667300,,
3566,49 DUNSINANE DR,RESIDENTIAL,"$787,035","$787,035",613200,613200,613200,613200,613200,613200,,
3567,48 DUNSINANE DR,RESIDENTIAL,"$627,735","$627,735",457800,457800,457800,457800,457800,457800,,
3568,44 DUNSINANE DR,RESIDENTIAL,"$626,545","$626,545",450700,450700,450700,450700,450700,450700,,
3569,38 DUNSINANE DR,RESIDENTIAL,"$644,100","$644,100",495300,495300,495300,495300,495300,495300,,
3570,32 DUNSINANE DR,RESIDENTIAL,"$571,790","$571,790",451400,451400,451400,451400,451400,451400,,
3571,24 DUNSINANE DR,RESIDENTIAL,"$557,390","$557,390",441800,441800,441800,441800,441800,441800,,
3572,2 DUNSINANE DR,RESIDENTIAL,"$1,196,800","$1,196,800",925500,925500,925500,925500,925500,925500,,
3573,211 SLAYTON HILL RD,RESIDENTIAL,"$522,100","$522,100",383000,383000,383000,383000,388400,388400,,
3574,217 SLAYTON HILL RD,RESIDENTIAL,"$263,484","$263,484",156800,156800,156800,156800,156800,156800,,
3575,0 SLAYTON HILL RD,,"$149,254","$149,254",123500,123500,123500,123500,123500,123500,,
3576,225 SLAYTON HILL RD,RESIDENTIAL,"$749,221","$749,221",593800,593800,593800,593800,593800,593800,,
3577,0 CROSS RD,,"$187,918","$2,808",155700,2810,155700,2810,155700,2810,,
3578,15 CROSS RD,RESIDENTIAL,"$647,240","$647,240",463700,463700,463700,463700,463700,463700,,
3579,0 CROSS RD,,"$209,347","$3,446",173400,3450,173400,3450,173400,3450,,
3580,39 CROSS RD,RESIDENTIAL,"$303,200","$303,200",218400,218400,300800,300800,300800,300800,,
3581,46 CROSS RD,RESIDENTIAL,"$472,600","$472,600",349600,349600,350200,350200,350200,350200,,
3582,44 CROSS RD,RESIDENTIAL,"$277,800","$277,800",201400,201400,201400,201400,201400,201400,,
3583,40 CROSS RD,RESIDENTIAL,"$486,500","$486,500",354600,354600,354800,354800,354800,354800,,
3584,0 POVERTY LN,,"$262,326","$164,024",189600,108825,199800,109170,199800,109170,,
3586,118 DAISY HILL RD,RESIDENTIAL,"$555,900","$555,900",377400,377400,369400,369400,369400,369400,,
3587,22 MORSE RD,RESIDENTIAL,"$740,272","$740,272",579300,579300,579300,579300,579300,579300,,
3588,402 MERIDEN RD,RESIDENTIAL,"$601,700","$601,700",435600,435600,427900,427900,427900,427900,,
3589,376 MERIDEN RD,RESIDENTIAL,"$542,900","$542,900",385400,385400,385200,385200,385200,385200,,
3590,372 MERIDEN RD,RESIDENTIAL,"$602,447","$602,447",434800,434800,431400,431400,431400,431400,,
3591,368 MERIDEN RD,RESIDENTIAL,"$282,100","$282,100",178900,178900,178900,178900,178900,178900,,
3592,0 MERIDEN RD,,"$128,100","$128,100",106300,106300,106300,106300,106300,106300,,
3593,362 MERIDEN RD,RESIDENTIAL,"$351,515","$351,515",254500,254500,254500,254500,254500,254500,,
3594,360 MERIDEN RD,RESIDENTIAL,"$430,905","$430,905",313600,313600,268700,268700,47300,47300,,
3595,0 MERIDEN RD,,"$92,800","$92,800",67100,67100,67100,67100,67100,67100,,
3596,0 MERIDEN RD,,"$41,058","$6,185",33700,4785,33700,4785,33700,4785,,
3597,336 MERIDEN RD,RESIDENTIAL,"$192,501","$192,316",147100,146915,147100,146915,147100,146915,,
3598,0 MERIDEN RD,,"$169,690","$2,318",140700,2315,140700,2315,121200,2315,,
3599,318 MERIDEN RD,RESIDENTIAL,"$302,800","$302,800",210900,210900,210900,210900,210900,210900,,
3600,314 MERIDEN RD,RESIDENTIAL,"$416,800","$416,800",285000,285000,283400,283400,283400,283400,,
3601,321 MERIDEN RD,RESIDENTIAL,"$532,600","$532,600",366600,366600,366900,366900,366900,366900,,
3602,0 MERIDEN RD,,"$180,400","$1,096",149600,1095,149600,1095,149600,1095,,
3603,341 MERIDEN RD,RESIDENTIAL,"$562,600","$562,600",391600,391600,391600,391600,391600,391600,,
3604,351 MERIDEN RD,RESIDENTIAL,"$856,000","$856,000",661100,661100,661100,661100,661100,661100,,
3605,359 MERIDEN RD,RESIDENTIAL,"$259,500","$259,500",203000,203000,202900,202900,202900,202900,,
3606,363 MERIDEN RD,RESIDENTIAL,"$690,300","$690,300",480300,480300,478400,478400,478400,478400,,
3607,1 BARDEN HILL RD,RESIDENTIAL,"$406,224","$406,224",300500,300500,300500,300500,300500,300500,,
3608,0 BARDEN HILL RD,,"$635,500","$9,248",528700,9245,493400,9245,493400,9245,,
3609,22 BARDEN HILL RD,RESIDENTIAL,"$534,960","$496,177",390100,357880,390100,357880,390100,357880,,
3610,4 BARDEN HILL RD,RESIDENTIAL,"$290,220","$290,220",214200,214200,214200,214200,214200,214200,,
3611,8 BARDEN HILL RD,RESIDENTIAL,"$394,200","$394,200",286700,286700,286700,286700,286700,286700,,
3612,369 MERIDEN RD,RESIDENTIAL,"$291,300","$291,300",203000,203000,203100,203100,203100,203100,,
3613,371 MERIDEN RD,RESIDENTIAL,"$446,600","$446,600",324800,324800,324600,324600,324600,324600,,
3614,373 MERIDEN RD,RESIDENTIAL,"$402,500","$402,500",294900,294900,293100,293100,293100,293100,,
3615,377 MERIDEN RD,RESIDENTIAL,"$374,400","$374,400",273200,273200,273200,273200,273200,273200,,
3616,0 MERIDEN RD,,"$69,000","$69,000",57000,57000,57100,57100,57100,57100,,
3617,383 MERIDEN RD,RESIDENTIAL,"$596,786","$596,786",426600,426600,403900,403900,403900,403900,,
3618,387 MERIDEN RD,RESIDENTIAL,"$527,500","$527,500",417600,417600,417600,417600,417600,417600,,
3619,391 MERIDEN RD,RESIDENTIAL,"$345,500","$345,500",244100,244100,242300,242300,242300,242300,,
3620,395 MERIDEN RD,RESIDENTIAL,"$388,300","$350,976",277600,246575,276300,247075,276300,247075,,
3621,397 MERIDEN RD,RESIDENTIAL,"$452,700","$452,700",316400,316400,316500,316500,316500,316500,,
3622,0 METHODIST HILL RD,,"$237,100","$3,385",196700,3385,169600,1640,169600,1640,,
3623,8 METHODIST HILL RD,RESIDENTIAL,"$383,500","$383,500",278900,278900,278800,278800,278800,278800,,
3624,12 METHODIST HILL RD,RESIDENTIAL,"$430,445","$430,445",291500,291500,291500,291500,291500,291500,,
3625,0 METHODIST HILL RD,,"$91,020","$2,362",75700,2365,75700,2365,73100,2365,,
3626,2 METHODIST HILL RD,RESIDENTIAL,"$123,775","$123,775",100500,100500,100500,100500,100500,100500,,
3628,0 PLAINFIELD RD,,"$477,613","$477,613",451200,451200,451200,451200,451200,451200,,
3629,428 PLAINFIELD RD,RESIDENTIAL,"$742,139","$742,139",469400,469400,469400,469400,469400,469400,,
3630,423 PLAINFIELD RD,RESIDENTIAL,"$417,327","$417,327",310600,310600,310600,310600,310600,310600,,
3631,429 PLAINFIELD RD,RESIDENTIAL,"$122,427","$122,427",107000,107000,172400,172400,172400,172400,,
3632,0 PLAINFIELD RD,,"$264,088","$25,741",251500,25340,251500,25340,251500,25340,,
3633,168 TRUES BROOK RD,RESIDENTIAL,"$455,800","$455,800",311700,311700,301300,301300,307000,307000,,
3634,164 TRUES BROOK RD,RESIDENTIAL,"$415,000","$415,000",306500,306500,307700,307700,307700,307700,,
3635,136 TRUES BROOK RD,RESIDENTIAL,"$303,962","$303,962",230800,230800,230800,230800,230800,230800,,
3636,124 TRUES BROOK RD,RESIDENTIAL,"$360,900","$360,900",253300,253300,253300,253300,253300,253300,,
3637,3 DERBY LN,RESIDENTIAL,"$350,900","$350,900",255200,255200,255000,255000,255000,255000,,
3638,4 DERBY LN,RESIDENTIAL,"$313,500","$313,500",239100,239100,239000,239000,239000,239000,,
3639,23 DERBY LN,RESIDENTIAL,"$446,900","$446,900",333600,333600,333600,333600,333600,333600,,
3640,0 DERBY LN,,"$162,700","$3,900",154400,3900,172700,2930,172700,2930,,
3641,1 CHELSEA CIR,RESIDENTIAL,"$423,100","$423,100",295800,295800,296000,296000,296000,296000,,
3642,5 CHELSEA CIR,RESIDENTIAL,"$564,300","$564,300",398600,398600,398800,398800,398800,398800,,
3643,11 CHELSEA CIR,RESIDENTIAL,"$728,800","$728,800",618800,618800,619000,619000,618600,618600,,
3644,17 CHELSEA CIR,RESIDENTIAL,"$489,300","$489,300",348600,348600,348800,348800,348800,348800,,
3645,23 CHELSEA CIR,RESIDENTIAL,"$459,500","$459,500",375800,375800,375200,375200,375200,375200,,
3646,24 CHELSEA CIR,RESIDENTIAL,"$711,368","$711,368",537800,537800,536000,536000,536000,536000,,
3647,20 CHELSEA CIR,RESIDENTIAL,"$468,600","$468,600",381100,381100,378900,378900,378900,378900,,
3648,16 CHELSEA CIR,RESIDENTIAL,"$596,900","$596,900",432300,432300,432100,432100,418700,418700,,
3649,10 CHELSEA CIR,RESIDENTIAL,"$528,600","$528,600",377500,377500,352200,352200,352200,352200,,
3650,6 CHELSEA CIR,RESIDENTIAL,"$417,600","$417,600",311300,311300,311100,311100,311100,311100,,
3651,2 CHELSEA CIR,RESIDENTIAL,"$471,600","$471,600",338900,338900,337100,337100,337100,337100,,
3652,2 DERBY LN,RESIDENTIAL,"$582,900","$582,900",385200,385200,351200,351200,351200,351200,,
3653,106 TRUES BROOK RD,RESIDENTIAL,"$416,100","$416,100",311300,311300,311300,311300,311300,311300,,
3654,110 TRUES BROOK RD,RESIDENTIAL,"$564,200","$564,200",416400,416400,416200,416200,416200,416200,,
3655,102 TRUES BROOK RD,RESIDENTIAL,"$474,700","$474,700",330900,330900,331000,331000,331000,331000,,
3656,98 TRUES BROOK RD,RESIDENTIAL,"$540,500","$540,500",357100,357100,357200,357200,357200,357200,,
3657,94 TRUES BROOK RD,RESIDENTIAL,"$430,900","$430,900",318700,318700,318800,318800,318800,318800,,
3658,90 TRUES BROOK RD,RESIDENTIAL,"$532,100","$532,100",391900,391900,392000,392000,392000,392000,,
3659,84 TRUES BROOK RD,RESIDENTIAL,"$387,200","$387,200",271100,271100,271200,271200,271200,271200,,
3660,0 TRUES BROOK RD,,"$213,700","$213,700",201800,201800,201800,201800,201800,201800,,
3661,77 TRUES BROOK RD,RESIDENTIAL,"$283,100","$283,100",204100,204100,204300,204300,204300,204300,,
3662,14 HALL RD,RESIDENTIAL,"$552,100","$552,100",393300,393300,393500,393500,396400,396400,,
3663,16 HALL RD,RESIDENTIAL,"$563,400","$563,400",448000,448000,448000,448000,458100,458100,,
3664,83 TRUES BROOK RD,RESIDENTIAL,"$639,600","$639,600",429300,429300,429300,429300,429300,429300,,
3665,89 TRUES BROOK RD,RESIDENTIAL,"$420,400","$420,400",280800,280800,280900,280900,269800,269800,,
3666,91 TRUES BROOK RD,RESIDENTIAL,"$533,300","$533,300",372800,372800,372800,372800,362300,362300,,
3667,97 TRUES BROOK RD,RESIDENTIAL,"$575,800","$575,800",445300,445300,445100,445100,445100,445100,,
3668,99 TRUES BROOK RD,RESIDENTIAL,"$303,000","$303,000",229800,229800,229600,229600,229600,229600,,
3669,105 TRUES BROOK RD,RESIDENTIAL,"$427,300","$427,300",318100,318100,317900,317900,317900,317900,,
3670,109 TRUES BROOK RD,RESIDENTIAL,"$346,000","$346,000",262700,262700,262900,262900,262900,262900,,
3671,113 TRUES BROOK RD,RESIDENTIAL,"$499,600","$499,600",365100,365100,364800,364800,364800,364800,,
3672,117 TRUES BROOK RD,RESIDENTIAL,"$419,600","$419,600",332500,332500,332300,332300,332300,332300,,
3673,133 TRUES BROOK RD,RESIDENTIAL,"$365,300","$365,300",286500,286500,292500,292500,292500,292500,,
3674,137 TRUES BROOK RD,RESIDENTIAL,"$381,100","$381,100",300100,300100,298300,298300,298300,298300,,
3675,153 TRUES BROOK RD,COMMERCIAL,"$449,814","$411,505",389900,353490,395200,353490,393900,353490,,
3676,157 TRUES BROOK RD,RESIDENTIAL,"$660,590","$636,650",463900,441060,460500,437705,459500,437705,,
3677,0 TRUES BROOK RD,,"$119,825","$2,763",114000,3320,114000,3320,111300,3320,,
3678,330 POVERTY LN,RESIDENTIAL,"$887,825","$887,825",615700,615700,615700,615700,615700,615700,,
3679,320 POVERTY LN,RESIDENTIAL,"$640,208","$604,351",475600,445850,451500,421750,429600,399850,,
3680,314 POVERTY LN,RESIDENTIAL,"$800,690","$800,690",624400,624400,624400,624400,624400,624400,,
3681,300 POVERTY LN,RESIDENTIAL,"$989,117","$987,961",710100,709185,710100,709185,480900,479985,,
3682,28 LOOMIS RD,RESIDENTIAL,"$1,848,100","$1,426,427",1269800,919430,1115800,765430,1121200,770830,,
3683,4 LOOMIS RD,RESIDENTIAL,"$899,056","$899,056",647000,647000,647000,647000,628300,628300,,
3684,284 POVERTY LN,RESIDENTIAL,"$550,881","$550,881",440700,440700,440700,440700,440700,440700,,
3685,266 POVERTY LN #1A,,"$425,500","$425,500",253400,253400,253400,253400,253400,253400,,
3686,266 POVERTY LN 1B,,"$422,600","$422,600",253800,253800,253800,253800,253800,253800,,
3687,266 POVERTY LN #2A,,"$427,000","$427,000",257400,257400,257400,257400,257400,257400,,
3688,266 POVERTY LN 2B,,"$427,000","$427,000",257400,257400,257400,257400,257400,257400,,
3689,266 POVERTY LN 3A,,"$440,300","$440,300",269400,269400,269400,269400,269400,269400,,
3690,266 POVERTY LN 3B,,"$430,500","$430,500",259300,259300,259300,259300,259300,259300,,
3691,266 POVERTY LN 4A,,"$411,500","$411,500",248100,248100,248100,248100,248100,248100,,
3692,266 POVERTY LN 4B,,"$400,500","$400,500",238200,238200,238200,238200,238200,238200,,
3693,266 POVERTY LN #5A,,"$427,000","$427,000",257400,257400,257400,257400,257400,257400,,
3694,266 POVERTY LN 5B,,"$423,600","$423,600",260600,260600,260600,260600,260600,260600,,
3695,266 POVERTY LN 6A,,"$440,200","$440,200",264700,264700,264700,264700,264700,264700,,
3696,266 POVERTY LN 6B,,"$440,200","$440,200",264700,264700,264700,264700,264700,264700,,
3697,266 POVERTY LN 7A,,"$435,200","$435,200",264700,264700,264700,264700,264700,264700,,
3698,266 POVERTY LN #7B,,"$435,500","$435,500",263200,263200,263200,263200,263200,263200,,
3699,266 POVERTY LN 8A,,"$447,700","$447,700",268900,268900,268900,268900,268900,268900,,
3700,266 POVERTY LN 8B,,"$447,700","$447,700",268900,268900,268900,268900,268900,268900,,
3701,266 POVERTY LN 9A,,"$436,500","$436,500",262600,262600,262600,262600,262600,262600,,
3702,266 POVERTY LN 9B,,"$444,800","$444,800",270900,270900,270900,270900,270900,270900,,
3703,266 POVERTY LN 10A,,"$434,400","$434,400",261500,261500,261500,261500,261500,261500,,
3704,266 POVERTY LN 10B,,"$434,400","$434,400",261500,261500,261500,261500,261500,261500,,
3705,266 POVERTY LN 11A,,"$449,900","$449,900",273500,273500,273500,273500,273500,273500,,
3706,266 POVERTY LN 11B,,"$441,200","$441,200",264600,264600,264600,264600,264600,264600,,
3707,260 POVERTY LN,RESIDENTIAL,"$495,885","$495,885",332900,332900,332900,332900,332900,332900,,
3708,256 POVERTY LN,RESIDENTIAL,"$794,065","$794,065",547200,547200,547200,547200,547200,547200,,
3709,41 MOSS RD,RESIDENTIAL,"$454,195","$454,195",316800,316800,316800,316800,316800,316800,,
3710,25 STONE HILL RD,RESIDENTIAL,"$587,495","$587,495",391900,391900,391900,391900,391900,391900,,
3711,9 DEER RUN LN,RESIDENTIAL,"$487,680","$487,680",351000,351000,348700,348700,348700,348700,,
3712,65 FOLIAGE VIEW RD,RESIDENTIAL,"$852,350","$852,350",658800,658800,658800,658800,658800,658800,,
3713,69 FOLIAGE VIEW RD,RESIDENTIAL,"$732,723","$732,723",478700,478700,478700,478700,478700,478700,,
3714,68 FOLIAGE VIEW RD,RESIDENTIAL,"$705,668","$705,668",487900,487900,487900,487900,487900,487900,,
3715,64 FOLIAGE VIEW RD,RESIDENTIAL,"$443,850","$443,850",307500,307500,307500,307500,307500,307500,,
3716,10 DEER RUN LN,RESIDENTIAL,"$495,550","$495,550",345600,345600,345600,345600,345600,345600,,
3717,2 DEER RUN LN,RESIDENTIAL,"$548,785","$548,785",368900,368900,368900,368900,368900,368900,,
3718,35 STONE HILL RD,RESIDENTIAL,"$436,575","$436,575",317900,317900,317900,317900,317900,317900,,
3719,39 STONE HILL RD,RESIDENTIAL,"$510,365","$510,365",348000,348000,348000,348000,348000,348000,,
3720,36 STONE HILL RD,RESIDENTIAL,"$614,830","$614,830",487600,487600,487600,487600,487600,487600,,
3721,30 STONE HILL RD,RESIDENTIAL,"$553,250","$553,250",407500,407500,407500,407500,407500,407500,,
3722,24 STONE HILL RD,RESIDENTIAL,"$546,950","$546,950",435000,435000,435000,435000,435000,435000,,
3723,18 STONE HILL RD,RESIDENTIAL,"$621,640","$621,640",416600,416600,416600,416600,416600,416600,,
3724,12 STONE HILL RD,RESIDENTIAL,"$499,030","$499,030",353300,353300,353300,353300,353300,353300,,
3725,4 STONE HILL RD,RESIDENTIAL,"$562,495","$562,495",444200,444200,444200,444200,444200,444200,,
3726,261 POVERTY LN,RESIDENTIAL,"$588,850","$588,850",396400,396400,352200,352200,352200,352200,,
3727,265 POVERTY LN,RESIDENTIAL,"$583,550","$583,550",401800,401800,401800,401800,401800,401800,,
3728,0 STONE HILL RD,,"$55,400","$55,400",55400,55400,55400,55400,55400,55400,,
3729,287 POVERTY LN,RESIDENTIAL,"$766,000","$766,000",506300,506300,501900,501900,512200,512200,,
3730,301 POVERTY LN,RESIDENTIAL,"$1,133,041","$1,130,991",801200,799550,801200,799550,801200,799550,,
3731,307 POVERTY LN,RESIDENTIAL,"$682,179","$682,179",549300,549300,549300,549300,549300,549300,,
3732,315 POVERTY LN,RESIDENTIAL,"$810,421","$784,550",548300,526740,548300,526740,548000,526740,,
3733,319 POVERTY LN,RESIDENTIAL,"$546,420","$546,420",378000,378000,374200,374200,360500,360500,,
3734,323 POVERTY LN,RESIDENTIAL,"$485,170","$485,170",353400,353400,353400,353400,353400,353400,,
3735,325 POVERTY LN,RESIDENTIAL,"$536,450","$536,450",386700,386700,386700,386700,386700,386700,,
3736,331 POVERTY LN,RESIDENTIAL,"$474,894","$474,894",380800,380800,380800,380800,374300,374300,,
3737,335 POVERTY LN,RESIDENTIAL,"$511,046","$511,046",379100,379100,379100,379100,379100,379100,,
3738,341 POVERTY LN,RESIDENTIAL,"$656,300","$656,300",433900,433900,433900,433900,409700,409700,,
3739,347 POVERTY LN,RESIDENTIAL,"$465,300","$465,300",367400,367400,367400,367400,367400,367400,,
3740,351 POVERTY LN,RESIDENTIAL,"$862,450","$862,450",693400,693400,693400,693400,689300,689300,,
3741,365 POVERTY LN,RESIDENTIAL,"$732,155","$732,155",494800,494800,494800,494800,494800,494800,,
3742,372 POVERTY LN,RESIDENTIAL,"$522,340","$522,340",377700,377700,376200,376200,376200,376200,,
3743,354 POVERTY LN,RESIDENTIAL,"$4,085,641","$3,951,494",2880100,2771095,2880100,2771095,2880100,2771095,,
3744,338 POVERTY LN,RESIDENTIAL,"$626,650","$626,650",501700,501700,501700,501700,502300,502300,,
3745,328 POVERTY LN,RESIDENTIAL,"$785,116","$785,116",596800,596800,596800,596800,596800,596800,,
3746,387 POVERTY LN,RESIDENTIAL,"$740,836","$626,900",591000,496900,591000,496900,591000,496900,,
3747,0 POVERTY LN,,"$172,600","$2,570",142800,2570,142800,2570,142800,2570,,
3748,0 POVERTY LN,,"$395,225","$170,710",311300,125915,311500,126115,311500,126115,,
3749,450 POVERTY LN,RESIDENTIAL,"$1,134,157","$705,340",893100,539345,893100,539345,894800,541045,,
3750,0 POVERTY LN,,"$194,625","$1,425",161200,1425,161200,1425,161200,1425,,
3751,0 POVERTY LN,,"$356,986","$3,835",296500,3835,296500,3835,296500,3835,,
3752,398 POVERTY LN,RESIDENTIAL,"$595,527","$551,217",437000,400180,437000,400180,437000,400180,,
3753,388 POVERTY LN,RESIDENTIAL,"$1,338,541","$726,234",1024200,516235,1024200,516235,1024200,516235,,
3754,0 GREAT BROOK RD,,"$233,242","$2,535",193600,2535,193600,2535,193600,2535,,
3755,69 GREAT BROOK RD,RESIDENTIAL,"$668,700","$631,182",526500,495480,526500,495480,526500,495480,,
3756,64 GREAT BROOK RD,RESIDENTIAL,"$792,800","$792,800",524200,524200,524200,524200,524200,524200,,
3757,60 GREAT BROOK RD,RESIDENTIAL,"$455,500","$455,500",317400,317400,317500,317500,317500,317500,,
3758,52 GREAT BROOK RD,RESIDENTIAL,"$1,097,378","$1,024,176",865500,804775,865500,804775,865500,804775,,
3759,0 GREAT BROOK RD,,"$284,308","$4,010",236000,4010,236000,4010,236000,4010,,
3760,48 GREAT BROOK RD,RESIDENTIAL,"$453,800","$453,800",344100,344100,344100,344100,352300,352300,,
3761,42 GREAT BROOK RD,RESIDENTIAL,"$519,900","$483,196",354300,323795,354300,323795,354300,323795,,
3762,0 GREAT BROOK RD,,"$1,213,341","$24,803",1010100,24805,1010100,24805,1010100,24805,,
3763,90 GREAT BROOK RD,RESIDENTIAL,"$962,897","$336,610",771800,254215,773000,255415,773000,255415,,
3764,0 GREAT BROOK RD,,"$167,600","$167,600",138500,138500,138500,138500,138500,138500,,
3765,103 GREAT BROOK RD,RESIDENTIAL,"$619,641","$587,698",432600,406300,432400,406100,432400,406100,,
3766,109 GREAT BROOK RD,RESIDENTIAL,"$955,878","$697,558",685500,471960,685500,471960,685500,471960,,
3767,0 GREAT BROOK RD,,"$136,420",$495,112800,495,112800,495,112800,495,,
3768,0 MERIDEN RD,,"$190,612","$1,657",158100,1655,158100,1655,158100,1655,,
3769,414 MERIDEN RD,RESIDENTIAL,"$536,000","$536,000",385000,385000,385000,385000,385000,385000,,
3770,401 MERIDEN RD,RESIDENTIAL,"$307,500","$307,500",227300,227300,227100,227100,227100,227100,,
3771,405 MERIDEN RD,RESIDENTIAL,"$440,300","$440,300",310800,310800,311000,311000,311000,311000,,
3772,407 MERIDEN RD,RESIDENTIAL,"$400,400","$400,400",286500,286500,286400,286400,286500,286500,,
3773,411 MERIDEN RD,RESIDENTIAL,"$484,100","$484,100",325400,325400,324700,324700,324700,324700,,
3774,415 MERIDEN RD,RESIDENTIAL,"$303,100","$303,100",238500,238500,238600,238600,238600,238600,,
3775,0 MERIDEN RD,,"$570,970","$9,564",290100,8305,286600,8305,286600,8305,,
3776,423 MERIDEN RD,,"$134,400","$134,400",112000,112000,280500,280500,280500,280500,,
3777,427 MERIDEN RD,RESIDENTIAL,"$527,040","$527,040",386700,386700,386700,386700,386700,386700,,
3778,431 MERIDEN RD,RESIDENTIAL,"$490,900","$490,900",361100,361100,361300,361300,361300,361300,,
3779,19 MERRY LN,RESIDENTIAL,"$1,288,000","$642,153",1057700,522155,1049400,513855,1000000,466855,,
3780,435 MERIDEN RD,RESIDENTIAL,"$569,000","$569,000",398000,398000,388200,388200,388200,388200,,
3781,439 MERIDEN RD,RESIDENTIAL,"$504,000","$504,000",355700,355700,355700,355700,355700,355700,,
3782,445 MERIDEN RD,RESIDENTIAL,"$663,100","$663,100",522500,522500,522500,522500,522500,522500,,
3783,449 MERIDEN RD,RESIDENTIAL,"$712,100","$712,100",544100,544100,541200,541200,541200,541200,,
3784,453 MERIDEN RD,RESIDENTIAL,"$513,900","$513,900",363600,363600,363900,363900,363900,363900,,
3785,457 MERIDEN RD,RESIDENTIAL,"$631,900","$631,900",477600,477600,477600,477600,475100,475100,,
3786,7 MERRY LN,RESIDENTIAL,"$522,000","$522,000",371700,371700,372100,372100,372100,372100,,
3787,463 MERIDEN RD,RESIDENTIAL,"$634,100","$634,100",501600,501600,500200,500200,500200,500200,,
3788,8 MERRY LN,RESIDENTIAL,"$707,800","$707,800",559600,559600,559600,559600,559600,559600,,
3789,475 MERIDEN RD,RESIDENTIAL,"$678,800","$678,800",485500,485500,483900,483900,483900,483900,,
3790,0 MERIDEN RD,,"$110,800",$195,90200,170,90200,170,90200,170,,
3791,0 MERIDEN RD,,"$265,920","$6,587",221500,6585,217500,6585,217500,6585,,
3792,0 MERIDEN RD,,"$297,525","$6,351",248000,6350,248000,6350,248000,6350,,
3793,0 MERIDEN RD,,"$165,700","$1,120",137400,1120,137400,1120,137400,1120,,
3794,526 MERIDEN RD,INDUSTRIAL,"$394,300","$394,300",353200,353200,353200,353200,353200,353200,,
3795,481 MERIDEN RD,RESIDENTIAL,"$645,100","$645,100",525000,525000,525100,525100,540700,540700,,
3796,485 MERIDEN RD,RESIDENTIAL,"$664,500","$664,500",466300,466300,466300,466300,451200,451200,,
3797,491 MERIDEN RD,RESIDENTIAL,"$599,900","$599,900",476800,476800,474800,474800,474800,474800,,
3798,17 DULAC ST,RESIDENTIAL,"$428,900","$428,900",303000,303000,231600,231600,233300,233300,,
3799,161 MERIDEN RD,RESIDENTIAL,"$784,584","$784,584",454700,454700,454700,454700,455100,455100,,
3800,149 N MAIN ST,RESIDENTIAL,"$713,600","$713,600",487800,487800,487800,487800,487800,487800,,
3801,15 LIGHT ST,RESIDENTIAL,"$484,600","$484,600",313600,313600,313500,313500,313500,313500,,
3802,13 RICHARDSON PL,RESIDENTIAL,"$221,442","$221,442",162400,162400,162400,162400,161500,161500,,
3803,169 BANK ST EXT,RESIDENTIAL,"$531,200","$531,200",351600,351600,351600,351600,351600,351600,,
3804,19 FARAWAY LN,RESIDENTIAL,"$801,446","$801,446",628600,628600,628600,628600,655400,655400,,
3805,23 FARAWAY LN,RESIDENTIAL,"$747,038","$747,038",521900,521900,521900,521900,521900,521900,,
3806,31 FARAWAY LN,RESIDENTIAL,"$1,120,335","$1,120,335",902300,902300,902300,902300,925100,925100,,
3808,22 FARAWAY LN,RESIDENTIAL,"$812,848","$812,848",576400,576400,576400,576400,576400,576400,,
3809,3 HILLTOP DR,RESIDENTIAL,"$767,445","$767,445",532600,532600,532600,532600,532600,532600,,
3810,7 HILLTOP DR,RESIDENTIAL,"$1,195,031","$1,195,031",810700,810700,810700,810700,810700,810700,,
3811,8 HILLTOP DR,RESIDENTIAL,"$704,569","$704,569",515400,515400,515400,515400,515400,515400,,
3812,0 HILLTOP DR,,"$196,100","$196,100",159300,159300,159500,159500,159500,159500,,
3813,2 FARAWAY LN,RESIDENTIAL,"$735,100","$735,100",573200,573200,573300,573300,573300,573300,,
3814,16 CHAMBERS CIR,RESIDENTIAL,"$833,000","$833,000",653500,653500,653700,653700,653700,653700,,
3815,14 CHAMBERS CIR,RESIDENTIAL,"$1,069,100","$1,069,100",737900,737900,738000,738000,738000,738000,,
3816,12 CHAMBERS CIR,RESIDENTIAL,"$671,500","$671,500",538400,538400,538600,538600,543700,543700,,
3817,10 CHAMBERS CIR,,"$168,600","$168,600",136800,136800,137000,137000,137000,137000,,
3818,2 WYETH FARM CIR,RESIDENTIAL,"$598,400","$598,400",415800,415800,416000,416000,416000,416000,,
3819,1 WYETH FARM CIR,RESIDENTIAL,"$625,900","$625,900",448900,448900,449000,449000,449000,449000,,
3820,0 N MAIN ST,,$500,$500,400,400,400,400,400,400,,
3821,0 N MAIN ST,,$300,$300,300,300,300,300,300,300,,
3822,0 N MAIN ST,RESIDENTIAL,"$35,700","$35,700",25800,25800,25800,25800,25800,25800,,
3823,3 CAMBRIDGE PL,RESIDENTIAL,"$632,900","$632,900",498900,498900,499000,499000,499000,499000,,
3824,169 ETNA RD,RESIDENTIAL,"$612,300","$587,385",445700,423785,445700,423785,445700,423785,,
3825,0 ETNA RD,,"$132,900","$1,695",116700,1695,116700,1695,134400,2515,,
3826,0 LAFAYETTE ST,,"$56,800","$1,100",52600,1100,52600,1100,51200,3610,,
3827,187 ETNA RD,RESIDENTIAL,"$416,600","$416,600",307400,307400,307700,307700,305200,305200,,
3828,66 ORION  DR,RESIDENTIAL,"$519,268","$487,349",375500,349050,375500,349050,398500,349600,,
3829,188 ETNA RD,RESIDENTIAL,"$586,400","$528,735",402800,352035,402800,352035,380300,351585,,
3830,182 ETNA RD,RESIDENTIAL,"$392,200","$392,200",289700,289700,289700,289700,289700,289700,,
3831,174 ETNA RD,RESIDENTIAL,"$573,850","$573,850",397100,397100,397100,397100,397100,397100,,
3832,170 ETNA RD,RESIDENTIAL,"$498,850","$498,850",398400,398400,398400,398400,398400,398400,,
3833,164 ETNA RD,RESIDENTIAL,"$366,150","$366,150",251400,251400,251400,251400,251400,251400,,
3834,91 ORION  DR,RESIDENTIAL,"$1,787,600","$1,630,580",1423700,1293780,1423900,1293980,1423900,1293980,,
3835,48 ORION  DR,RESIDENTIAL,"$638,491","$638,491",463500,463500,463500,463500,463500,463500,,
3836,419 MOUNT SUPPORT RD,RESIDENTIAL,"$417,375","$417,375",303900,303900,303900,303900,303900,303900,,
3837,424 MOUNT SUPPORT RD,,"$117,030","$117,030",97700,97700,97700,97700,97700,97700,,
3838,402 MOUNT SUPPORT RD,COMMERCIAL,"$11,191,700","$11,191,700",1322100,1322100,446100,446100,308700,308700,,
3840,2 TIMBERWOOD DR,COMMERCIAL,"$58,356,744","$57,819,820",50378000,49934620,50378000,49934620,50372000,49934620,,
3841,334 MOUNT SUPPORT RD,RESIDENTIAL,"$521,800","$521,800",420000,420000,412500,412500,412500,412500,,
3842,0 MOUNT SUPPORT RD,,"$35,477","$1,001",29500,1000,29500,1000,23200,890,,
3843,0 NH ROUTE 120,,"$479,574","$6,141",422800,6140,422800,10300,422800,10300,,
3844,0 ETNA RD,,"$92,825","$1,634",81600,1635,81600,1635,81600,3485,,
3845,0 ETNA RD,,"$173,194","$2,344",152000,2345,152000,2345,169100,3845,,
3846,147 ETNA RD,RESIDENTIAL,"$189,000","$189,000",145600,145600,226000,226000,226000,226000,,
3847,159 ETNA RD,RESIDENTIAL,"$280,800","$280,800",214800,214800,214800,214800,214800,214800,,
3848,163 ETNA RD,RESIDENTIAL,"$272,900","$272,900",208300,208300,208300,208300,208300,208300,,
3849,152 ETNA RD,RESIDENTIAL,"$511,161","$511,161",383300,383300,383300,383300,383300,383300,,
3850,134 ETNA RD,RESIDENTIAL,"$345,331","$345,331",240600,240600,240600,240600,242100,242100,,
3851,128 ETNA RD,RESIDENTIAL,"$343,000","$343,000",243800,243800,243900,243900,243900,243900,,
3852,0 ETNA RD,,"$8,985,900","$1,243,475",8947100,1204675,287100,6270,287100,6270,,
3853,156 ETNA RD,RESIDENTIAL,"$381,150","$381,150",278000,278000,278000,278000,278000,278000,,
3854,160 ETNA RD,RESIDENTIAL,"$354,750","$354,750",260200,260200,260200,260200,260200,260200,,
3855,215 HARDY HILL RD,RESIDENTIAL,"$370,635","$370,635",275600,275600,275600,275600,275600,275600,,
3856,219 HARDY HILL RD,RESIDENTIAL,"$620,646","$620,646",453000,453000,454200,454200,454200,454200,,
3857,225 HARDY HILL RD,RESIDENTIAL,"$628,757","$628,757",445100,445100,445100,445100,445100,445100,,
3858,229 HARDY HILL RD,RESIDENTIAL,"$665,700","$653,735",474900,465135,471300,461535,486400,460910,,
3859,0 HARDY HILL RD,,"$163,273","$163,273",133300,133300,133300,133300,133300,133300,,
3860,0 HARDY HILL RD,,"$150,200",$265,124200,265,124200,265,124200,265,,
3861,0 HARDY HILL RD,,"$160,600",$270,132800,270,132800,270,132800,270,,
3862,251 HARDY HILL RD,RESIDENTIAL,"$661,000","$585,680",534600,472080,537400,474945,537400,474945,,
3863,250 HARDY HILL RD,RESIDENTIAL,"$598,600","$598,600",451300,451300,451300,451300,451300,451300,,
3864,8 BLUEBERRY HILL DR,RESIDENTIAL,"$711,300","$711,300",493900,493900,493900,493900,493900,493900,,
3865,246 HARDY HILL RD,RESIDENTIAL,"$449,200","$449,200",327400,327400,327400,327400,327400,327400,,
3866,240 HARDY HILL RD,RESIDENTIAL,"$655,984","$655,984",471000,471000,471000,471000,471000,471000,,
3867,236 HARDY HILL RD,RESIDENTIAL,"$445,842","$445,842",341400,341400,336700,336700,336700,336700,,
3868,228 HARDY HILL RD,RESIDENTIAL,"$529,700","$529,700",422600,422600,434600,434600,434600,434600,,
3869,224 HARDY HILL RD,RESIDENTIAL,"$377,900","$377,900",282400,282400,282500,282500,282500,282500,,
3870,214 HARDY HILL RD,RESIDENTIAL,"$427,804","$427,804",320800,320800,320800,320800,319700,319700,,
3871,12 BLUEBERRY HILL DR,RESIDENTIAL,"$787,527","$787,527",552500,552500,543200,543200,543200,543200,,
3872,0 BLUEBERRY HILL DR,,"$3,300","$3,300",2700,2700,2700,2700,2700,2700,,
3873,54 WESTVIEW LN,RESIDENTIAL,"$847,100","$847,100",661000,661000,715400,715400,715400,715400,,
3874,48 WESTVIEW LN,RESIDENTIAL,"$534,800","$534,800",373600,373600,373500,373500,373500,373500,,
3875,36 WESTVIEW LN,RESIDENTIAL,"$765,200","$765,200",599500,599500,598900,598900,598900,598900,,
3876,32 WESTVIEW LN,RESIDENTIAL,"$549,300","$549,300",398800,398800,398600,398600,398600,398600,,
3877,28 WESTVIEW LN,RESIDENTIAL,"$904,219","$904,219",719200,719200,719200,719200,719200,719200,,
3878,24 WESTVIEW LN,RESIDENTIAL,"$618,700","$618,700",497300,497300,500100,500100,500100,500100,,
3879,20 WESTVIEW LN,RESIDENTIAL,"$592,400","$592,400",467000,467000,466500,466500,466500,466500,,
3880,0 BLUEBERRY HILL DR,,"$168,800","$168,800",137800,137800,137600,137600,137600,137600,,
3881,9 WESTVIEW LN,RESIDENTIAL,"$549,900","$549,900",377600,377600,377600,377600,377600,377600,,
3882,23 WESTVIEW LN,RESIDENTIAL,"$872,900","$872,900",679300,679300,679300,679300,679300,679300,,
3883,31 WESTVIEW LN,RESIDENTIAL,"$690,500","$690,500",487600,487600,487100,487100,492900,492900,,
3884,39 WESTVIEW LN,RESIDENTIAL,"$903,700","$903,700",608400,608400,608900,608900,608900,608900,,
3885,54 BLUEBERRY HILL DR,RESIDENTIAL,"$990,100","$990,100",631500,631500,631500,631500,631500,631500,,
3886,11 BLUEBERRY MDW,RESIDENTIAL,"$704,312","$704,312",553000,553000,553400,553400,553400,553400,,
3887,19 BLUEBERRY MDW,RESIDENTIAL,"$558,220","$558,220",401500,401500,401500,401500,401500,401500,,
3888,16 BLUEBERRY MDW,RESIDENTIAL,"$679,845","$679,845",553600,553600,566300,566300,566300,566300,,
3889,36 BLUEBERRY HILL DR,RESIDENTIAL,"$513,500","$513,500",372300,372300,372300,372300,372300,372300,,
3890,30 BLUEBERRY HILL DR,RESIDENTIAL,"$746,100","$746,100",596100,596100,596600,596600,608100,596600,,
3891,22 BLUEBERRY HILL DR,RESIDENTIAL,"$627,300","$627,300",445300,445300,445200,445200,445200,445200,,
3892,40 BROOK RD,RESIDENTIAL,"$597,500","$597,500",430500,430500,430400,430400,430400,430400,,
3893,20 BROOK RD,RESIDENTIAL,"$576,800","$576,800",388300,388300,387700,387700,387700,387700,,
3894,21 BASSY ST,RESIDENTIAL,"$611,500","$611,500",395100,395100,395100,395100,395100,395100,,
3895,26 BASSY ST,RESIDENTIAL,"$551,400","$551,400",365900,365900,365900,365900,380200,380200,,
3896,77 ETNA RD,COMMERCIAL,"$1,375,912","$1,375,910",1107000,1107000,1107000,1107000,1107000,1107000,,
3897,8 DARTMOUTH AVE,RESIDENTIAL,"$352,650","$352,650",260000,260000,260000,260000,260000,260000,,
3898,10 DARTMOUTH AVE,RESIDENTIAL,"$249,200","$249,200",184000,184000,184000,184000,184000,184000,,
3899,20 DARTMOUTH AVE,RESIDENTIAL,"$342,600","$342,600",235400,235400,235400,235400,235400,235400,,
3900,22 DARTMOUTH AVE,RESIDENTIAL,"$452,900","$452,900",335100,335100,335100,335100,335100,335100,,
3901,36 DARTMOUTH AVE,RESIDENTIAL,"$600,500","$600,500",479500,479500,479500,479500,479500,479500,,
3902,38 DARTMOUTH AVE,RESIDENTIAL,"$325,000","$325,000",236300,236300,236300,236300,236300,236300,,
3903,54 DARTMOUTH AVE,RESIDENTIAL,"$525,500","$525,500",369200,369200,369200,369200,369200,369200,,
3904,53 DARTMOUTH AVE,RESIDENTIAL,"$613,900","$613,900",424100,424100,424100,424100,424100,424100,,
3905,49 DARTMOUTH AVE,RESIDENTIAL,"$304,800","$304,800",223400,223400,223400,223400,223400,223400,,
3906,0 DARTMOUTH AVE,,"$105,000","$105,000",86700,86700,86700,86700,86700,86700,,
3907,31 DARTMOUTH AVE,RESIDENTIAL,"$260,900","$260,900",203500,203500,205800,205800,205800,205800,,
3908,29 DARTMOUTH AVE,RESIDENTIAL,"$472,100","$472,100",333300,333300,333400,333400,333400,333400,,
3909,19 DARTMOUTH AVE,RESIDENTIAL,"$402,100","$402,100",299500,299500,299500,299500,299500,299500,,
3910,7 DARTMOUTH AVE,,"$96,500","$96,500",79700,79700,79700,79700,79700,79700,,
3911,1 DARTMOUTH AVE,RESIDENTIAL,"$666,500","$666,500",487100,487100,67300,67300,67300,67300,,
3912,260 HANOVER ST EXT,RESIDENTIAL,"$378,800","$378,800",289600,289600,292800,292800,292800,292800,,
3913,268 HANOVER ST EXT,RESIDENTIAL,"$398,700","$398,700",286700,286700,286700,286700,286700,286700,,
3914,270 HANOVER ST,,"$89,500","$89,500",73900,73900,73900,73900,73900,73900,,
3915,272 HANOVER ST EXT,RESIDENTIAL,"$799,700","$799,700",610200,610200,610100,610100,618400,618400,,
3917,290 HANOVER ST EXT,RESIDENTIAL,"$167,700","$167,700",129400,129400,129500,129500,129500,129500,,
3918,300 HANOVER ST EXT,RESIDENTIAL,"$451,600","$451,600",332900,332900,332900,332900,332900,332900,,
3919,304 HANOVER ST EXT,RESIDENTIAL,"$502,700","$502,700",372500,372500,372500,372500,372500,372500,,
3920,0 MOUNT SUPPORT RD,,"$104,000","$104,000",85900,85900,85900,85900,85900,85900,,
3921,273 HEATER RD,RESIDENTIAL,"$688,300","$688,300",594100,594100,594100,594100,64400,64400,,
3922,271 HANOVER ST EXT,RESIDENTIAL,"$349,700","$349,700",264500,264500,264500,264500,264500,264500,,
3923,269 HANOVER ST EXT,RESIDENTIAL,"$457,100","$457,100",347300,347300,347400,347400,347400,347400,,
3924,15 MEMORIAL DR,RESIDENTIAL,"$448,600","$448,600",300700,300700,300600,300600,300600,300600,,
3925,5 BASSY ST,RESIDENTIAL,"$401,500","$401,500",280000,280000,279500,279500,279500,279500,,
3926,9 BASSY ST,RESIDENTIAL,"$458,200","$458,200",305500,305500,305600,305600,305600,305600,,
3927,13 BASSY ST,RESIDENTIAL,"$473,900","$473,900",335600,335600,335700,335700,335700,335700,,
3928,16 BASSY ST,RESIDENTIAL,"$653,100","$653,100",449200,449200,449200,449200,449200,449200,,
3929,8 BASSY ST,RESIDENTIAL,"$463,800","$463,800",327400,327400,327400,327400,327400,327400,,
3930,1 BASSY ST,RESIDENTIAL,"$460,100","$460,100",327300,327300,327400,327400,327400,327400,,
3931,37 WOLF RD,RESIDENTIAL,"$416,300","$416,300",295400,295400,295400,295400,295100,295100,,
3932,40 WOLF RD 11,,"$354,000","$354,000",243500,243500,243500,243500,243500,243500,,
3933,40 WOLF RD 12,,"$317,200","$317,200",216000,216000,216000,216000,216000,216000,,
3934,40 WOLF RD 13,,"$333,900","$333,900",226300,226300,226300,226300,226300,226300,,
3935,40 WOLF RD 14,,"$333,500","$333,500",226000,226000,226000,226000,226000,226000,,
3936,40 WOLF RD 15,,"$325,500","$325,500",217700,217700,217700,217700,217700,217700,,
3937,40 WOLF RD #16,,"$333,900","$333,900",226300,226300,226300,226300,226300,226300,,
3938,40 WOLF RD 21,,"$333,900","$333,900",226300,226300,226300,226300,226300,226300,,
3939,40 WOLF RD 22,,"$333,900","$333,900",226300,226300,226300,226300,226300,226300,,
3940,40 WOLF RD 23,,"$333,900","$333,900",226300,226300,226300,226300,226300,226300,,
3941,40 WOLF RD #24,,"$325,500","$325,500",217700,217700,217700,217700,217700,217700,,
3942,40 WOLF RD 31,,"$324,900","$324,900",217400,217400,215700,215700,215700,215700,,
3943,40 WOLF RD 32,,"$322,000","$322,000",215600,215600,215600,215600,215600,215600,,
3944,40 WOLF RD 33,,"$322,200","$322,200",215700,215700,215700,215700,215700,215700,,
3945,40 WOLF RD 34,,"$322,200","$322,200",215700,215700,215700,215700,215700,215700,,
3946,40 WOLF RD #41,,"$322,000","$322,000",219000,219000,219000,219000,219000,219000,,
3947,40 WOLF RD 42,,"$322,200","$322,200",215700,215700,215700,215700,215700,215700,,
3948,40 WOLF RD 43,,"$322,200","$322,200",215700,215700,215700,215700,215700,215700,,
3949,40 WOLF RD 44,,"$322,200","$322,200",215700,215700,215700,215700,215700,215700,,
3950,40 WOLF RD 45,,"$322,200","$322,200",215700,215700,215700,215700,215700,215700,,
3951,40 WOLF RD 46,,"$322,200","$322,200",219100,219100,219100,219100,219100,219100,,
3952,40 WOLF RD 51,,"$333,900","$333,900",226300,226300,226300,226300,226300,226300,,
3953,40 WOLF RD 52,,"$333,900","$333,900",226300,226300,226300,226300,226300,226300,,
3954,40 WOLF RD 53,,"$357,600","$357,600",229800,229800,229800,229800,229800,229800,,
3955,40 WOLF RD 54,,"$328,200","$328,200",219400,219400,219400,219400,219400,219400,,
3956,30 WOLF RD 101,,"$196,700","$196,700",120500,120500,120500,120500,120500,120500,,
3957,30 WOLF RD 102,,"$215,600","$215,600",131100,131100,131100,131100,131100,131100,,
3958,30 WOLF RD 103,,"$215,600","$215,600",131100,131100,131100,131100,131100,131100,,
3959,30 WOLF RD #104,,"$215,600","$215,600",131100,131100,131100,131100,131100,131100,,
3960,30 WOLF RD 105,,"$196,700","$196,700",120500,120500,120500,120500,120500,120500,,
3961,30 WOLF RD 111,,"$216,700","$216,700",131800,131800,131800,131800,131800,131800,,
3962,30 WOLF RD 112,,"$215,600","$215,600",131100,131100,131100,131100,131100,131100,,
3963,30 WOLF RD 113,,"$215,600","$215,600",131100,131100,131100,131100,131100,131100,,
3964,30 WOLF RD 114,,"$228,300","$228,300",131100,131100,131100,131100,131100,131100,,
3965,30 WOLF RD 115,,"$216,700","$216,700",131800,131800,131800,131800,131800,131800,,
3966,30 WOLF RD #201,,"$196,700","$196,700",120500,120500,120500,120500,120500,120500,,
3967,30 WOLF RD 202,,"$215,600","$215,600",131100,131100,131100,131100,131100,131100,,
3968,30 WOLF RD #203,,"$215,600","$215,600",131100,131100,131100,131100,131100,131100,,
3969,30 WOLF RD 204,,"$215,600","$215,600",131100,131100,131100,131100,131100,131100,,
3970,30 WOLF RD 205,,"$196,700","$196,700",120500,120500,120500,120500,120500,120500,,
3971,30 WOLF RD 211,,"$216,700","$216,700",131800,131800,131800,131800,131800,131800,,
3972,30 WOLF RD 212,,"$215,600","$215,600",131100,131100,131100,131100,131100,131100,,
3973,30 WOLF RD 213,,"$215,600","$215,600",131100,131100,131100,131100,131100,131100,,
3974,30 WOLF RD 214,,"$232,800","$232,800",141500,141500,141500,141500,131100,131100,,
3975,30 WOLF RD 215,,"$216,700","$216,700",131800,131800,131800,131800,131800,131800,,
3976,30 WOLF RD 301,,"$196,700","$196,700",120500,120500,120500,120500,120500,120500,,
3977,30 WOLF RD 302,,"$215,600","$215,600",131100,131100,131100,131100,131100,131100,,
3978,30 WOLF RD 303,,"$215,600","$215,600",131100,131100,131100,131100,131100,131100,,
3979,30 WOLF RD 304,,"$215,600","$215,600",131100,131100,131100,131100,131100,131100,,
3980,30 WOLF RD 305,,"$196,700","$196,700",120500,120500,120500,120500,120500,120500,,
3981,30 WOLF RD 311,,"$216,700","$216,700",131800,131800,131800,131800,131800,131800,,
3982,30 WOLF RD 312,,"$215,600","$215,600",131100,131100,131100,131100,131100,131100,,
3983,30 WOLF RD 313,,"$215,600","$215,600",131100,131100,131100,131100,131100,131100,,
3984,30 WOLF RD 314,,"$213,700","$213,700",130100,130100,130100,130100,130100,130100,,
3985,30 WOLF RD 315,,"$216,700","$216,700",131800,131800,131800,131800,131800,131800,,
3986,30 WOLF RD 401,,"$196,700","$196,700",120500,120500,120500,120500,120500,120500,,
3987,30 WOLF RD 402,,"$215,600","$215,600",131100,131100,131100,131100,131100,131100,,
3988,30 WOLF RD 403,,"$215,600","$215,600",131100,131100,131100,131100,131100,131100,,
3989,30 WOLF RD 404,,"$215,600","$215,600",131100,131100,131100,131100,131100,131100,,
3990,30 WOLF RD 405,,"$196,700","$196,700",120500,120500,120500,120500,120500,120500,,
3991,30 WOLF RD 411,,"$216,700","$216,700",131800,131800,131800,131800,131800,131800,,
3992,30 WOLF RD #412,,"$215,600","$215,600",131100,131100,131100,131100,131100,131100,,
3993,30 WOLF RD #413,,"$215,600","$215,600",131100,131100,131100,131100,131100,131100,,
3994,30 WOLF RD 414,,"$215,600","$215,600",131100,131100,131100,131100,131100,131100,,
3995,30 WOLF RD 415,,"$216,700","$216,700",131800,131800,131800,131800,131800,131800,,
3996,30 WOLF RD #501,,"$196,700","$196,700",120500,120500,120500,120500,120500,120500,,
3997,30 WOLF RD 502,,"$215,600","$215,600",131100,131100,131100,131100,131100,131100,,
3998,30 WOLF RD #503,,"$215,600","$215,600",131100,131100,131100,131100,131100,131100,,
3999,30 WOLF RD 504,,"$215,600","$215,600",131100,131100,131100,131100,131100,131100,,
4000,30 WOLF RD 505,,"$196,700","$196,700",120500,120500,120500,120500,120500,120500,,
4001,30 WOLF RD 511,,"$216,700","$216,700",131800,131800,131800,131800,131800,131800,,
4002,30 WOLF RD 512,,"$215,600","$215,600",131100,131100,131100,131100,131100,131100,,
4003,30 WOLF RD 513,,"$215,600","$215,600",131100,131100,131100,131100,131100,131100,,
4004,30 WOLF RD #514,,"$213,700","$213,700",130100,130100,130100,130100,130100,130100,,
4005,30 WOLF RD 515,,"$216,700","$216,700",131800,131800,131800,131800,131800,131800,,
4006,30 WOLF RD 601,,"$196,700","$196,700",120500,120500,120500,120500,120500,120500,,
4007,30 WOLF RD #602,,"$233,300","$233,300",131100,131100,131100,131100,131100,131100,,
4008,30 WOLF RD #603,,"$215,600","$215,600",131100,131100,131100,131100,131100,131100,,
4009,30 WOLF RD #604,,"$215,600","$215,600",131100,131100,131100,131100,131100,131100,,
4010,30 WOLF RD 605,,"$196,700","$196,700",120500,120500,120500,120500,120500,120500,,
4011,30 WOLF RD 611,,"$216,700","$216,700",131800,131800,131800,131800,131800,131800,,
4012,30 WOLF RD 612,,"$215,600","$215,600",131100,131100,131100,131100,131100,131100,,
4013,30 WOLF RD 613,,"$215,600","$215,600",131100,131100,131100,131100,131100,131100,,
4014,30 WOLF RD #614,,"$215,600","$215,600",131100,131100,131100,131100,131100,131100,,
4015,30 WOLF RD 615,,"$216,700","$216,700",131800,131800,131800,131800,131800,131800,,
4016,30 WOLF RD #701,,"$196,700","$196,700",120500,120500,120500,120500,120500,120500,,
4017,30 WOLF RD 702,,"$219,400","$219,400",133300,133300,132200,132200,132200,132200,,
4018,30 WOLF RD 703,,"$215,600","$215,600",131100,131100,131100,131100,131100,131100,,
4019,30 WOLF RD 704,,"$215,600","$215,600",131100,131100,131100,131100,131100,131100,,
4020,30 WOLF RD 705,,"$196,700","$196,700",120500,120500,120500,120500,120500,120500,,
4021,30 WOLF RD 711,,"$216,700","$216,700",131800,131800,131800,131800,131800,131800,,
4022,30 WOLF RD 712,,"$215,600","$215,600",131100,131100,131100,131100,131100,131100,,
4023,30 WOLF RD 713,,"$215,600","$215,600",131100,131100,131100,131100,131100,131100,,
4024,30 WOLF RD 714,,"$215,600","$215,600",131100,131100,131100,131100,131100,131100,,
4025,30 WOLF RD 715,,"$216,700","$216,700",131800,131800,131800,131800,131800,131800,,
4026,20 WOLF RD A1,,"$116,700","$116,700",96500,96500,96500,96500,96500,96500,,
4027,20 WOLF RD #A2,,"$70,100","$70,100",60800,60800,60800,60800,60800,60800,,
4028,20 WOLF RD #A3,,"$128,000","$128,000",105100,105100,105100,105100,105100,105100,,
4029,20 WOLF RD A4,,"$128,000","$128,000",105100,105100,105100,105100,105100,105100,,
4030,20 WOLF RD A5,,"$128,000","$128,000",105100,105100,105100,105100,105100,105100,,
4031,20 WOLF RD #A6,,"$128,000","$128,000",105100,105100,105100,105100,105100,105100,,
4032,20 WOLF RD A7,,"$128,000","$128,000",105100,105100,105100,105100,105100,105100,,
4033,20 WOLF RD A8,,"$128,000","$128,000",105100,105100,105100,105100,105100,105100,,
4034,20 WOLF RD A9,,"$128,000","$128,000",105100,105100,105100,105100,105100,105100,,
4035,20 WOLF RD A10,,"$128,000","$128,000",105100,105100,105100,105100,105100,105100,,
4036,20 WOLF RD A11,,"$128,000","$128,000",105100,105100,105100,105100,105100,105100,,
4037,20 WOLF RD A12,,"$128,000","$128,000",105100,105100,105100,105100,105100,105100,,
4038,20 WOLF RD B13,,"$116,700","$116,700",96500,96500,96500,96500,96500,96500,,
4039,20 WOLF RD #B14,,"$116,700","$116,700",96500,96500,96500,96500,96500,96500,,
4040,20 WOLF RD B15,,"$76,200","$76,200",65500,65500,65500,65500,65500,65500,,
4041,20 WOLF RD B16,,"$128,000","$128,000",105100,105100,105100,105100,105100,105100,,
4042,20 WOLF RD B17,,"$128,000","$128,000",105100,105100,105100,105100,105100,105100,,
4043,20 WOLF RD B18,,"$126,900","$126,900",104200,104200,105100,105100,105100,105100,,
4044,20 WOLF RD B19,,"$135,500","$135,500",111200,111200,105100,105100,105100,105100,,
4045,20 WOLF RD B20,,"$128,000","$128,000",105100,105100,105100,105100,105100,105100,,
4046,20 WOLF RD B21,,"$128,000","$128,000",105100,105100,105100,105100,105100,105100,,
4047,20 WOLF RD B22,,"$128,000","$128,000",105100,105100,105100,105100,105100,105100,,
4048,20 WOLF RD B23,,"$128,000","$128,000",105100,105100,105100,105100,105100,105100,,
4049,20 WOLF RD B24,,"$129,100","$129,100",105900,105900,105900,105900,105900,105900,,
4050,20 WOLF RD B25,,"$116,700","$116,700",96500,96500,96500,96500,96500,96500,,
4051,20 WOLF RD #B26,,"$116,700","$116,700",96500,96500,96500,96500,96500,96500,,
4052,20 WOLF RD B27,,"$128,000","$128,000",105100,105100,105100,105100,105100,105100,,
4053,20 WOLF RD B28,,"$128,000","$128,000",105100,105100,105100,105100,105100,105100,,
4054,20 WOLF RD B29,,"$128,000","$128,000",105100,105100,105100,105100,105100,105100,,
4055,20 WOLF RD #B30,,"$128,000","$128,000",105100,105100,105100,105100,105100,105100,,
4056,20 WOLF RD B31,,"$128,000","$128,000",105100,105100,105100,105100,105100,105100,,
4057,20 WOLF RD B32,,"$126,900","$126,900",104200,104200,105100,105100,105100,105100,,
4058,20 WOLF RD B33,,"$126,900","$126,900",104200,104200,104200,104200,104200,104200,,
4059,20 WOLF RD B34,,"$128,000","$128,000",105100,105100,105100,105100,105100,105100,,
4060,20 WOLF RD B35,,"$128,000","$128,000",105100,105100,105100,105100,105100,105100,,
4061,20 WOLF RD B36,,"$128,000","$128,000",105100,105100,105100,105100,105100,105100,,
4062,20 WOLF RD C37,,"$116,700","$116,700",96500,96500,96500,96500,96500,96500,,
4063,20 WOLF RD C38,,"$116,700","$116,700",96500,96500,96500,96500,96500,96500,,
4064,20 WOLF RD C39,,"$76,200","$76,200",65500,65500,65500,65500,65500,65500,,
4065,20 WOLF RD C40,,"$128,000","$128,000",105100,105100,105100,105100,105100,105100,,
4066,20 WOLF RD C41,,"$128,000","$128,000",105100,105100,105100,105100,105100,105100,,
4067,20 WOLF RD C42,,"$128,000","$128,000",105100,105100,105100,105100,105100,105100,,
4068,20 WOLF RD #C43,,"$128,000","$128,000",105100,105100,105100,105100,105100,105100,,
4069,20 WOLF RD C44,,"$128,000","$128,000",105100,105100,105100,105100,105100,105100,,
4070,20 WOLF RD #C45,,"$135,500","$135,500",111200,111200,96400,96400,105100,105100,,
4071,20 WOLF RD C46,,"$128,000","$128,000",105100,105100,105100,105100,105100,105100,,
4072,20 WOLF RD C47,,"$135,500","$135,500",111200,111200,105100,105100,105100,105100,,
4073,20 WOLF RD C48,,"$116,400","$116,400",95600,95600,105100,105100,105100,105100,,
4074,20 WOLF RD C49,,"$116,700","$116,700",96500,96500,96500,96500,96500,96500,,
4075,20 WOLF RD C50,,"$116,700","$116,700",96500,96500,96500,96500,96500,96500,,
4076,20 WOLF RD C51,,"$128,000","$128,000",105100,105100,105100,105100,105100,105100,,
4077,20 WOLF RD C52,,"$128,000","$128,000",105100,105100,105100,105100,105100,105100,,
4078,20 WOLF RD C53,,"$128,000","$128,000",105100,105100,105100,105100,105100,105100,,
4079,20 WOLF RD C54,,"$128,000","$128,000",105100,105100,105100,105100,105100,105100,,
4080,20 WOLF RD C55,,"$128,000","$128,000",105100,105100,105100,105100,105100,105100,,
4081,20 WOLF RD #C56,,"$128,000","$128,000",105100,105100,105100,105100,105100,105100,,
4082,20 WOLF RD C57,,"$128,000","$128,000",105100,105100,105100,105100,105100,105100,,
4083,20 WOLF RD C58,,"$128,000","$128,000",105100,105100,105100,105100,105100,105100,,
4084,20 WOLF RD C59,,"$128,000","$128,000",105100,105100,105100,105100,105100,105100,,
4085,20 WOLF RD C60,,"$128,000","$128,000",105100,105100,105100,105100,105100,105100,,
4086,20 WOLF RD D61,,"$116,700","$116,700",96500,96500,96500,96500,96500,96500,,
4087,20 WOLF RD D62,,"$116,700","$116,700",96500,96500,96500,96500,96500,96500,,
4088,20 WOLF RD D63,,"$76,200","$76,200",65500,65500,65500,65500,65500,65500,,
4089,20 WOLF RD D64,,"$128,000","$128,000",105100,105100,105100,105100,105100,105100,,
4090,20 WOLF RD D66,,"$128,000","$128,000",105100,105100,105100,105100,105100,105100,,
4091,20 WOLF RD D67,,"$128,000","$128,000",105100,105100,105100,105100,105100,105100,,
4092,20 WOLF RD #D68,,"$128,000","$128,000",105100,105100,105100,105100,105100,105100,,
4093,20 WOLF RD D69,,"$128,000","$128,000",105100,105100,105100,105100,105100,105100,,
4094,20 WOLF RD D70,,"$128,000","$128,000",105100,105100,105100,105100,105100,105100,,
4095,20 WOLF RD D71,,"$128,000","$128,000",105100,105100,105100,105100,105100,105100,,
4096,20 WOLF RD #D72,,"$129,100","$129,100",105900,105900,105900,105900,105900,105900,,
4097,20 WOLF RD D73,,"$116,700","$116,700",96500,96500,96500,96500,96500,96500,,
4098,20 WOLF RD D74,,"$116,700","$116,700",96500,96500,96500,96500,96500,96500,,
4099,20 WOLF RD D75,,"$128,000","$128,000",105100,105100,105100,105100,105100,105100,,
4100,20 WOLF RD D76,,"$128,000","$128,000",105100,105100,105100,105100,105100,105100,,
4101,20 WOLF RD D77,,"$128,000","$128,000",105100,105100,105100,105100,105100,105100,,
4102,20 WOLF RD #D78,,"$128,000","$128,000",105100,105100,105100,105100,105100,105100,,
4103,20 WOLF RD D79,,"$128,000","$128,000",105100,105100,105100,105100,105100,105100,,
4104,20 WOLF RD D80,,"$128,000","$128,000",105100,105100,105100,105100,105100,105100,,
4105,20 WOLF RD D81,,"$128,000","$128,000",105100,105100,105100,105100,105100,105100,,
4106,20 WOLF RD D82,,"$128,000","$128,000",105100,105100,105100,105100,105100,105100,,
4107,20 WOLF RD D83,,"$128,000","$128,000",105100,105100,105100,105100,105100,105100,,
4108,20 WOLF RD D84,,"$128,000","$128,000",105100,105100,105100,105100,105100,105100,,
4109,20 WOLF RD E85,,"$116,700","$116,700",96500,96500,96500,96500,96500,96500,,
4110,20 WOLF RD E86,,"$116,700","$116,700",96500,96500,96500,96500,96500,96500,,
4111,20 WOLF RD E87,,"$108,900","$108,900",90500,90500,90500,90500,90500,90500,,
4112,20 WOLF RD E89,,"$128,000","$128,000",105100,105100,105100,105100,105100,105100,,
4113,20 WOLF RD E90,,"$128,000","$128,000",105100,105100,105100,105100,105100,105100,,
4114,20 WOLF RD E91,,"$128,000","$128,000",105100,105100,105100,105100,105100,105100,,
4115,20 WOLF RD E92,,"$128,000","$128,000",105100,105100,105100,105100,105100,105100,,
4116,20 WOLF RD E93,,"$128,000","$128,000",105100,105100,105100,105100,105100,105100,,
4117,20 WOLF RD E94,,"$128,000","$128,000",105100,105100,105100,105100,105100,105100,,
4118,20 WOLF RD E95,,"$128,000","$128,000",105100,105100,105100,105100,105100,105100,,
4119,20 WOLF RD E96,,"$128,000","$128,000",105100,105100,105100,105100,105100,105100,,
4120,20 WOLF RD E97,,"$116,700","$116,700",96500,96500,96500,96500,96500,96500,,
4121,20 WOLF RD E98,,"$116,700","$116,700",96500,96500,96500,96500,96500,96500,,
4122,20 WOLF RD #E99,,"$128,000","$128,000",105100,105100,105100,105100,105100,105100,,
4123,20 WOLF RD E100,,"$128,000","$128,000",105100,105100,105100,105100,105100,105100,,
4124,20 WOLF RD E101,,"$128,000","$128,000",105100,105100,105100,105100,105100,105100,,
4125,20 WOLF RD E102,,"$128,000","$128,000",105100,105100,105100,105100,105100,105100,,
4126,20 WOLF RD E103,,"$128,000","$128,000",105100,105100,105100,105100,105100,105100,,
4127,20 WOLF RD E104,,"$128,000","$128,000",105100,105100,105100,105100,105100,105100,,
4128,20 WOLF RD E105,,"$128,000","$128,000",105100,105100,105100,105100,105100,105100,,
4129,20 WOLF RD E106,,"$128,000","$128,000",105100,105100,105100,105100,105100,105100,,
4130,20 WOLF RD E107,,"$128,000","$128,000",105100,105100,105100,105100,105100,105100,,
4131,20 WOLF RD E108,,"$128,000","$128,000",105100,105100,105100,105100,105100,105100,,
4132,20 WOLF RD #F109,,"$116,700","$116,700",96500,96500,96500,96500,96500,96500,,
4133,20 WOLF RD F110,,"$116,700","$116,700",96500,96500,96500,96500,96500,96500,,
4134,20 WOLF RD F111,,"$76,200","$76,200",65500,65500,65500,65500,65500,65500,,
4135,20 WOLF RD F112,,"$128,000","$128,000",105100,105100,105100,105100,105100,105100,,
4136,20 WOLF RD F113,,"$128,000","$128,000",105100,105100,105100,105100,105100,105100,,
4137,20 WOLF RD F114,,"$128,000","$128,000",105100,105100,105100,105100,105100,105100,,
4138,20 WOLF RD F115,,"$128,000","$128,000",105100,105100,105100,105100,105100,105100,,
4139,20 WOLF RD F116,,"$128,000","$128,000",105100,105100,105100,105100,105100,105100,,
4140,20 WOLF RD F117,,"$128,000","$128,000",105100,105100,105100,105100,105100,105100,,
4141,20 WOLF RD F118,,"$128,000","$128,000",105100,105100,105100,105100,105100,105100,,
4142,20 WOLF RD #F119,,"$128,000","$128,000",105100,105100,105100,105100,105100,105100,,
4143,20 WOLF RD F120,,"$128,000","$128,000",105100,105100,105100,105100,105100,105100,,
4144,20 WOLF RD #F121,,"$116,700","$116,700",96500,96500,96500,96500,96500,96500,,
4145,20 WOLF RD F122,,"$116,700","$116,700",96500,96500,96500,96500,96500,96500,,
4146,20 WOLF RD F123,,"$128,000","$128,000",105100,105100,105100,105100,105100,105100,,
4147,20 WOLF RD F124,,"$128,000","$128,000",105100,105100,105100,105100,105100,105100,,
4148,20 WOLF RD #F125,,"$128,000","$128,000",105100,105100,105100,105100,105100,105100,,
4149,20 WOLF RD #F126,,"$128,000","$128,000",105100,105100,105100,105100,105100,105100,,
4150,20 WOLF RD F127,,"$128,000","$128,000",105100,105100,105100,105100,105100,105100,,
4151,20 WOLF RD F128,,"$128,000","$128,000",105100,105100,105100,105100,105100,105100,,
4152,20 WOLF RD F129,,"$128,000","$128,000",105100,105100,105100,105100,105100,105100,,
4153,20 WOLF RD F130,,"$128,000","$128,000",105100,105100,105100,105100,105100,105100,,
4154,20 WOLF RD F131,,"$128,000","$128,000",105100,105100,105100,105100,105100,105100,,
4155,20 WOLF RD F132,,"$128,000","$128,000",105100,105100,105100,105100,105100,105100,,
4156,21 OLD ETNA RD,RESIDENTIAL,"$560,800","$560,800",401000,401000,401000,401000,401000,401000,,
4157,23 OLD ETNA RD,RESIDENTIAL,"$559,900","$559,900",400300,400300,400300,400300,400300,400300,,
4158,25 OLD ETNA RD,RESIDENTIAL,"$607,500","$607,500",428700,428700,428700,428700,428700,428700,,
4159,27 OLD ETNA RD,RESIDENTIAL,"$625,300","$625,300",441200,441200,441200,441200,441200,441200,,
4160,29 OLD ETNA RD,RESIDENTIAL,"$621,300","$621,300",433000,433000,433000,433000,433000,433000,,
4161,17 OLD ETNA RD,RESIDENTIAL,"$424,500","$424,500",301300,301300,301300,301300,301300,301300,,
4162,15 OLD ETNA RD,RESIDENTIAL,"$421,900","$421,900",300000,300000,300000,300000,300000,300000,,
4163,9 WOLF RD,RESIDENTIAL,"$404,400","$404,400",274300,274300,274300,274300,274300,274300,,
4164,13 WOLF RD,RESIDENTIAL,"$418,500","$418,500",303500,303500,303500,303500,303500,303500,,
4165,17 WOLF RD,RESIDENTIAL,"$438,000","$438,000",307800,307800,307800,307800,307800,307800,,
4166,19 WOLF RD,RESIDENTIAL,"$421,600","$421,600",278700,278700,278700,278700,278700,278700,,
4167,31 WOLF RD,RESIDENTIAL,"$413,500","$413,500",294300,294300,294300,294300,294300,294300,,
4168,20 MEMORIAL DR,RESIDENTIAL,"$422,500","$422,500",302400,302400,302400,302400,302200,302200,,
4169,16 MEMORIAL DR,RESIDENTIAL,"$503,700","$503,700",399300,399300,399300,399300,399300,399300,,
4170,10 MEMORIAL DR,RESIDENTIAL,"$374,000","$374,000",278000,278000,278100,278100,278100,278100,,
4171,2 MEMORIAL DR,RESIDENTIAL,"$335,000","$335,000",232000,232000,232000,232000,232000,232000,,
4172,1 PLACID SQ,RESIDENTIAL,"$413,900","$413,900",289600,289600,289600,289600,289600,289600,,
4173,2 PLACID SQ,RESIDENTIAL,"$398,600","$398,600",280300,280300,280300,280300,280300,280300,,
4174,3 PLACID SQ,RESIDENTIAL,"$588,800","$588,800",426200,426200,426200,426200,426200,426200,,
4175,4 PLACID SQ,RESIDENTIAL,"$405,800","$405,800",287400,287400,287400,287400,287400,287400,,
4176,5 PLACID SQ,RESIDENTIAL,"$262,000","$262,000",193600,193600,193600,193600,193600,193600,,
4177,6 PLACID SQ,RESIDENTIAL,"$517,500","$517,500",372600,372600,372600,372600,372600,372600,,
4178,8 PLACID SQ,RESIDENTIAL,"$420,500","$420,500",300600,300600,300600,300600,300600,300600,,
4179,9 PLACID SQ,RESIDENTIAL,"$555,500","$555,500",408300,408300,408300,408300,408300,408300,,
4180,0 ALDEN RD,,"$178,029","$1,446",156300,1445,156300,1445,156300,1410,,
4181,0 ALDEN RD,,"$173,200","$2,625",152100,2625,152100,2625,143500,925,,
4182,0 ALDEN RD,,"$157,100","$1,000",137900,1000,137900,1000,137900,1000,,
4183,14 STEVENS RD,RESIDENTIAL,"$821,700","$814,500",564700,559200,564700,559200,560500,555000,,
4184,161 HARDY HILL RD,RESIDENTIAL,"$653,198","$653,198",488200,488200,488200,488200,488200,488200,,
4185,155 HARDY HILL RD,RESIDENTIAL,"$1,545,010","$1,515,397",1055000,1030645,1055000,1031230,1050400,1031230,,
4186,177 HARDY HILL RD,RESIDENTIAL,"$479,300","$466,670",353900,343470,353600,343170,353600,343165,,
4187,0 HARDY HILL RD,,"$20,955",$380,17400,380,17400,380,17400,380,,
4188,15 SUNSET ROCK RD,RESIDENTIAL,"$623,800","$595,110",428500,404710,426300,405100,426300,405100,,
4190,0 STEVENS RD,,"$329,093","$144,873",255100,102875,255100,102875,240900,102875,,
4191,113 HARDY HILL RD,RESIDENTIAL,"$487,900","$487,900",360900,360900,360900,360900,360900,360900,,
4192,0 STEVENS RD,,"$401,500","$5,580",332800,5580,332800,5580,327600,7505,,
4193,53 STEVENS RD,RESIDENTIAL,"$691,355","$691,355",478500,478500,381500,381500,387900,387900,,
4194,100 ALDEN RD,RESIDENTIAL,"$1,657,504","$1,491,917",1295000,1157395,1292400,1154795,1292400,1154795,,
4195,9 EAGLE RIDGE DR,RESIDENTIAL,"$835,218","$835,218",519600,519600,519600,519600,519600,519600,,
4196,19 EAGLE RIDGE DR,RESIDENTIAL,"$1,021,160","$1,021,160",712600,712600,710800,710800,706300,706300,,
4197,60 STEVENS RD,RESIDENTIAL,"$781,952","$781,952",611500,611500,610200,610200,610200,610200,,
4198,25 EAGLE RIDGE DR,RESIDENTIAL,"$1,023,610","$1,023,610",801700,801700,801700,801700,801700,801700,,
4199,0 EAGLE RIDGE DR,,"$312,684","$1,326",254600,1325,254600,1325,253400,1325,,
4200,26 EAGLE RIDGE DR,RESIDENTIAL,"$1,219,109","$1,219,109",872600,872600,869900,869900,866100,866100,,
4201,14 EAGLE RIDGE DR,RESIDENTIAL,"$1,324,000","$1,272,600",1033500,991600,1034700,992800,1034700,992800,,
4202,0 EAGLE RIDGE DR,,"$284,323","$1,412",231600,1410,185200,1410,185200,1410,,
4203,0 EAGLE RIDGE DR,,"$503,500","$2,490",410400,2490,410400,2490,389700,1510,,
4204,55 EAGLE RIDGE DR,RESIDENTIAL,"$1,204,733","$1,204,733",967600,967600,967600,967600,943200,943200,,
4205,51 JENKINS RD,RESIDENTIAL,"$1,286,604","$1,286,604",1017300,1017300,1017300,1017300,1028800,1028800,,
4206,57 JENKINS RD,RESIDENTIAL,"$714,700","$714,700",476400,476400,476600,476600,476600,476600,,
4207,65 JENKINS RD,RESIDENTIAL,"$1,836,594","$1,836,594",1228400,1228400,1228400,1228400,1228400,1228400,,
4208,71 JENKINS RD,RESIDENTIAL,"$331,400","$331,400",248000,248000,248100,248100,248100,248100,,
4209,91 JENKINS RD,,"$262,428","$262,428",216900,216900,216900,216900,216900,216900,,
4210,187 HARDY HILL RD,RESIDENTIAL,"$994,675","$970,220",801200,781020,716700,696520,662400,642220,,
4211,193 HARDY HILL RD,RESIDENTIAL,"$563,032","$563,032",444200,444200,444200,444200,444200,444200,,
4212,1 DORSET LN,RESIDENTIAL,"$1,383,880","$1,038,892",991900,705690,991900,705690,991900,705690,,
4213,84 JENKINS RD,RESIDENTIAL,"$801,600","$801,600",611700,611700,611500,611500,611500,611500,,
4214,5 DORSET LN,RESIDENTIAL,"$1,011,500","$1,011,500",724900,724900,724200,724200,724200,724200,,
4215,9 DORSET LN,RESIDENTIAL,"$1,080,900","$1,080,900",858300,858300,859100,859100,859100,859100,,
4216,13 DORSET LN,RESIDENTIAL,"$789,200","$789,200",631000,631000,631800,631800,631800,631800,,
4217,16 DORSET LN,RESIDENTIAL,"$685,100","$685,100",543300,543300,544300,544300,544300,544300,,
4218,25 DORSET LN,RESIDENTIAL,"$779,100","$779,100",565000,565000,565600,565600,565600,565600,,
4219,29 DORSET LN,RESIDENTIAL,"$822,900","$822,900",608500,608500,609600,609600,609600,609600,,
4220,31 DORSET LN,RESIDENTIAL,"$1,014,400","$1,014,400",810700,810700,812100,812100,812100,812100,,
4221,32 DORSET LN,RESIDENTIAL,"$1,548,500","$1,548,500",1058900,1058900,1059200,1059200,1059200,1059200,,
4222,30 DORSET LN,RESIDENTIAL,"$1,331,835","$1,331,835",912800,912800,912800,912800,912800,912800,,
4223,20 DORSET LN,RESIDENTIAL,"$1,096,573","$1,096,573",857700,857700,857700,857700,862500,862500,,
4224,14 DORSET LN,RESIDENTIAL,"$926,900","$926,900",685200,685200,683600,683600,683600,683600,,
4225,10 DORSET LN,RESIDENTIAL,"$1,103,800","$1,103,800",794500,794500,797800,797800,800200,800200,,
4226,4 DORSET LN,RESIDENTIAL,"$1,378,600","$1,378,600",920900,920900,920900,920900,939600,939600,,
4227,0 JENKINS RD,,"$14,145","$7,373",11800,6175,11800,6175,11800,6175,,
4228,56 JENKINS RD,RESIDENTIAL,"$993,400","$993,400",773800,773800,773800,773800,773800,773800,,
4229,50 JENKINS RD,RESIDENTIAL,"$1,085,300","$1,085,300",875100,875100,875700,875700,875700,875700,,
4230,42 JENKINS RD,RESIDENTIAL,"$598,700","$598,700",412600,412600,413000,413000,413000,413000,,
4231,36 JENKINS RD,RESIDENTIAL,"$710,742","$710,742",465700,465700,465700,465700,465700,465700,,
4232,0 JENKINS RD,,"$392,446","$3,597",325200,3595,270100,3595,270100,3595,,
4233,511 DARTMOUTH COLLEGE HWY,RESIDENTIAL,"$1,051,213","$989,869",721800,656670,721800,656670,721800,656670,,
4234,44 WESTVIEW LN,RESIDENTIAL,"$1,074,500","$1,057,635",864700,850435,864700,850435,819500,805235,,
4235,0 WESTVIEW LN,,"$76,600","$76,600",67100,67100,67100,67100,67100,67100,,
4236,515 DARTMOUTH COLLEGE HWY,RESIDENTIAL,"$643,655","$643,655",422700,422700,422700,422700,422700,422700,,
4237,523 DARTMOUTH COLLEGE HWY,RESIDENTIAL,"$498,364","$454,301",345700,306900,345700,306900,345700,306900,,
4238,238 HANOVER ST,RESIDENTIAL,"$449,210","$449,210",319600,319600,319600,319600,319600,319600,,
4239,248 HANOVER ST EXT,RESIDENTIAL,"$435,260","$435,260",313000,313000,313000,313000,313000,313000,,
4241,0 EVANS DR,,"$23,900","$23,900",19700,19700,19700,19700,19700,19700,,
4242,0 HANOVER ST EXT,,"$212,080","$212,080",175300,175300,175300,175300,175300,175300,,
4243,5 OLD ETNA RD,RESIDENTIAL,"$236,600","$236,600",178100,178100,178200,178200,178200,178200,,
4244,7 OLD ETNA RD,RESIDENTIAL,"$394,800","$394,800",288800,288800,288800,288800,288800,288800,,
4245,9 OLD ETNA RD,RESIDENTIAL,"$446,600","$446,600",319700,319700,319600,319600,319600,319600,,
4246,258 HEATER RD,COMMERCIAL,"$3,312,644","$3,312,644",2465982,2465982,2331404,2331404,3018600,3018600,,
4247,9 BIXBY ST,,"$570,000","$570,000",471000,471000,470600,470600,470600,470600,,
4248,18 OLD ETNA RD,COMMERCIAL,"$56,802,497","$56,802,497",52271800,52271800,52271800,52271800,52271800,52271800,,
4249,10 BIXBY ST,RESIDENTIAL,"$438,100","$438,100",309900,309900,309900,309900,309900,309900,,
4250,236 HEATER RD,RESIDENTIAL,"$500,500","$500,500",352400,352400,352400,352400,352400,352400,,
4251,226 HEATER RD,COMMERCIAL,"$957,120","$957,120",841600,841600,841600,841600,841600,841600,,
4252,220 HEATER RD,RESIDENTIAL,"$2,380,400","$2,380,400",1675500,1675500,1675500,1675500,1675500,1675500,,
4255,47 ELDRIDGE ST,RESIDENTIAL,"$438,300","$438,300",268700,268700,268700,268700,268700,268700,,
4256,6 COLBURN ST,RESIDENTIAL,"$447,300","$447,300",302600,302600,299500,299500,299500,299500,,
4257,12 WHEATLEY ST,RESIDENTIAL,"$473,800","$473,800",367100,367100,375600,375600,375600,375600,,
4258,14 WHEATLEY ST,RESIDENTIAL,"$367,000","$367,000",268100,268100,268100,268100,268100,268100,,
4259,16 WHEATLEY ST,RESIDENTIAL,"$385,900","$385,900",259700,259700,260700,260700,260700,260700,,
4260,18 WHEATLEY ST,RESIDENTIAL,"$433,300","$433,300",330500,330500,330600,330600,330600,330600,,
4261,22 WHEATLEY ST,RESIDENTIAL,"$270,500","$270,500",201700,201700,201800,201800,201800,201800,,
4262,24 WHEATLEY ST,RESIDENTIAL,"$329,300","$329,300",248800,248800,248700,248700,248700,248700,,
4263,74 YOUNG ST,RESIDENTIAL,"$353,600","$353,600",256300,256300,256200,256200,256200,256200,,
4264,32 WHEATLEY ST,RESIDENTIAL,"$430,900","$430,900",293800,293800,293800,293800,293800,293800,,
4265,31 WHEATLEY ST,RESIDENTIAL,"$448,600","$448,600",329500,329500,329700,329700,325100,325100,,
4266,76 YOUNG ST,RESIDENTIAL,"$504,000","$504,000",358000,358000,357900,357900,357900,357900,,
4267,21 WHEATLEY ST,RESIDENTIAL,"$462,400","$462,400",376100,376100,376100,376100,378600,378600,,
4268,17 WHEATLEY ST,RESIDENTIAL,"$383,400","$383,400",298500,298500,298500,298500,298500,298500,,
4269,11 WHEATLEY ST,RESIDENTIAL,"$444,400","$444,400",314800,314800,314700,314700,314700,314700,,
4270,5 WHEATLEY ST,RESIDENTIAL,"$402,700","$402,700",284300,284300,284200,284200,284200,284200,,
4271,1 AMSDEN ST,RESIDENTIAL,"$419,400","$419,400",300500,300500,300500,300500,300500,300500,,
4272,9 AMSDEN ST,RESIDENTIAL,"$471,400","$471,400",317900,317900,317900,317900,317900,317900,,
4273,11 AMSDEN ST,RESIDENTIAL,"$412,200","$412,200",305400,305400,305400,305400,305400,305400,,
4274,78 YOUNG ST,RESIDENTIAL,"$398,800","$398,800",307400,307400,307600,307600,307600,307600,,
4275,80 YOUNG ST,RESIDENTIAL,"$442,400","$442,400",325500,325500,325300,325300,325300,325300,,
4276,82 YOUNG ST,RESIDENTIAL,"$373,400","$373,400",275600,275600,275500,275500,275500,275500,,
4277,5 DOWNES AVE,RESIDENTIAL,"$578,700","$578,700",410800,410800,410800,410800,376200,376200,,
4278,6 DOWNES AVE,RESIDENTIAL,"$455,300","$455,300",337200,337200,337100,337100,337100,337100,,
4279,84 YOUNG ST,RESIDENTIAL,"$376,800","$376,800",277500,277500,277400,277400,277400,277400,,
4280,88 YOUNG ST,RESIDENTIAL,"$414,500","$414,500",305000,305000,305100,305100,305100,305100,,
4281,25 WILLIAMS ST,RESIDENTIAL,"$531,600","$531,600",424000,424000,424100,424100,424100,424100,,
4282,22 WILLIAMS ST,RESIDENTIAL,"$457,500","$457,500",325000,325000,325000,325000,325000,325000,,
4283,85 YOUNG ST,RESIDENTIAL,"$522,600","$522,600",376400,376400,376500,376500,381900,381900,,
4284,4 DOWNES AVE,RESIDENTIAL,"$430,000","$430,000",313300,313300,308000,308000,308000,308000,,
4285,2 DOWNES AVE,RESIDENTIAL,"$393,200","$393,200",286000,286000,286100,286100,286100,286100,,
4286,3 DOWNES AVE,RESIDENTIAL,"$515,300","$515,300",364000,364000,364100,364100,364100,364100,,
4287,7 DOWNES AVE,RESIDENTIAL,"$496,400","$496,400",351100,351100,351100,351100,351100,351100,,
4288,83 YOUNG ST,RESIDENTIAL,"$470,100","$470,100",337000,337000,336900,336900,336900,336900,,
4289,14 AMSDEN ST,RESIDENTIAL,"$468,200","$468,200",369200,369200,369100,369100,350000,350000,,
4290,12 AMSDEN ST,RESIDENTIAL,"$341,200","$341,200",254200,254200,254200,254200,254200,254200,,
4291,10 AMSDEN ST,RESIDENTIAL,"$315,100","$315,100",230600,230600,230500,230500,230500,230500,,
4292,6 AMSDEN ST,RESIDENTIAL,"$406,600","$406,600",326200,326200,326400,326400,326400,326400,,
4293,18 COLBURN ST,RESIDENTIAL,"$440,200","$440,200",348500,348500,348500,348500,348500,348500,,
4294,24 COLBURN ST,RESIDENTIAL,"$381,500","$381,500",282200,282200,282200,282200,282200,282200,,
4295,10 WILLIAMS ST,RESIDENTIAL,"$351,100","$351,100",275200,275200,280500,280500,280500,280500,,
4296,12 WILLIAMS ST,RESIDENTIAL,"$302,800","$302,800",211300,211300,211300,211300,211300,211300,,
4297,16 WILLIAMS ST,RESIDENTIAL,"$465,600","$465,600",317900,317900,317800,317800,317800,317800,,
4298,1 DOWNES AVE,RESIDENTIAL,"$507,300","$507,300",368500,368500,368400,368400,368400,368400,,
4299,23 WILLIAMS ST,RESIDENTIAL,"$341,500","$341,500",250500,250500,250500,250500,252300,252300,,
4300,21 WILLIAMS ST,RESIDENTIAL,"$354,300","$354,300",248900,248900,248900,248900,248900,248900,,
4301,17 WILLIAMS ST,RESIDENTIAL,"$471,000","$471,000",331200,331200,324100,324100,324100,324100,,
4302,15 WILLIAMS ST,RESIDENTIAL,"$290,300","$290,300",226100,226100,226100,226100,226100,226100,,
4303,13 WILLIAMS ST,RESIDENTIAL,"$302,900","$302,900",211200,211200,211200,211200,211200,211200,,
4304,9 WILLIAMS ST,RESIDENTIAL,"$300,300","$300,300",226900,226900,226900,226900,226900,226900,,
4305,7 WILLIAMS ST,RESIDENTIAL,"$309,300","$309,300",230300,230300,230300,230300,230300,230300,,
4306,5 WILLIAMS ST,RESIDENTIAL,"$316,800","$316,800",225500,225500,223200,223200,223200,223200,,
4307,3 WILLIAMS ST,RESIDENTIAL,"$248,200","$248,200",181100,181100,181100,181100,181100,181100,,
4308,1 WILLIAMS ST,RESIDENTIAL,"$240,200","$240,200",182700,182700,168300,168300,168300,168300,,
4309,18 WINTER ST,RESIDENTIAL,"$322,600","$322,600",243700,243700,243600,243600,243600,243600,,
4310,22 WINTER ST,RESIDENTIAL,"$303,400","$303,400",218500,218500,218500,218500,218500,218500,,
4311,34 WINTER ST,RESIDENTIAL,"$278,800","$278,800",211800,211800,211800,211800,216600,216600,,
4312,40 WINTER ST,RESIDENTIAL,"$339,700","$339,700",251700,251700,251600,251600,251600,251600,,
4313,42 WINTER ST,RESIDENTIAL,"$326,500","$326,500",245200,245200,245200,245200,245200,245200,,
4314,44 WINTER ST,RESIDENTIAL,"$496,600","$496,600",364500,364500,364500,364500,364500,364500,,
4315,54 WINTER ST,RESIDENTIAL,"$373,806","$373,806",266000,266000,266000,266000,266000,266000,,
4316,53 WINTER ST,RESIDENTIAL,"$568,111","$568,111",423700,423700,423700,423700,404500,404500,,
4317,45 WINTER ST,RESIDENTIAL,"$501,100","$501,100",364700,364700,304800,304800,287900,287900,,
4318,41 WINTER ST,RESIDENTIAL,"$402,400","$402,400",297800,297800,297800,297800,297800,297800,,
4319,37 WINTER ST,RESIDENTIAL,"$431,100","$431,100",350200,350200,350200,350200,350200,350200,,
4320,29 WINTER ST,RESIDENTIAL,"$263,900","$263,900",193200,193200,193200,193200,193200,193200,,
4321,25 WINTER ST,RESIDENTIAL,"$407,900","$407,900",355000,355000,355000,355000,355000,355000,,
4322,23 WINTER ST,RESIDENTIAL,"$382,000","$382,000",276100,276100,276100,276100,276100,276100,,
4323,17 WINTER ST,RESIDENTIAL,"$395,600","$395,600",281000,281000,280900,280900,280900,280900,,
4324,15 WINTER ST,RESIDENTIAL,"$397,400","$397,400",303600,303600,303500,303500,303500,303500,,
4325,11 WINTER ST,RESIDENTIAL,"$367,900","$367,900",271600,271600,271500,271500,271500,271500,,
4326,7 WINTER ST,RESIDENTIAL,"$386,800","$386,800",290500,290500,287900,287900,287900,287900,,
4327,136 HANOVER ST,RESIDENTIAL,"$503,400","$503,400",343200,343200,343300,343300,343300,343300,,
4328,129 HANOVER ST,,"$50,300","$50,300",33700,33700,33700,33700,33700,33700,,
4329,140 HANOVER ST,RESIDENTIAL,"$379,300","$379,300",293500,293500,293500,293500,350500,350500,,
4330,144 HANOVER ST,RESIDENTIAL,"$471,800","$471,800",338000,338000,337900,337900,337900,337900,,
4331,4 BARROWS ST,RESIDENTIAL,"$389,600","$389,600",297800,297800,297800,297800,297800,297800,,
4332,8 BARROWS ST,RESIDENTIAL,"$378,300","$378,300",247500,247500,247500,247500,247500,247500,,
4333,10 BARROWS ST,RESIDENTIAL,"$296,800","$296,800",221400,221400,221400,221400,221400,221400,,
4334,12 BARROWS ST,RESIDENTIAL,"$513,400","$513,400",336900,336900,336900,336900,336900,336900,,
4335,16 BARROWS ST,RESIDENTIAL,"$239,000","$239,000",167800,167800,167800,167800,167800,167800,,
4336,18 BARROWS ST,RESIDENTIAL,"$385,600","$385,600",280400,280400,280400,280400,280400,280400,,
4337,20 BARROWS ST,RESIDENTIAL,"$464,900","$464,900",328300,328300,328400,328400,328400,328400,,
4338,19 BARROWS ST,RESIDENTIAL,"$353,300","$353,300",252600,252600,252600,252600,252600,252600,,
4339,17 BARROWS ST,RESIDENTIAL,"$302,200","$302,200",215200,215200,215300,215300,215300,215300,,
4340,15 BARROWS ST,RESIDENTIAL,"$258,000","$258,000",181800,181800,181800,181800,181800,181800,,
4341,4 BUSH AVE,RESIDENTIAL,"$278,300","$278,300",211300,211300,212900,212900,206900,206900,,
4342,0 BUSH AVE,,"$5,700","$5,700",4700,4700,4700,4700,4700,4700,,
4343,9 BARROWS ST,RESIDENTIAL,"$441,500","$441,500",298800,298800,308000,308000,308000,308000,,
4344,3 BARROWS ST,RESIDENTIAL,"$294,600","$294,600",202700,202700,202700,202700,202700,202700,,
4345,152 HANOVER ST,RESIDENTIAL,"$356,500","$356,500",227600,227600,227600,227600,294500,294500,,
4346,149 HANOVER ST,RESIDENTIAL,"$505,500","$505,500",348100,348100,348000,348000,348000,348000,,
4347,143 HANOVER ST,RESIDENTIAL,"$451,469","$451,469",326700,326700,326700,326700,336400,336400,,
4348,141 HANOVER ST,RESIDENTIAL,"$673,035","$673,035",474900,474900,131700,131700,131700,131700,,
4349,137 HANOVER ST,RESIDENTIAL,"$322,100","$322,100",245600,245600,245600,245600,245600,245600,,
4350,119 HANOVER ST,RESIDENTIAL,"$418,900","$418,900",283200,283200,283100,283100,283100,283100,,
4351,122 HANOVER ST,RESIDENTIAL,"$432,200","$432,200",299800,299800,299800,299800,299800,299800,,
4352,130 HANOVER ST,RESIDENTIAL,"$300,900","$300,900",235700,235700,235700,235700,235700,235700,,
4353,4 WINTER ST,RESIDENTIAL,"$378,800","$378,800",289500,289500,289500,289500,289500,289500,,
4354,8 WINTER ST,RESIDENTIAL,"$363,300","$363,300",280700,280700,280700,280700,280700,280700,,
4355,19 ELA ST,RESIDENTIAL,"$303,900","$303,900",230500,230500,230600,230600,249200,249200,,
4356,17 ELA ST,RESIDENTIAL,"$196,200","$196,200",152000,152000,152000,152000,152000,152000,,
4357,11 ELA ST,RESIDENTIAL,"$350,300","$350,300",256700,256700,256700,256700,256700,256700,,
4358,9 ELA ST,RESIDENTIAL,"$414,500","$414,500",308200,308200,308100,308100,308100,308100,,
4359,6 ELA ST,RESIDENTIAL,"$379,500","$379,500",290100,290100,290100,290100,290100,290100,,
4360,8 ELA ST,RESIDENTIAL,"$344,200","$344,200",258700,258700,258600,258600,258600,258600,,
4361,6 DAVIS DR,RESIDENTIAL,"$275,300","$275,300",209000,209000,209000,209000,209000,209000,,
4362,8 DAVIS DR,RESIDENTIAL,"$258,700","$258,700",197000,197000,197000,197000,197000,197000,,
4363,10 DAVIS DR,RESIDENTIAL,"$358,700","$358,700",278400,278400,246000,246000,246000,246000,,
4364,14 ELA ST,RESIDENTIAL,"$385,500","$385,500",293200,293200,293300,293300,293300,293300,,
4365,8 WILLIAMS ST,RESIDENTIAL,"$417,300","$417,300",318600,318600,318700,318700,318700,318700,,
4367,21 COLBURN ST,RESIDENTIAL,"$442,700","$442,700",327200,327200,327100,327100,327100,327100,,
4368,29 SUMMER ST,RESIDENTIAL,"$569,800","$569,800",435800,435800,435700,435700,435700,435700,,
4369,27 SUMMER ST,RESIDENTIAL,"$400,400","$400,400",303700,303700,303700,303700,303700,303700,,
4370,25 SUMMER ST,RESIDENTIAL,"$476,700","$476,700",316800,316800,316800,316800,316800,316800,,
4371,21 SUMMER ST,RESIDENTIAL,"$725,200","$725,200",545000,545000,545100,545100,545100,545100,,
4372,5 LAREAU CT,RESIDENTIAL,"$270,200","$270,200",198400,198400,198400,198400,198400,198400,,
4373,3 LAREAU CT,RESIDENTIAL,"$353,900","$353,900",278500,278500,278400,278400,278400,278400,,
4374,10 SUMMER ST,RESIDENTIAL,"$624,700","$624,700",411900,411900,411900,411900,414300,414300,,
4375,14 SUMMER ST,RESIDENTIAL,"$437,600","$437,600",337300,337300,337300,337300,337300,337300,,
4376,20 SUMMER ST,COMMERCIAL,"$499,700","$499,700",387100,387100,387100,387100,387100,387100,,
4377,26 SUMMER ST,COMMERCIAL,"$467,000","$467,000",318300,318300,318300,318300,318300,318300,,
4378,9 CLARK ST,RESIDENTIAL,"$424,600","$424,600",302700,302700,302700,302700,302700,302700,,
4379,5 CLARK ST,RESIDENTIAL,"$404,300","$404,300",275500,275500,275500,275500,275500,275500,,
4380,1 CLARK ST,RESIDENTIAL,"$479,000","$479,000",367800,367800,367700,367700,367700,367700,,
4381,2 CLARK ST,RESIDENTIAL,"$367,800","$367,800",259600,259600,259700,259700,281400,281400,,
4382,27 ELDRIDGE ST,RESIDENTIAL,"$477,800","$477,800",355200,355200,355200,355200,355200,355200,,
4383,23 MAHAN ST,RESIDENTIAL,"$448,025","$448,025",300700,300700,300700,300700,309300,309300,,
4384,23 THOMPSON ST,RESIDENTIAL,"$715,495","$715,495",484600,484600,484600,484600,494600,494600,,
4385,18 KENDRICK ST,RESIDENTIAL,"$153,175","$153,175",112100,112100,112100,112100,118700,118700,,
4386,10 THOMPSON ST,,"$108,800","$108,800",89800,89800,89900,89900,89900,89900,,
4387,21 MAHAN ST,RESIDENTIAL,"$332,637","$332,637",232700,232700,216300,216300,224900,224900,,
4388,11 MAHAN ST,COMMERCIAL,"$3,802,595","$3,802,595",3698700,3698700,3698700,3698700,3698700,3698700,,
4389,51 SPENCER ST,RESIDENTIAL,"$283,217","$283,217",208400,208400,208400,208400,219200,219200,,
4390,55 SPENCER ST,RESIDENTIAL,"$301,192","$301,192",218600,218600,218600,218600,226700,226700,,
4391,59 SPENCER ST,RESIDENTIAL,"$237,465","$237,465",174100,174100,174100,174100,180800,180800,,
4392,75 SPENCER ST,RESIDENTIAL,"$328,736","$328,736",249200,249200,249200,249200,244400,244400,,
4393,66 SPENCER ST,RESIDENTIAL,"$254,199","$254,199",184500,184500,184500,184500,191700,191700,,
4394,64 SPENCER ST,RESIDENTIAL,"$311,606","$311,606",228900,228900,228900,228900,236700,236700,,
4395,5 SUZOR CT,RESIDENTIAL,"$210,578","$210,578",140200,140200,140200,140200,146500,146500,,
4396,7 SUZOR CT,RESIDENTIAL,"$260,700","$260,700",200600,200600,200600,200600,200600,200600,,
4397,56 SPENCER ST,RESIDENTIAL,"$239,600","$239,600",184600,184600,184600,184600,191300,191300,,
4407,30 LITTLE HEATER RD,,"$298,108","$298,108",246700,246700,246700,246700,246700,246700,,
4408,6 JENKINS RD,RESIDENTIAL,"$2,130,000","$2,096,750",1440700,1413350,1266100,1238385,1266100,1238385,,
4409,37 SUNSET ROCK RD,RESIDENTIAL,"$431,700","$431,700",324600,324600,326900,326900,326900,326900,,
4410,47 SUNSET ROCK RD,RESIDENTIAL,"$1,336,400","$1,298,325",875000,843325,877400,843650,875400,843635,,
4411,63 SUNSET ROCK RD,RESIDENTIAL,"$1,157,905","$1,120,439",912500,881340,912500,881340,912500,881340,,
4412,69 SUNSET ROCK RD,RESIDENTIAL,"$1,541,128","$1,507,290",1195300,1167490,1195300,1167570,1195300,1167570,,
4413,97 SUNSET ROCK RD,,"$231,100",$905,191200,905,191200,1055,196400,1055,,
4414,0 SUNSET ROCK RD,,"$285,601","$2,773",237000,2775,237000,2775,237000,2775,,
4415,151 SUNSET ROCK RD,RESIDENTIAL,"$614,470","$435,918",450000,301810,450000,301810,450000,301810,,
4416,501 DARTMOUTH COLLEGE HWY,RESIDENTIAL,"$295,607","$295,607",229500,229500,229500,229500,229500,229500,,
4417,503 DARTMOUTH COLLEGE HWY,RESIDENTIAL,"$249,375","$249,375",188200,188200,188200,188200,188200,188200,,
4418,19 PAYNE RD,RESIDENTIAL,"$603,777","$603,777",435000,435000,435000,435000,435000,435000,,
4419,526 DARTMOUTH COLLEGE HWY,,"$113,731","$113,731",99600,99600,99600,99600,99600,99600,,
4420,516 DARTMOUTH COLLEGE HWY,RESIDENTIAL,"$334,899","$334,899",232500,232500,232500,232500,232500,232500,,
4421,520 DARTMOUTH COLLEGE HWY,RESIDENTIAL,"$591,375","$591,375",401300,401300,401300,401300,401300,401300,,
4422,0 SUNSET ROCK RD,,"$62,200","$62,200",54400,54400,54400,54400,54400,54400,,
4423,154 SUNSET ROCK RD,,"$126,560","$114,819",102100,90320,102200,90420,102200,90420,,
4424,138 SUNSET ROCK RD,RESIDENTIAL,"$608,537","$544,844",437000,373245,437500,373745,437500,373745,,
4425,82 SUNSET ROCK RD,RESIDENTIAL,"$990,231","$955,500",742300,713500,742300,713500,1076600,1047800,,
4426,76 SUNSET ROCK RD,RESIDENTIAL,"$1,542,701","$1,495,882",1214500,1175580,1213600,1174680,1213600,1174680,,
4427,58 SUNSET ROCK RD,RESIDENTIAL,"$958,947","$929,320",763100,738920,763100,738920,769900,750220,,
4428,78 FARR RD,RESIDENTIAL,"$1,145,708","$1,135,737",909800,899090,909800,899090,909800,899090,,
4429,0 FARR RD,,"$203,066","$2,649",179000,2650,179000,2650,179000,2650,,
4430,0 MILL RD,,"$63,780","$63,780",55800,55800,55800,55800,55800,55800,,
4431,0 MILL RD,,"$37,987","$37,987",33300,33300,33300,33300,33300,33300,,
4432,489 DARTMOUTH COLLEGE HWY,RESIDENTIAL,"$370,334","$370,334",270800,270800,270800,270800,270800,270800,,
4433,175 SUNSET ROCK RD,,"$54,100","$54,100",47500,47500,47700,47700,47700,47700,,
4434,183 SUNSET ROCK RD,RESIDENTIAL,"$440,513","$440,513",322500,322500,322500,322500,322500,322500,,
4435,510 DARTMOUTH COLLEGE HWY,,"$108,175","$95,976",94900,84265,94900,84265,94900,84265,,
4436,488 DARTMOUTH COLLEGE HWY,,"$3,900","$3,900",3400,3400,3400,3400,3400,3400,,
4437,0 NH ROUTE 4A,,"$20,100","$20,100",17600,17600,17600,17600,17600,17600,,
4438,0 NH ROUTE 4A,,"$34,700","$34,700",30400,30400,30400,30400,30400,30400,,
4439,35 NH ROUTE 4A,,"$10,900","$10,900",4800,4800,4800,4800,4800,4800,,
4440,15 PAYNE RD,RESIDENTIAL,"$103,700","$103,700",90100,90100,90300,90300,90300,90300,,
4441,52 MANCHESTER DR,RESIDENTIAL,"$813,200","$813,200",586900,586900,586900,586900,586900,586900,,
4442,48 MANCHESTER DR,RESIDENTIAL,"$615,200","$615,200",418500,418500,418500,418500,418500,418500,,
4443,41 MANCHESTER DR,RESIDENTIAL,"$493,100","$493,100",351000,351000,351000,351000,351000,351000,,
4444,40 NH ROUTE 4A,RESIDENTIAL,"$350,800","$350,800",242300,242300,242400,242400,242400,242400,,
4445,10 MONICA RD,RESIDENTIAL,"$544,010","$544,010",387300,387300,387300,387300,387300,387300,,
4446,22 MONICA RD,RESIDENTIAL,"$425,490","$425,490",306600,306600,306600,306600,306600,306600,,
4447,42 MANCHESTER DR,RESIDENTIAL,"$472,000","$472,000",352200,352200,352200,352200,352200,352200,,
4448,6 MANCHESTER DR,RESIDENTIAL,"$632,600","$632,600",435100,435100,435100,435100,435100,435100,,
4449,7 HILLSIDE DR,RESIDENTIAL,"$585,900","$585,900",439300,439300,439600,439600,442800,442800,,
4450,8 HILLSIDE DR,RESIDENTIAL,"$688,400","$688,400",493100,493100,493500,493500,481300,481300,,
4451,0 HILLSIDE DR,,"$173,300","$173,300",143300,143300,143500,143500,143500,143500,,
4452,9 HILLSIDE DR,RESIDENTIAL,"$520,900","$520,900",417200,417200,417200,417200,417200,417200,,
4453,1 MONICA RD,RESIDENTIAL,"$322,700","$322,700",225200,225200,225000,225000,225000,225000,,
4454,9 PAYNE RD,RESIDENTIAL,"$621,775","$621,775",428000,428000,425900,425900,433400,433400,,
4455,660 DARTMOUTH COLLEGE HWY,RESIDENTIAL,"$418,897","$418,897",308000,308000,308000,308000,296600,296600,,
4456,654 DARTMOUTH COLLEGE HWY,RESIDENTIAL,"$381,306","$381,306",287300,287300,287300,287300,287300,287300,,
4457,650 DARTMOUTH COLLEGE HWY,RESIDENTIAL,"$595,000","$595,000",422900,422900,422700,422700,409000,409000,,
4458,0 DARTMOUTH COLLEGE HWY,,"$123,633","$2,745",126800,2745,129300,2995,148600,8495,,
4459,98 ICE HOUSE RD,RESIDENTIAL,"$515,900","$515,900",414700,414700,414700,414700,480800,480800,,
4460,94 ICE HOUSE RD,RESIDENTIAL,"$417,200","$417,200",340600,340600,340600,340600,368000,368000,,
4461,88 ICE HOUSE RD,RESIDENTIAL,"$502,700","$502,700",409800,409800,409800,409800,478100,478100,,
4462,84 ICE HOUSE RD,RESIDENTIAL,"$571,900","$571,900",428700,428700,428700,428700,462800,462800,,
4463,80 ICE HOUSE RD,RESIDENTIAL,"$670,900","$670,900",522900,522900,522900,522900,552400,552400,,
4465,76 ICE HOUSE RD,RESIDENTIAL,"$840,000","$840,000",645600,645600,645600,645600,682100,682100,,
4466,72 ICE HOUSE RD,RESIDENTIAL,"$789,200","$789,200",613100,613100,613100,613100,652400,652400,,
4467,68 ICE HOUSE RD,RESIDENTIAL,"$373,000","$373,000",307400,307400,307400,307400,360800,360800,,
4468,64 ICE HOUSE RD,RESIDENTIAL,"$336,700","$336,700",272000,272000,272000,272000,301500,301500,,
4469,60 ICE HOUSE RD,RESIDENTIAL,"$305,700","$305,700",248300,248300,248300,248300,277800,277800,,
4470,56 ICE HOUSE RD,RESIDENTIAL,"$588,800","$588,800",459800,459800,459800,459800,577500,577500,,
4471,614 DARTMOUTH COLLEGE HWY,,"$17,400","$17,400",14400,14400,14400,14400,14400,14400,,
4472,550 DARTMOUTH COLLEGE HWY,RESIDENTIAL,"$355,722","$355,722",280100,280100,280100,280100,284700,284700,,
4473,18 PAYNE RD,RESIDENTIAL,"$382,700","$382,700",289700,289700,289600,289600,289600,289600,,
4475,10 PAYNE RD,RESIDENTIAL,"$731,100","$731,100",553300,553300,553400,553400,553400,553400,,
4476,8 PAYNE RD,RESIDENTIAL,"$745,600","$745,600",547400,547400,547400,547400,619500,619500,,
4477,53 NH ROUTE 4A,RESIDENTIAL,"$1,018,400","$1,018,400",799700,799700,804400,804400,806800,806800,,
4478,57 NH ROUTE 4A,RESIDENTIAL,"$567,500","$567,500",402800,402800,402800,402800,402700,402700,,
4479,65 NH ROUTE 4A,RESIDENTIAL,"$405,800","$405,800",299700,299700,299700,299700,299600,299600,,
4480,67 NH ROUTE 4A,RESIDENTIAL,"$510,900","$510,900",370400,370400,358400,358400,358400,358400,,
4481,69 NH ROUTE 4A,RESIDENTIAL,"$529,200","$529,200",437300,437300,437300,437300,437300,437300,,
4482,5 MANCHESTER DR,RESIDENTIAL,"$1,315,800","$1,315,800",905700,905700,905800,905800,905800,905800,,
4483,673 DARTMOUTH COLLEGE HWY,,"$96,763","$96,763",84700,84700,84700,84700,84700,84700,,
4484,704 DARTMOUTH COLLEGE HWY,,"$3,400","$3,400",3000,3000,3000,3000,3000,3000,,
4485,0 DARTMOUTH COLLEGE HWY,,"$7,800","$7,800",6500,6500,6500,6500,6500,6500,,
4486,0 DARTMOUTH COLLEGE HWY,,"$4,700","$4,700",4100,4100,4100,4100,4100,4100,,
4487,10 JOHNSTON DR,RESIDENTIAL,"$825,000","$825,000",638400,638400,620500,620500,620500,620500,,
4489,684 DARTMOUTH COLLEGE HWY,RESIDENTIAL,"$552,634","$552,634",392500,392500,392500,392500,392500,392500,,
4490,676 DARTMOUTH COLLEGE HWY,RESIDENTIAL,"$630,700","$630,700",460400,460400,460300,460300,460300,460300,,
4491,668 DARTMOUTH COLLEGE HWY,RESIDENTIAL,"$510,642","$510,642",362600,362600,362600,362600,366400,366400,,
4492,0 ICE HOUSE RD,,"$177,600","$177,600",145600,145600,145600,145600,145600,145600,,
4493,0 MILL RD,,"$4,000","$4,000",3500,3500,3500,3500,3500,3500,,
4494,0 MILL RD,,"$5,236","$5,236",4600,4600,4600,4600,4600,4600,,
4495,125 MILL RD,,"$5,559","$5,559",4900,4900,4900,4900,4900,4900,,
4496,0 SUNSET ROCK RD,,"$28,300","$28,300",24700,24700,24700,24700,24700,24700,,
4497,31 MANCHESTER DR,RESIDENTIAL,"$478,300","$478,300",326100,326100,326300,326300,326300,326300,,
4498,35 MANCHESTER DR,RESIDENTIAL,"$628,500","$628,500",441100,441100,441100,441100,432300,432300,,
4499,32 MONICA RD,RESIDENTIAL,"$499,645","$499,645",362300,362300,362300,362300,362300,362300,,
4500,462 DARTMOUTH COLLEGE HWY,,"$61,520","$1,481",53800,1480,53800,1480,53800,1480,,
4501,458 DARTMOUTH COLLEGE HWY,,"$61,750","$1,501",54000,1500,54000,1500,54000,1500,,
4502,452 DARTMOUTH COLLEGE HWY,,"$62,018",$836,54200,835,54200,835,54200,835,,
4503,446 DARTMOUTH COLLEGE HWY,,"$62,400",$852,54600,850,54600,850,54600,850,,
4504,440 DARTMOUTH COLLEGE HWY,,"$62,706",$868,54900,870,54900,870,54900,870,,
4505,434 DARTMOUTH COLLEGE HWY,,"$62,706",$870,54900,870,54900,870,54900,870,,
4506,439 DARTMOUTH COLLEGE HWY,,"$164,877","$164,877",144300,144300,144300,144300,144300,144300,,
4507,36 MANCHESTER DR,RESIDENTIAL,"$556,000","$556,000",389900,389900,388100,388100,388100,388100,,
4508,11 MANCHESTER DR,RESIDENTIAL,"$511,300","$511,300",377700,377700,365200,365200,365200,365200,,
4509,10 MANCHESTER DR,RESIDENTIAL,"$457,300","$457,300",324700,324700,322800,322800,326700,326700,,
4510,77 NH ROUTE 4A,RESIDENTIAL,"$1,117,900","$1,117,900",806400,806400,776300,776300,817100,817100,,
4511,103 NH ROUTE 4A,RESIDENTIAL,"$459,900","$459,900",334700,334700,334700,334700,337600,337600,,
4512,101 NH ROUTE 4A,RESIDENTIAL,"$791,200","$791,200",601000,601000,613100,613100,614600,614600,,
4513,107 NH ROUTE 4A,,"$103,500","$103,500",85600,85600,85600,85600,85800,85800,,
4514,109 NH ROUTE 4A,RESIDENTIAL,"$472,600","$472,600",343500,343500,343500,343500,344400,344400,,
4515,111 NH ROUTE 4A,RESIDENTIAL,"$452,300","$452,300",332100,332100,323800,323800,314800,314800,,
4516,113 NH ROUTE 4A,RESIDENTIAL,"$445,600","$445,600",335500,335500,334300,334300,337800,337800,,
4517,0 NH ROUTE 4A,,"$65,700","$65,700",54300,54300,54300,54300,59400,59400,,
4518,115 NH ROUTE 4A,RESIDENTIAL,"$587,700","$587,700",411100,411100,411100,411100,420200,420200,,
4519,117 NH ROUTE 4A,RESIDENTIAL,"$241,800","$241,800",184800,184800,184100,184100,184200,184200,,
4520,102 NH ROUTE 4A,,"$133,413","$133,413",116800,116800,116800,116800,116800,116800,,
4521,86 NH ROUTE 4A 1LOW,,"$94,000","$94,000",48000,48000,48000,48000,48000,48000,,
4522,86 NH ROUTE 4A 11LOW,,"$66,300","$66,300",32600,32600,32600,32600,32600,32600,,
4523,86 NH ROUTE 4A 12LOW,,"$45,500","$45,500",22400,22400,22400,22400,22400,22400,,
4524,86 NH ROUTE 4A 3LOW,,"$93,100","$93,100",46700,46700,46700,46700,46700,46700,,
4525,86 NH ROUTE 4A 5LOW,,"$74,700","$74,700",37200,37200,37200,37200,37200,37200,,
4526,86 NH ROUTE 4A #14LOW,,"$57,300","$57,300",27500,27500,32600,32600,32600,32600,,
4527,86 NH ROUTE 4A 7LOW,,"$93,500","$93,500",46900,46900,46900,46900,46900,46900,,
4528,86 NH ROUTE 4A 16LOW,,"$62,600","$62,600",30700,30700,30700,30700,30700,30700,,
4529,86 NH ROUTE 4A #22UP,,"$67,100","$67,100",33300,33300,33300,33300,33300,33300,,
4530,86 NH ROUTE 4A 25UP,,"$120,000","$120,000",64800,64800,64800,64800,64800,64800,,
4531,86 NH ROUTE 4A 24UP,,"$70,200","$70,200",34800,34800,34800,34800,34800,34800,,
4532,86 NH ROUTE 4A 23UP,,"$75,500","$75,500",37400,37400,37400,37400,37400,37400,,
4533,86 NH ROUTE 4A #21UP,,"$81,200","$81,200",40300,40300,40300,40300,40300,40300,,
4534,86 NH ROUTE 4A 20UP,,"$73,400","$73,400",37200,37200,37200,37200,37200,37200,,
4535,86 NH ROUTE 4A 19UP,,"$77,200","$77,200",38600,38600,38600,38600,38600,38600,,
4536,86 NH ROUTE 4A 17UP,,"$51,500","$51,500",26800,26800,26800,26800,26800,26800,,
4537,86 NH ROUTE 4A 16UP,,"$78,800","$78,800",39300,39300,39300,39300,39300,39300,,
4538,86 NH ROUTE 4A 15UP,,"$69,500","$69,500",34500,34500,34500,34500,34500,34500,,
4539,86 NH ROUTE 4A #14UP,,"$87,200","$87,200",46600,46600,46600,46600,46600,46600,,
4540,86 NH ROUTE 4A 13UP,,"$95,800","$95,800",49000,49000,49000,49000,49000,49000,,
4541,86 NH ROUTE 4A 9UP,,"$86,000","$86,000",43800,43800,43800,43800,43800,43800,,
4542,86 NH ROUTE 4A 8UP,,"$73,300","$73,300",36400,36400,36400,36400,36400,36400,,
4543,86 NH ROUTE 4A 7UP,,"$77,900","$77,900",39900,39900,39900,39900,39900,39900,,
4545,86 NH ROUTE 4A 3UP,,"$77,400","$77,400",38700,38700,38700,38700,38700,38700,,
4546,86 NH ROUTE 4A #2UP,,"$102,400","$102,400",54100,54100,54100,54100,0,0,,
4547,86 NH ROUTE 4A 1UP,,"$71,900","$71,900",35700,35700,35700,35700,35700,35700,,
4549,86 NH ROUTE 4A 6LOW,,"$96,700","$96,700",47400,47400,47400,47400,47400,47400,,
4550,86 NH ROUTE 4A 4LOW,,"$91,100","$91,100",46200,46200,46200,46200,46200,46200,,
4551,86 NH ROUTE 4A #2LOW,,"$54,300","$54,300",27000,27000,27000,27000,27000,27000,,
4552,78 NH ROUTE 4A,RESIDENTIAL,"$413,000","$413,000",295900,295900,328200,328200,328200,328200,,
4553,74 NH ROUTE 4A,RESIDENTIAL,"$492,200","$492,200",135700,135700,65400,65400,65400,65400,,
4554,13 MANCHESTER DR,RESIDENTIAL,"$494,200","$494,200",359400,359400,359400,359400,364500,364500,,
4555,0 MANCHESTER DR,,"$16,400","$16,400",11800,11800,11800,11800,11800,11800,,
4556,21 MANCHESTER DR,RESIDENTIAL,"$613,300","$613,300",485300,485300,485300,485300,485300,485300,,
4557,114 NH ROUTE 4A,,"$203,766","$203,766",178700,178700,178700,178700,178700,178700,,
4558,15 MANCHESTER DR,RESIDENTIAL,"$362,900","$362,900",267900,267900,267900,267900,250000,250000,,
4559,19 MANCHESTER DR,RESIDENTIAL,"$682,400","$615,685",550400,483685,550400,483685,569600,502885,,
4560,15 RUDSBORO RD,RESIDENTIAL,"$367,403","$367,403",273500,273500,273500,273500,273500,273500,,
4561,7 RUDSBORO RD,,"$5,000","$5,000",4400,4400,4400,4400,4400,4400,,
4562,695 DARTMOUTH COLLEGE HWY,,"$895,309","$748,616",812400,683615,812400,683615,812400,683615,,
4563,695 DARTMOUTH COLLEGE HWY #2,,"$128,400","$128,400",63900,63900,63900,63900,63900,63900,,
4564,695 DARTMOUTH COLLEGE HWY #4,,"$121,400","$121,400",62200,62200,62200,62200,62200,62200,,
4565,695 DARTMOUTH COLLEGE HWY 5,,"$125,400","$125,400",65000,65000,65000,65000,65000,65000,,
4566,695 DARTMOUTH COLLEGE HWY 6,,"$58,400","$58,400",28800,28800,28800,28800,28800,28800,,
4567,695 DARTMOUTH COLLEGE HWY 7,,"$112,000","$112,000",55700,55700,55700,55700,55700,55700,,
4568,695 DARTMOUTH COLLEGE HWY #11,,"$62,800","$62,800",30900,30900,30900,30900,30900,30900,,
4569,695 DARTMOUTH COLLEGE HWY 12,,"$64,200","$64,200",33500,33500,33500,33500,33500,33500,,
4570,695 DARTMOUTH COLLEGE HWY 13,,"$116,900","$116,900",60500,60500,60500,60500,60500,60500,,
4571,695 DARTMOUTH COLLEGE HWY #14,,"$77,000","$77,000",38200,38200,38200,38200,38200,38200,,
4573,695 DARTMOUTH COLLEGE HWY #16,,"$129,400","$129,400",67400,67400,67400,67400,60400,60400,,
4574,695 DARTMOUTH COLLEGE HWY 17,,"$127,300","$127,300",65300,65300,30800,30800,30800,30800,,
4575,695 DARTMOUTH COLLEGE HWY 18,,"$50,000","$50,000",19800,19800,19800,19800,19800,19800,,
4576,695 DARTMOUTH COLLEGE HWY 20,,"$91,800","$91,800",45800,45800,45800,45800,45800,45800,,
4577,407 DARTMOUTH COLLEGE HWY,RESIDENTIAL,"$522,785","$522,785",374400,374400,358900,358900,358900,358900,,
4578,419 DARTMOUTH COLLEGE HWY,,"$269,200","$269,200",166600,166600,166800,166800,166800,166800,,
4579,427 DARTMOUTH COLLEGE HWY,RESIDENTIAL,"$371,325","$371,325",273900,273900,273900,273900,273900,273900,,
4580,430 DARTMOUTH COLLEGE HWY,,"$114,029",$903,99900,905,99900,905,99900,905,,
4581,5 EASTMAN HILL RD,RESIDENTIAL,"$448,626","$448,626",359900,359900,359900,359900,359900,359900,,
4582,44 EASTMAN HILL RD,RESIDENTIAL,"$468,055","$447,525",377300,359250,377300,359250,377300,359250,,
4583,32 EASTMAN HILL RD,RESIDENTIAL,"$714,813","$714,813",569900,569900,569900,569900,565900,565900,,
4584,424 DARTMOUTH COLLEGE HWY,,"$90,200","$90,200",78800,78800,78800,78800,78800,78800,,
4585,418 DARTMOUTH COLLEGE HWY,RESIDENTIAL,"$518,700","$518,700",416500,416500,416300,416300,416300,416300,,
4586,412 DARTMOUTH COLLEGE HWY,RESIDENTIAL,"$362,600","$362,600",256300,256300,256400,256400,256400,256400,,
4587,20 POVERTY LN,RESIDENTIAL,"$281,800","$281,800",200400,200400,200400,200400,200400,200400,,
4588,12 POVERTY LN,RESIDENTIAL,"$350,580","$350,580",269600,269600,269600,269600,269600,269600,,
4589,25 POVERTY LN,RESIDENTIAL,"$408,118","$408,118",302000,302000,302000,302000,302000,302000,,
4590,33 POVERTY LN,RESIDENTIAL,"$574,540","$574,540",407100,407100,407100,407100,407100,407100,,
4591,53 POVERTY LN,,"$263,373","$141,368",218500,117270,218500,117270,218500,117270,,
4592,47 POVERTY LN,RESIDENTIAL,"$521,798","$521,798",375700,375700,375700,375700,375700,375700,,
4593,370 OLD PINE TREE CEMETERY RD,,"$76,800","$76,800",63600,63600,63800,63800,63800,63800,,
4594,68 STONEY BROOK RD,RESIDENTIAL,"$533,724","$533,724",383700,383700,383700,383700,383700,383700,,
4595,64 STONEY BROOK RD,RESIDENTIAL,"$583,974","$583,975",420900,420900,420900,420900,415700,415700,,
4596,60 STONEY BROOK RD,RESIDENTIAL,"$383,100","$383,100",308300,308300,308300,308300,308300,308300,,
4597,58 STONEY BROOK RD,RESIDENTIAL,"$397,800","$397,800",279800,279800,279800,279800,279800,279800,,
4598,56 STONEY BROOK RD,RESIDENTIAL,"$545,045","$545,045",385400,385400,385400,385400,385400,385400,,
4599,46 STONEY BROOK RD,RESIDENTIAL,"$308,300","$308,300",231900,231900,231900,231900,231900,231900,,
4600,44 STONEY BROOK RD,RESIDENTIAL,"$687,500","$687,500",473500,473500,473500,473500,473500,473500,,
4601,364 DARTMOUTH COLLEGE HWY,RESIDENTIAL,"$432,300","$432,300",295400,295400,295700,295700,295700,295700,,
4602,53 STONEY BROOK RD,RESIDENTIAL,"$439,700","$439,700",361400,361400,361400,361400,361400,361400,,
4603,0 DARTMOUTH COLLEGE HWY,,"$279,542","$117,850",245800,103750,245800,103750,245800,103750,,
4604,86 EASTMAN HILL RD,RESIDENTIAL,"$501,196","$501,196",355100,355100,355100,355100,355100,355100,,
4605,0 EASTMAN HILL RD,,"$378,375","$378,375",331000,331000,331000,331000,331000,331000,,
4606,68 EASTMAN HILL RD,RESIDENTIAL,"$105,300","$105,300",87900,87900,87700,87700,80600,80600,,
4607,64 EASTMAN HILL RD,RESIDENTIAL,"$400,263","$400,263",299700,299700,299700,299700,299700,299700,,
4608,58 EASTMAN HILL RD,RESIDENTIAL,"$509,200","$509,200",373100,373100,372600,372600,372600,372600,,
4609,52 EASTMAN HILL RD,RESIDENTIAL,"$497,300","$497,300",355400,355400,355300,355300,355300,355300,,
4610,46 EASTMAN HILL RD,RESIDENTIAL,"$1,624,060","$1,458,075",1350800,1205035,1350800,1205035,1350800,1205035,,
4611,55 EASTMAN HILL RD,RESIDENTIAL,"$199,851","$199,851",153500,153500,153500,153500,153500,153500,,
4612,75 EASTMAN HILL RD,RESIDENTIAL,"$965,139","$895,824",764200,703225,764500,703525,764500,703525,,
4613,70 FARR RD,RESIDENTIAL,"$619,551","$619,551",434800,434800,434800,434800,434800,434800,,
4614,162 POVERTY LN,RESIDENTIAL,"$470,733","$470,733",362300,362300,362300,362300,362300,362300,,
4615,136 POVERTY LN,RESIDENTIAL,"$465,083","$465,083",333800,333800,333800,333800,333800,333800,,
4616,71 POVERTY LN,RESIDENTIAL,"$541,141","$541,141",363800,363800,335300,335300,335300,335300,,
4617,75 POVERTY LN,RESIDENTIAL,"$632,457","$632,457",415600,415600,415600,415600,415600,415600,,
4618,79 POVERTY LN,RESIDENTIAL,"$578,699","$578,699",460400,460400,460400,460400,460400,460400,,
4619,81 POVERTY LN,RESIDENTIAL,"$479,743","$479,743",360700,360700,360700,360700,360700,360700,,
4620,83 POVERTY LN,RESIDENTIAL,"$504,423","$504,423",344300,344300,344300,344300,344300,344300,,
4621,111 POVERTY LN,RESIDENTIAL,"$737,705","$737,705",600400,600400,600400,600400,600400,600400,,
4622,117 POVERTY LN,RESIDENTIAL,"$394,300","$394,300",355300,355300,355600,355600,355600,355600,,
4623,0 POVERTY LN,,"$163,891",$554,135700,555,135700,555,135700,555,,
4624,149 POVERTY LN,RESIDENTIAL,"$605,305","$605,305",445100,445100,445100,445100,445100,445100,,
4625,176 FARNUM HILL RD,RESIDENTIAL,"$503,600","$503,600",366800,366800,366800,366800,366800,366800,,
4626,48 DAISY HILL RD,RESIDENTIAL,"$550,580","$550,580",381400,381400,381400,381400,381400,381400,,
4627,42 DAISY HILL RD,RESIDENTIAL,"$450,700","$450,700",349400,349400,349400,349400,349400,349400,,
4628,38 DAISY HILL RD,RESIDENTIAL,"$518,800","$487,140",414100,388140,410600,390340,410600,390340,,
4629,30 DAISY HILL RD,RESIDENTIAL,"$948,780","$948,780",737100,737100,737100,737100,737100,737100,,
4630,26 DAISY HILL RD,RESIDENTIAL,"$523,380","$523,380",359000,359000,359000,359000,359000,359000,,
4631,22 DAISY HILL RD,RESIDENTIAL,"$720,480","$720,480",557500,557500,557500,557500,557500,557500,,
4632,15 STORRS HILL RD,RESIDENTIAL,"$229,800","$229,800",179300,179300,179300,179300,179300,179300,,
4633,27 STORRS HILL RD,RESIDENTIAL,"$273,200","$273,200",204000,204000,204100,204100,204100,204100,,
4634,35 STORRS HILL RD,RESIDENTIAL,"$471,480","$471,480",335100,335100,335100,335100,335100,335100,,
4635,43 STORRS HILL RD,RESIDENTIAL,"$886,220","$886,220",684400,684400,684400,684400,684400,684400,,
4636,49 STORRS HILL RD,RESIDENTIAL,"$448,480","$448,480",324900,324900,324900,324900,324900,324900,,
4637,59 STORRS HILL RD,RESIDENTIAL,"$552,920","$511,970",408900,375150,408900,375150,408900,375150,,
4638,109 STORRS HILL RD,,"$565,100","$6,651",469700,6650,431100,6650,431100,6650,,
4639,117 STORRS HILL RD,RESIDENTIAL,"$683,900","$683,900",535400,535400,535400,535400,523200,523200,,
4640,48 STORRS HILL RD,RESIDENTIAL,"$523,140","$523,140",375500,375500,375500,375500,379000,379000,,
4641,0 STORRS HILL RD,,"$137,596",$125,113800,125,113800,125,113800,125,,
4642,0 STORRS HILL RD,,"$139,018","$139,018",114700,114700,114700,114700,114700,114700,,
4643,30 STORRS HILL RD,RESIDENTIAL,"$608,055","$608,055",422500,422500,422500,422500,422500,422500,,
4644,28 STORRS HILL RD,RESIDENTIAL,"$397,100","$397,100",288600,288600,288600,288600,288600,288600,,
4645,0 STORRS HILL RD,,"$88,895","$88,895",73400,73400,73400,73400,73400,73400,,
4646,14 STORRS HILL RD,RESIDENTIAL,"$528,100","$528,100",389800,389800,389800,389800,489900,489900,,
4647,0 MERIDEN RD,,"$234,330","$6,182",194600,6180,175700,6180,175700,6180,,
4648,270 MERIDEN RD,RESIDENTIAL,"$456,176","$380,713",357800,295315,357800,295315,357800,295315,,
4649,258 MERIDEN RD,RESIDENTIAL,"$345,200","$345,200",248800,248800,226400,226400,226400,226400,,
4650,278 MERIDEN RD,RESIDENTIAL,"$258,400","$258,400",191900,191900,191900,191900,191900,191900,,
4651,1 DAISY HILL RD,RESIDENTIAL,"$372,700","$372,700",279900,279900,279900,279900,273600,273600,,
4652,3 DAISY HILL RD,RESIDENTIAL,"$404,800","$404,800",294200,294200,294300,294300,294300,294300,,
4653,29 DAISY HILL RD,RESIDENTIAL,"$416,000","$416,000",312900,312900,313300,313300,316200,316200,,
4654,35 DAISY HILL RD,RESIDENTIAL,"$442,320","$442,320",308500,308500,308500,308500,308500,308500,,
4655,41 DAISY HILL RD,RESIDENTIAL,"$420,000","$420,000",303900,303900,303200,303200,303200,303200,,
4656,24 MORSE RD,RESIDENTIAL,"$418,300","$418,300",301200,301200,301300,301300,301300,301300,,
4657,220 MERIDEN RD,,"$229,500","$229,500",147400,147400,147300,147300,147300,147300,,
4658,216 MERIDEN RD,,"$201,900","$201,900",139300,139300,138000,138000,130400,130400,,
4659,212 MERIDEN RD,RESIDENTIAL,"$372,000","$372,000",268900,268900,267200,267200,267200,267200,,
4660,0 MERIDEN RD,,"$108,700",$196,90000,195,90000,195,90000,195,,
4661,217 MERIDEN RD,RESIDENTIAL,"$324,000","$324,000",237300,237300,237300,237300,237300,237300,,
4662,219 MERIDEN RD,RESIDENTIAL,"$426,600","$426,600",330300,330300,328700,328700,326300,326300,,
4663,221 MERIDEN RD,RESIDENTIAL,"$437,800","$437,800",343300,343300,343400,343400,343400,343400,,
4664,5 KINNE ST,RESIDENTIAL,"$375,200","$375,200",262100,262100,262100,262100,262100,262100,,
4665,3 KINNE ST,RESIDENTIAL,"$550,800","$550,800",384700,384700,384700,384700,384700,384700,,
4666,9 KINNE ST,RESIDENTIAL,"$408,000","$408,000",283700,283700,283800,283800,283800,283800,,
4667,2 RITA ST,RESIDENTIAL,"$436,900","$436,900",316100,316100,316200,316200,320400,320400,,
4668,5 RITA ST,RESIDENTIAL,"$529,700","$529,700",366700,366700,366800,366800,366800,366800,,
4669,3 RITA ST,RESIDENTIAL,"$424,200","$424,200",289500,289500,289600,289600,289600,289600,,
4670,11 KINNE ST,RESIDENTIAL,"$384,500","$384,500",279400,279400,279500,279500,281600,281600,,
4671,13 KINNE ST,RESIDENTIAL,"$455,100","$455,100",329400,329400,329400,329400,329400,329400,,
4672,1 GARNET ST,RESIDENTIAL,"$488,600","$488,600",342300,342300,342300,342300,342300,342300,,
4673,1 GRAY ST,RESIDENTIAL,"$443,200","$443,200",316600,316600,316800,316800,316800,316800,,
4674,5 GRAY ST,RESIDENTIAL,"$485,400","$485,400",333500,333500,333500,333500,333500,333500,,
4675,5 GRANDVIEW AVE,RESIDENTIAL,"$400,400","$400,400",289500,289500,289500,289500,261600,261600,,
4676,14 GRANDVIEW AVE,RESIDENTIAL,"$409,500","$409,500",298100,298100,298300,298300,298300,298300,,
4677,8 GRANDVIEW AVE,RESIDENTIAL,"$423,900","$423,900",285000,285000,285100,285100,285100,285100,,
4678,9 GRAY ST,RESIDENTIAL,"$521,010","$521,010",352400,352400,352400,352400,352400,352400,,
4679,10 LARO ST,RESIDENTIAL,"$401,300","$401,300",268400,268400,268300,268300,283500,283500,,
4680,5 MELROSE ST,RESIDENTIAL,"$502,900","$502,900",358700,358700,358800,358800,358800,358800,,
4681,8 MELROSE ST,RESIDENTIAL,"$389,200","$389,200",278700,278700,236700,236700,237600,237600,,
4682,10 MELROSE ST,RESIDENTIAL,"$414,000","$414,000",306800,306800,306800,306800,300300,300300,,
4683,2 MELROSE ST,RESIDENTIAL,"$522,400","$522,400",360100,360100,360100,360100,360100,360100,,
4684,6 MELROSE ST,RESIDENTIAL,"$407,000","$407,000",255900,255900,255800,255800,255800,255800,,
4685,6 LARO ST,RESIDENTIAL,"$480,000","$480,000",319800,319800,319900,319900,319900,319900,,
4686,4 LARO ST,RESIDENTIAL,"$355,000","$355,000",263300,263300,263400,263400,265100,265100,,
4687,5 LARO ST,RESIDENTIAL,"$388,100","$388,100",285900,285900,285900,285900,285900,285900,,
4688,7 LARO ST,RESIDENTIAL,"$452,600","$452,600",323900,323900,323900,323900,323900,323900,,
4689,9 LARO ST,RESIDENTIAL,"$488,300","$488,300",327700,327700,327800,327800,319200,319200,,
4690,6 GRAY ST,RESIDENTIAL,"$447,200","$447,200",314900,314900,314900,314900,314900,314900,,
4691,8 KINNE ST,RESIDENTIAL,"$610,900","$610,900",424100,424100,424100,424100,424100,424100,,
4692,6 KINNE ST,RESIDENTIAL,"$413,600","$413,600",301900,301900,302000,302000,302000,302000,,
4693,4 KINNE ST,RESIDENTIAL,"$402,100","$402,100",299100,299100,299100,299100,299100,299100,,
4694,2 KINNE ST,RESIDENTIAL,"$437,800","$437,800",323900,323900,323900,323900,323900,323900,,
4695,229 MERIDEN RD,RESIDENTIAL,"$398,200","$398,200",285700,285700,283900,283900,283900,283900,,
4696,231 MERIDEN RD,RESIDENTIAL,"$510,700","$510,700",358100,358100,370900,370900,370900,370900,,
4697,235 MERIDEN RD,RESIDENTIAL,"$367,200","$367,200",258800,258800,253800,253800,253800,253800,,
4698,239 MERIDEN RD,RESIDENTIAL,"$433,200","$433,200",316500,316500,316600,316600,316600,316600,,
4699,241 MERIDEN RD,RESIDENTIAL,"$460,500","$460,500",294600,294600,286300,286300,308500,308500,,
4700,245 MERIDEN RD,RESIDENTIAL,"$376,500","$376,500",296600,296600,296600,296600,298400,298400,,
4701,249 MERIDEN RD,RESIDENTIAL,"$328,580","$328,580",234100,234100,231700,231700,231700,231700,,
4702,253 MERIDEN RD,RESIDENTIAL,"$441,460","$441,460",319200,319200,317400,317400,317400,317400,,
4703,104 LAPLANTE RD,RESIDENTIAL,"$449,900","$449,900",318700,318700,318700,318700,318700,318700,,
4704,102 LAPLANTE RD,RESIDENTIAL,"$530,800","$530,800",391700,391700,391700,391700,391700,391700,,
4705,250 MERIDEN RD,RESIDENTIAL,"$462,529","$462,529",340500,340500,339000,339000,339000,339000,,
4706,248 MERIDEN RD,RESIDENTIAL,"$616,141","$616,141",424500,424500,410100,410100,410100,410100,,
4707,0 PATCH RD,,"$19,680",$181,16300,180,16300,180,16300,180,,
4708,0 STONEY BROOK RD,,"$155,259","$1,147",136400,1145,136400,1145,136400,1145,,
4709,126 STONEY BROOK RD,RESIDENTIAL,"$406,524","$406,524",295300,295300,295300,295300,295300,295300,,
4710,128 STONEY BROOK RD,RESIDENTIAL,"$647,596","$584,384",483800,428885,483800,428885,475900,428885,,
4711,0 STONEY BROOK RD,,"$258,344","$7,029",227500,7030,227500,7030,227500,7030,,
4712,0 EASTMAN HILL RD,,"$534,400","$2,965",467900,2965,231900,2745,231900,2745,,
4713,0 EASTMAN HILL RD,,"$130,150","$2,115",114100,2115,114100,2170,114100,2170,,
4714,98-100 EASTMAN HILL RD,RESIDENTIAL,"$814,300","$782,775",609600,581975,609600,581975,578700,549190,,
4715,0 EASTMAN HILL RD,,"$195,175","$1,458",171400,1460,171400,1460,171400,1460,,
4716,10 GREAT BROOK RD,RESIDENTIAL,"$485,500","$485,500",333400,333400,333400,333400,333400,333400,,
4717,0 CROSS RD,,"$226,030","$2,171",187500,2170,187500,2170,187500,2170,,
4718,108 DAISY HILL RD,RESIDENTIAL,"$534,920","$534,920",384900,384900,384900,384900,384900,384900,,
4719,74-76 CROSS RD,RESIDENTIAL,"$1,083,194","$915,420",737000,598390,737000,598390,705500,566890,,
4720,86 CROSS RD,RESIDENTIAL,"$425,500","$425,500",303000,303000,303400,303400,303400,303400,,
4721,54 CROSS RD,,"$198,628","$126,817",164200,104715,168100,106110,168100,106110,,
4722,50 CROSS RD,RESIDENTIAL,"$527,495","$440,161",334300,316760,334100,316560,334100,316560,,
4723,47 CROSS RD,RESIDENTIAL,"$683,964","$553,004",474200,365905,469400,365905,469400,365905,,
4724,0 CROSS RD,,"$153,318",$545,126900,545,126900,545,126900,545,,
4725,73 CROSS RD,RESIDENTIAL,"$895,370","$865,248",683200,658150,672700,647650,666000,640950,,
4726,77 CROSS RD,RESIDENTIAL,"$642,180","$603,575",528100,495975,510300,478175,510300,478175,,
4727,81 CROSS RD,RESIDENTIAL,"$616,720","$616,720",438600,438600,438600,438600,438600,438600,,
4728,87 CROSS RD,,"$164,164","$1,065",135900,1065,135900,1065,142000,1260,,
4729,89 CROSS RD,RESIDENTIAL,"$672,140","$624,147",480100,440245,480100,440245,480100,440245,,
4730,107 CROSS RD,RESIDENTIAL,"$532,293","$502,609",389700,365110,371700,347110,371700,347110,,
4731,110 DAISY HILL RD,RESIDENTIAL,"$1,100,030","$1,100,030",853300,853300,853300,853300,853300,853300,,
4732,86 DAISY HILL RD,RESIDENTIAL,"$860,840","$825,265",671100,641465,671300,641665,671300,641530,,
4733,3 TIMBER LN,RESIDENTIAL,"$883,700","$883,700",689000,689000,689000,689000,689000,689000,,
4734,11 TIMBER LN,RESIDENTIAL,"$910,500","$910,500",720600,720600,720600,720600,720600,720600,,
4735,19 TIMBER LN,RESIDENTIAL,"$731,800","$731,800",503400,503400,503400,503400,503400,503400,,
4736,27 TIMBER LN,RESIDENTIAL,"$710,700","$710,700",494000,494000,494000,494000,494000,494000,,
4737,28 TIMBER LN,RESIDENTIAL,"$675,500","$675,500",535100,535100,535100,535100,535100,535100,,
4738,20 TIMBER LN,RESIDENTIAL,"$643,400","$643,400",495400,495400,495400,495400,495400,495400,,
4739,12 TIMBER LN,RESIDENTIAL,"$753,500","$753,500",592700,592700,592700,592700,592700,592700,,
4740,4 TIMBER LN,RESIDENTIAL,"$878,300","$878,300",599000,599000,599000,599000,599000,599000,,
4741,64 DAISY HILL RD,RESIDENTIAL,"$437,200","$437,200",316500,316500,316900,316900,321000,321000,,
4742,60 DAISY HILL RD,RESIDENTIAL,"$577,480","$577,480",415100,415100,415100,415100,415100,415100,,
4743,58 DAISY HILL RD,RESIDENTIAL,"$422,800","$422,800",308900,308900,309300,309300,309300,309300,,
4744,52 DAISY HILL RD,RESIDENTIAL,"$583,080","$583,080",451200,451200,451200,451200,404400,404400,,
4745,51 DAISY HILL RD,RESIDENTIAL,"$918,320","$918,320",636300,636300,630800,630800,623600,623600,,
4746,30 MORSE RD,RESIDENTIAL,"$495,800","$491,385",356100,352485,356200,352585,356200,352585,,
4747,67 DAISY HILL RD,RESIDENTIAL,"$580,800","$580,800",417400,417400,417400,417400,417400,417400,,
4748,73 DAISY HILL RD,RESIDENTIAL,"$612,700","$612,700",455200,455200,455200,455200,440400,440400,,
4749,0 MORSE RD,,"$212,320","$1,984",176100,1985,175200,1985,175200,1985,,
4750,93 DAISY HILL RD,RESIDENTIAL,"$337,400","$337,400",249900,249900,249900,249900,249900,249900,,
4751,119 DAISY HILL RD,RESIDENTIAL,"$299,400","$299,400",209100,209100,209300,209300,209300,209300,,
4752,65 GREAT BROOK RD,RESIDENTIAL,"$799,800","$642,070",573600,434655,573600,434755,573600,434755,,
4753,0 MERIDEN RD,,"$450,532","$4,925",374500,4925,368100,4925,368100,4925,,
4754,0 MERIDEN RD,,"$15,330",$416,12700,415,12700,415,12700,415,,
4755,0 MERIDEN RD,,"$309,118","$4,792",257500,4790,257500,4790,257500,4790,,
4756,0 MERIDEN RD,,"$388,463","$6,434",323700,6430,323700,6430,320500,6430,,
4757,523 MERIDEN RD,RESIDENTIAL,"$558,973","$558,973",422700,422700,422700,422700,422700,422700,,
4758,519 MERIDEN RD,RESIDENTIAL,"$698,700","$698,700",495100,495100,530800,530800,542500,542500,,
4759,0 METHODIST HILL RD,,"$286,060","$3,474",237500,3475,237500,3475,237500,3475,,
4761,0 BROOK RD,,"$26,500","$26,500",21900,21900,21900,21900,21900,21900,,
4762,461 MOUNT SUPPORT RD,COMMERCIAL,"$2,326,300","$2,326,300",2163700,2163700,2142500,2142500,2142500,2142500,,
4763,54 AIRPORT RD B2 U10,INDUSTRIAL,"$3,900","$3,900",3300,3300,3300,3300,3300,3300,,
4764,54 AIRPORT RD B2 UA,INDUSTRIAL,"$12,100","$12,100",10200,10200,10200,10200,10200,10200,,
4766,0 BENNING ST,,"$112,700","$112,700",93100,93100,93100,93100,79200,79200,,
4767,189 S MAIN ST,,"$30,200","$30,200",24900,24900,24900,24900,24900,24900,,
4768,7 PINE ST,COMMERCIAL,"$493,400","$493,400",308300,308300,309800,309800,309800,309800,,
4769,0 MERRY LN,,"$15,070","$1,834",12100,1235,12100,1235,12100,1235,,
4770,14 MARIES WAY,RESIDENTIAL,"$849,687","$849,687",613000,613000,613000,613000,638900,638900,,
4771,49 WELLINGTON CIR,RESIDENTIAL,"$696,291","$696,291",547000,547000,547000,547000,547000,547000,,
4772,60 SLAYTON HILL RD,RESIDENTIAL,"$623,500","$622,845",495400,494845,495400,494845,495400,494845,,
4773,0 SLAYTON HILL RD,,"$168,026",$611,139200,610,139200,610,139200,610,,
4774,0 NH ROUTE 120,,"$29,600","$29,600",24400,24400,24400,24400,24400,24400,,
4775,20 CHURCH ST,,"$292,200","$292,200",198500,198500,198500,198500,171600,171600,,
4776,22 CHURCH ST,,"$275,000","$275,000",181700,181700,181500,181500,179100,179100,,
4777,127 LAHAYE DR,,"$437,970","$6,928",364300,6930,364300,6930,364300,6930,,
4778,0 DARTMOUTH COLLEGE HWY,,"$12,400","$12,400",10200,10200,10200,10200,10200,10200,,
4779,17 AIRPARK RD,,"$1,622,500","$1,622,500",1340500,1340500,1340500,1340500,1340500,1340500,,
4780,0 INTERCHANGE DR,,"$124,000","$124,000",102500,102500,102500,102500,102500,102500,,
4781,0 DORSET LN,,$0,$0,0,0,0,0,0,0,,
4782,4 VILLAGE LN,COMMERCIAL,"$1,656,322","$1,656,322",,,,,,,,
4783,45 MECHANIC ST,,"$340,100","$340,100",278400,278400,278500,278500,278500,278500,,
4784,5 AIRPARK RD,INDUSTRIAL,"$99,300","$99,300",83900,83900,83900,83900,83900,83900,,
4785,5 AIRPARK RD,INDUSTRIAL,"$232,500","$232,500",216100,216100,216100,216100,216100,216100,,
4789,5 AIRPARK RD,COMMERCIAL,"$388,500","$388,500",303200,303200,303200,303200,300600,300600,,
4791,5 AIRPARK RD #108-116,INDUSTRIAL,"$408,200","$408,200",381400,381400,381400,381400,381400,381400,,
4793,258 N MAIN ST,,"$360,400","$360,400",298000,298000,298000,298000,298000,298000,,
4795,30 OLD PINE TREE CEMETERY RD,,"$102,300","$102,300",84600,84600,84600,84600,84600,84600,,
4796,0 MAPLE ST,,"$144,600","$144,600",117600,117600,117400,117400,117400,117400,,
4797,0 SPRING ST,,"$324,790","$324,790",268700,268700,268700,268700,268700,268700,,
4798,0 DULAC ST,,"$302,016","$302,016",249600,249600,249600,249600,249600,249600,,
4799,1 MEDICAL CENTER DR,,"$17,010,900","$17,010,900",15725900,15725900,15725900,15725900,15725900,15725900,,
4800,205 HARDY HILL RD,RESIDENTIAL,"$783,004","$783,004",536800,536800,536800,536800,536800,536800,,
4801,70 GREAT BROOK RD,RESIDENTIAL,"$596,591","$567,054",472200,448255,457400,433455,451100,427155,,
4802,80 PROSPECT ST,RESIDENTIAL,"$661,269","$661,269",459300,459300,438000,438000,438000,438000,,
4803,24 DARTMOUTH AVE,RESIDENTIAL,"$508,300","$508,300",386100,386100,386100,386100,386100,386100,,
4804,26 OLD PINE TREE CEMETERY RD,RESIDENTIAL,"$415,032","$415,032",303600,303600,303600,303600,303600,303600,,
4805,28 OLD PINE TREE CEMETERY RD,RESIDENTIAL,"$1,056,600","$1,056,600",735600,735600,690300,690300,690300,690300,,
4807,280 PLAINFIELD RD,COMMERCIAL,"$1,285,700","$1,285,700",1096300,1096300,1096300,1096300,1096300,1096300,,
4808,12 CENTERRA PKWY,COMMERCIAL,"$14,098,375","$14,098,375",13337700,13337700,13337700,13337700,13949800,13949800,,
4809,1 MEDICAL CENTER DR,COMMERCIAL,"$76,647,300","$76,647,300",72943100,72943100,72943100,72943100,114418600,114418600,,
4812,117 N MAIN ST,COMMERCIAL,"$1,712,100","$1,712,100",1136300,1136300,1136300,1136300,1136300,1136300,,
4824,0 BANK ST EXT,,"$1,400","$1,400",600,600,600,600,600,600,,
4825,0 POVERTY LN,,"$159,145","$1,658",131600,1660,131600,1660,131600,1660,,
4826,0 NH ROUTE 4A,,"$146,710","$146,710",128400,128400,128400,128400,128400,128400,,
4827,42 OLD ETNA RD,COMMERCIAL,"$1,885,000","$1,885,000",1606300,1606300,1606300,1606300,1606300,1606300,,
4828,69 LILY LN,COMMERCIAL,"$6,084,484","$6,084,485",4939600,4939600,4939600,4939600,4939600,4939600,,
4829,24 CHURCH ST,,"$267,800","$267,800",174200,174200,174200,174200,174200,174200,,
4830,0 PLAINFIELD RD,,"$93,287",$969,88100,970,88100,970,88100,970,,
4831,51 RUDSBORO RD,RESIDENTIAL,"$441,700","$441,700",295700,295700,285100,285100,285100,285100,,
4832,26 CHURCH ST,,"$267,800","$267,800",174200,174200,174200,174200,174200,174200,,
4834,1 STILLWATER DR,RESIDENTIAL,"$554,900","$554,900",440300,440300,440300,440300,440300,440300,,
4835,6 BOMHOWER ST,RESIDENTIAL,"$519,000","$519,000",364300,364300,364300,364300,364300,364300,,
4836,5 STILLWATER DR,RESIDENTIAL,"$746,400","$746,400",589000,589000,568700,568700,568700,568700,,
4837,6 STILLWATER DR,RESIDENTIAL,"$614,400","$614,400",486900,486900,486900,486900,486900,486900,,
4838,2 STILLWATER DR,RESIDENTIAL,"$479,100","$479,100",342900,342900,342200,342200,342200,342200,,
4839,23 FOUNTAIN WAY,RESIDENTIAL,"$516,500","$516,500",368600,368600,368600,368600,368600,368600,,
4840,27 FOUNTAIN WAY,RESIDENTIAL,"$544,900","$544,900",430500,430500,430500,430500,430500,430500,,
4841,47 APPLE BLOSSOM DR,RESIDENTIAL,"$794,200","$794,200",633500,633500,633500,633500,633500,633500,,
4842,51 APPLE BLOSSOM DR,RESIDENTIAL,"$659,600","$659,600",527400,527400,527400,527400,510200,510200,,
4843,55 APPLE BLOSSOM DR,RESIDENTIAL,"$621,700","$621,700",498100,498100,498100,498100,498100,498100,,
4844,59 APPLE BLOSSOM DR,RESIDENTIAL,"$867,600","$867,600",685800,685800,642600,642600,618400,618400,,
4845,61 APPLE BLOSSOM DR,RESIDENTIAL,"$612,600","$612,600",486900,486900,487000,487000,487000,487000,,
4846,69 APPLE BLOSSOM DR,RESIDENTIAL,"$676,100","$676,100",534900,534900,534900,534900,534900,534900,,
4847,78 APPLE BLOSSOM DR,RESIDENTIAL,"$615,300","$615,300",498300,498300,498300,498300,498300,498300,,
4848,74 APPLE BLOSSOM DR,RESIDENTIAL,"$596,500","$596,500",471100,471100,471100,471100,471100,471100,,
4849,30 APPLE BLOSSOM DR,RESIDENTIAL,"$698,700","$698,700",559300,559300,559300,559300,543100,543100,,
4850,28 APPLE BLOSSOM DR,RESIDENTIAL,"$659,500","$659,500",537000,537000,537000,537000,537000,537000,,
4851,65 APPLE BLOSSOM DR,RESIDENTIAL,"$727,700","$727,700",572500,572500,572600,572600,572600,572600,,
4852,73 APPLE BLOSSOM DR,RESIDENTIAL,"$633,200","$633,200",498100,498100,495900,495900,495900,495900,,
4853,75 APPLE BLOSSOM DR,RESIDENTIAL,"$678,700","$678,700",535000,535000,535000,535000,535000,535000,,
4854,79 APPLE BLOSSOM DR,RESIDENTIAL,"$615,000","$615,000",486400,486400,486300,486300,486300,486300,,
4855,81 APPLE BLOSSOM DR,RESIDENTIAL,"$691,300","$691,300",550200,550200,550200,550200,550200,550200,,
4856,82 APPLE BLOSSOM DR,RESIDENTIAL,"$620,400","$620,400",488400,488400,488500,488500,488500,488500,,
4857,72 APPLE BLOSSOM DR,RESIDENTIAL,"$630,300","$630,300",504100,504100,504100,504100,504100,504100,,
4858,68 APPLE BLOSSOM DR,RESIDENTIAL,"$705,400","$705,400",555700,555700,555700,555700,555700,555700,,
4859,44 APPLE BLOSSOM DR,RESIDENTIAL,"$759,400","$759,400",574800,574800,574800,574800,574800,574800,,
4860,42 APPLE BLOSSOM DR,RESIDENTIAL,"$613,600","$613,600",485100,485100,485100,485100,485100,485100,,
4861,38 APPLE BLOSSOM DR,RESIDENTIAL,"$758,000","$758,000",579800,579800,579700,579700,579700,579700,,
4862,24 APPLE BLOSSOM DR,RESIDENTIAL,"$709,000","$709,000",576500,576500,576500,576500,559100,559100,,
4863,22 APPLE BLOSSOM DR,RESIDENTIAL,"$675,700","$675,700",500900,500900,500900,500900,500900,500900,,
4864,20 APPLE BLOSSOM DR,RESIDENTIAL,"$517,600","$517,600",381700,381700,381800,381800,346400,346400,,
4865,16 APPLE BLOSSOM DR,RESIDENTIAL,"$530,900","$530,900",388900,388900,388900,388900,380800,380800,,
4866,14 APPLE BLOSSOM DR,RESIDENTIAL,"$549,500","$549,500",440200,440200,440200,440200,440200,440200,,
4867,12 APPLE BLOSSOM DR,RESIDENTIAL,"$492,000","$492,000",355600,355600,355600,355600,355600,355600,,
4868,8 APPLE BLOSSOM DR,RESIDENTIAL,"$491,600","$491,600",402800,402800,402800,402800,402800,402800,,
4869,6 APPLE BLOSSOM DR,RESIDENTIAL,"$507,700","$507,700",402600,402600,402600,402600,402600,402600,,
4870,2 APPLE BLOSSOM DR,RESIDENTIAL,"$484,800","$484,800",384300,384300,384300,384300,384300,384300,,
4871,9 APPLE BLOSSOM DR,RESIDENTIAL,"$523,500","$523,500",375000,375000,375000,375000,364700,364700,,
4872,13 APPLE BLOSSOM DR,RESIDENTIAL,"$480,300","$480,300",345900,345900,345800,345800,345800,345800,,
4873,15 APPLE BLOSSOM DR,RESIDENTIAL,"$526,300","$526,300",417500,417500,417500,417500,415500,415500,,
4874,19 APPLE BLOSSOM DR,RESIDENTIAL,"$553,200","$553,200",447800,447800,447900,447900,440700,440700,,
4875,21 APPLE BLOSSOM DR,RESIDENTIAL,"$482,800","$482,800",344700,344700,344800,344800,344800,344800,,
4876,25 APPLE BLOSSOM DR,RESIDENTIAL,"$560,900","$560,900",449400,449400,438000,438000,438000,438000,,
4877,29 APPLE BLOSSOM DR,RESIDENTIAL,"$553,300","$553,300",397500,397500,397600,397600,397600,397600,,
4878,38 FOUNTAIN WAY,RESIDENTIAL,"$561,400","$561,400",437300,437300,437300,437300,440400,440400,,
4879,36 FOUNTAIN WAY,RESIDENTIAL,"$531,900","$531,900",421100,421100,421200,421200,421200,421200,,
4880,32 FOUNTAIN WAY,RESIDENTIAL,"$551,400","$551,400",398100,398100,398100,398100,378300,378300,,
4881,28 FOUNTAIN WAY,RESIDENTIAL,"$482,800","$482,800",349200,349200,349100,349100,349100,349100,,
4882,26 FOUNTAIN WAY,RESIDENTIAL,"$485,100","$485,100",346300,346300,346300,346300,346300,346300,,
4883,24 FOUNTAIN WAY,RESIDENTIAL,"$475,500","$475,500",340600,340600,340600,340600,339800,339800,,
4884,20 FOUNTAIN WAY,RESIDENTIAL,"$491,600","$491,600",353100,353100,353200,353200,353200,353200,,
4885,16 FOUNTAIN WAY,RESIDENTIAL,"$490,000","$490,000",351700,351700,351700,351700,351700,351700,,
4886,14 FOUNTAIN WAY,RESIDENTIAL,"$545,600","$545,600",437600,437600,437600,437600,437600,437600,,
4887,10 FOUNTAIN WAY,RESIDENTIAL,"$562,100","$562,100",449900,449900,450000,450000,450000,450000,,
4888,120 MAPLE ST,,"$399,851","$399,851",325200,325200,325200,325200,325200,325200,,
4889,0 FOUNTAIN WAY,,"$282,100","$282,100",218300,218300,218300,218300,218300,218300,,
4890,0 APPLE BLOSSOM DR,,$0,$0,0,0,0,0,0,0,,
4891,0 MASCOMA ST,,"$25,200","$25,200",20800,20800,20800,20800,20800,20800,,
4892,0 CHAMBERS CIR,,$0,$0,0,0,0,0,0,0,,
4893,0 WYETH FARM CIR,,$0,$0,0,0,0,0,0,0,,
4894,2 LAPLANTE RD,RESIDENTIAL,"$890,080","$890,080",617300,617300,617300,617300,617300,617300,,
4895,4 LAPLANTE RD,RESIDENTIAL,"$948,660","$948,660",651200,651200,651200,651200,651200,651200,,
4896,6 LAPLANTE RD,RESIDENTIAL,"$775,450","$775,450",535000,535000,535000,535000,535000,535000,,
4897,43 AIRPARK RD,INDUSTRIAL,"$710,512","$710,510",652700,652700,652700,652700,652700,652700,,
4898,0 DARTMOUTH COLLEGE HWY,,"$512,106","$512,106",435000,435000,435000,435000,435000,435000,,
4899,33 RAILROAD AVE,INDUSTRIAL,"$359,100","$359,100",306200,306200,306200,306200,306200,306200,,
4900,0 TRANSMISSION LINES,,"$3,499,700","$3,499,700",3353600,4053600,3353400,3353400,4320000,4320000,,
4901,0 N MAIN ST,,$0,$0,0,0,0,0,0,0,,
4902,0 RIVERDALE PKWY,,"$74,200","$74,200",60400,60400,60400,60400,60400,60400,,
4903,12 BOMHOWER ST EXT,,"$118,400","$118,400",59000,59000,59000,59000,59000,59000,,
4904,10 BOMHOWER EXT,,"$142,500","$142,500",69600,69600,69600,69600,69600,69600,,
4905,8 BOMHOWER EXT,,"$118,200","$118,200",59000,59000,59000,59000,59000,59000,,
4906,85 EASTMAN HILL RD,RESIDENTIAL,"$916,136","$916,136",672500,672500,672500,672500,672500,672500,,
4907,3 HARDY HILL RD,RESIDENTIAL,"$493,264","$493,264",397000,397000,397000,397000,407100,407100,,
4908,5 HARDY HILL RD,RESIDENTIAL,"$599,100","$599,100",459300,459300,459400,459400,464600,464600,,
4909,7 HARDY HILL RD,RESIDENTIAL,"$527,900","$527,900",421500,421500,421500,421500,421500,421500,,
4910,6 ALDRICH AVE,COMMERCIAL,"$575,575","$575,575",462300,462300,462300,462300,462300,419300,,
4911,367 NH ROUTE 120 E4,COMMERCIAL,"$176,900","$176,900",147300,147300,147300,147300,147300,147300,,
4912,367 NH ROUTE 120 #A1,COMMERCIAL,"$532,600","$532,600",496200,496200,496200,496200,496200,496200,,
4913,367 NH ROUTE 120 A2,COMMERCIAL,"$532,600","$532,600",506200,506200,506200,506200,506200,506200,,
4914,367 NH ROUTE 120 B1,COMMERCIAL,"$313,800","$313,800",313800,313800,313800,313800,313800,313800,,
4915,367 NH ROUTE 120 B2,COMMERCIAL,"$324,900","$324,900",306800,306800,306800,306800,306800,306800,,
4916,367 NH ROUTE 120 #B3,COMMERCIAL,"$480,900","$480,900",455200,455200,455200,455200,455200,455200,,
4917,367 NH ROUTE 120 B4,COMMERCIAL,"$268,800","$268,800",245800,245800,245800,245800,245800,245800,,
4918,367 NH ROUTE 120 B5,COMMERCIAL,"$345,100","$345,100",321800,321800,321800,321800,321800,321800,,
4919,367 NH ROUTE 120 #B6,COMMERCIAL,"$324,900","$324,900",311700,311700,311700,311700,311700,311700,,
4920,367 NH ROUTE 120 B7,COMMERCIAL,"$476,200","$476,200",455600,455600,455600,455600,455600,455600,,
4921,367 NH ROUTE 120 B8,COMMERCIAL,"$263,600","$263,600",247500,247500,247500,247500,247500,247500,,
4922,367 NH ROUTE 120 C2,COMMERCIAL,"$1,435,900","$1,435,900",1231400,1231400,1231400,1231400,1231400,1231400,,
4923,367 NH ROUTE 120 #D2,COMMERCIAL,"$926,700","$926,700",511300,511300,511300,511300,511300,511300,,
4924,367 NH ROUTE 120 #E1,COMMERCIAL,"$1,039,000","$1,039,000",566800,566800,566800,566800,566800,566800,,
4925,367 NH ROUTE 120 #E2,COMMERCIAL,"$355,800","$355,800",339600,339600,339600,339600,339600,339600,,
4926,367 NH ROUTE 120 E3,COMMERCIAL,"$356,000","$356,000",326800,326800,326800,326800,326800,326800,,
4927,30 STEVENS RD,RESIDENTIAL,"$1,490,330","$1,447,584",1178300,1143285,1129200,1094185,1130000,1102685,,
4928,26 S MAIN ST,RESIDENTIAL,"$687,400","$687,400",545700,545700,545700,545700,545700,545700,,
4929,60-1/2 YOUNG ST,RESIDENTIAL,"$404,808","$404,808",300400,300400,300400,300400,310700,310700,,
4930,19 LAPLANTE RD,RESIDENTIAL,"$705,700","$705,700",554100,554100,554100,554100,603400,603400,,
4931,29 LAPLANTE RD,RESIDENTIAL,"$580,653","$580,653",463600,463600,463600,463600,463600,463600,,
4933,22 BIRCH TER,RESIDENTIAL,"$469,600","$469,600",343100,343100,343100,343100,343100,343100,,
4934,262 PLAINFIELD RD,COMMERCIAL,"$4,049,400","$4,049,400",3882300,3882300,4022700,4022700,4022700,4022700,,
4935,0 MANCHESTER DR,,"$81,200","$81,200",71000,71000,71100,71100,71100,71100,,
4936,0 NH ROUTE 4A,,"$81,200","$81,200",71000,71000,71000,71000,71000,71000,,
4937,0 COURT ST,,"$302,000","$302,000",232300,232300,232300,232300,232300,232300,,
4938,59 RUDSBORO RD,RESIDENTIAL,"$722,143","$722,143",575200,575200,575200,575200,575200,575200,,
4939,0 RUDSBORO RD,,"$102,577","$102,577",89900,89900,89900,89900,89900,89900,,
4940,0 EAST WILDER RD,,"$124,600","$124,600",103100,103100,103300,103300,103300,103300,,
4941,2 EAST WILDER RD,RESIDENTIAL,"$729,035","$729,035",575300,575300,575300,575300,575300,575300,,
4944,59 CRAFTS AVE,RESIDENTIAL,"$578,500","$578,500",410600,410600,410600,410600,413700,413700,,
4945,85 LAPLANTE RD,RESIDENTIAL,"$672,720","$672,720",479500,479500,479500,479500,479500,479500,,
4946,8 WATERMAN AVE,RESIDENTIAL,"$448,400","$448,400",323200,323200,323300,323300,323300,323300,,
4948,0 S MAIN ST,,"$98,838","$98,838",72500,72500,72500,72500,72500,72500,,
4949,8 ARBOR CT #A1,,"$453,000","$453,000",318200,318200,318200,318200,318200,318200,,
4950,6 ARBOR CT #A2,,"$473,600","$473,600",327400,327400,327400,327400,327400,327400,,
4951,4 ARBOR CT A3,,"$475,500","$475,500",331700,331700,331700,331700,331700,331700,,
4952,2 ARBOR CT A4,,"$449,600","$449,600",317000,317000,317000,317000,317000,317000,,
4953,16 ARBOR CT B1,,"$447,100","$447,100",314400,314400,314400,314400,314400,314400,,
4954,14 ARBOR CT B2,,"$472,200","$472,200",328500,328500,328500,328500,328500,328500,,
4955,12 ARBOR CT B3,,"$473,600","$473,600",327400,327400,327400,327400,327400,327400,,
4956,10 ARBOR CT B4,,"$461,700","$461,700",311000,311000,311000,311000,311000,311000,,
4957,24 ARBOR CT C1,,"$452,400","$452,400",317500,317500,317500,317500,317500,317500,,
4958,22 ARBOR CT #C2,,"$471,900","$471,900",329500,329500,329500,329500,329500,329500,,
4959,20 ARBOR CT C3,,"$482,100","$482,100",336000,336000,336000,336000,336000,336000,,
4960,18 ARBOR CT C4,,"$450,200","$450,200",314400,314400,314400,314400,314400,314400,,
4961,51 LILY LN D1,,"$451,300","$451,300",305000,305000,305000,305000,305000,305000,,
4962,53 LILY LN D2,,"$483,600","$483,600",328900,328900,328900,328900,328900,328900,,
4963,55 LILY LN D3,,"$492,300","$492,300",335500,335500,335500,335500,335500,335500,,
4964,57 LILY LN #D4,,"$455,300","$455,300",312200,312200,312200,312200,312200,312200,,
4966,299 MOUNT SUPPORT RD 1,,"$467,900","$467,900",360700,360700,360700,360700,360700,360700,,
4967,299 MOUNT SUPPORT RD 2,,"$471,600","$471,600",363300,363300,363300,363300,363300,363300,,
4968,299 MOUNT SUPPORT RD #3,,"$471,600","$471,600",363300,363300,363300,363300,363300,363300,,
4969,299 MOUNT SUPPORT RD 4,,"$486,500","$486,500",379900,379900,379900,379900,379900,379900,,
4970,299 MOUNT SUPPORT RD 5,,"$548,400","$548,400",420100,420100,420100,420100,420100,420100,,
4971,299 MOUNT SUPPORT RD 6,,"$471,800","$471,800",363400,363400,363400,363400,363400,363400,,
4972,299 MOUNT SUPPORT RD 7,,"$471,800","$471,800",363400,363400,363400,363400,363400,363400,,
4973,299 MOUNT SUPPORT RD 8,,"$486,200","$486,200",373600,373600,373600,373600,373600,373600,,
4974,299 MOUNT SUPPORT RD 9,,"$525,400","$525,400",401400,401400,401400,401400,401400,401400,,
4975,299 MOUNT SUPPORT RD 10,,"$534,600","$534,600",412000,412000,412000,412000,412000,412000,,
4976,299 MOUNT SUPPORT RD 11,,"$488,800","$488,800",377900,377900,377900,377900,377900,377900,,
4977,299 MOUNT SUPPORT RD #12,,"$483,700","$483,700",371800,371800,371800,371800,371800,371800,,
4978,299 MOUNT SUPPORT RD 13,,"$527,500","$527,500",405800,405800,405800,405800,405800,405800,,
4979,299 MOUNT SUPPORT RD #14,,"$517,900","$517,900",395900,395900,395900,395900,395900,395900,,
4980,299 MOUNT SUPPORT RD 15,,"$471,600","$471,600",363300,363300,363300,363300,363300,363300,,
4981,299 MOUNT SUPPORT RD 16,,"$474,900","$474,900",365500,365500,365500,365500,365500,365500,,
4982,299 MOUNT SUPPORT RD 17,,"$471,200","$471,200",362900,362900,362900,362900,362900,362900,,
4983,299 MOUNT SUPPORT RD 18,,"$477,700","$477,700",365700,365700,365700,365700,365700,365700,,
4984,299 MOUNT SUPPORT RD 19,,"$467,400","$467,400",360200,360200,360200,360200,360200,360200,,
4985,299 MOUNT SUPPORT RD #20,,"$471,200","$471,200",362900,362900,362900,362900,362900,362900,,
4986,299 MOUNT SUPPORT RD #21,,"$471,200","$471,200",362900,362900,362900,362900,362900,362900,,
4987,299 MOUNT SUPPORT RD 22,,"$471,200","$471,200",362900,362900,362900,362900,362900,362900,,
4988,299 MOUNT SUPPORT RD 23,,"$471,200","$471,200",362900,362900,362900,362900,362900,362900,,
4989,299 MOUNT SUPPORT RD 24,,"$467,400","$467,400",360200,360200,360200,360200,360200,360200,,
4990,100 DAISY HILL RD,RESIDENTIAL,"$1,107,950","$1,107,950",856600,856600,856600,856600,856600,856600,,
4991,96 DAISY HILL RD,RESIDENTIAL,"$822,540","$822,540",653800,653800,653800,653800,653800,653800,,
4992,36 APPLE BLOSSOM DR,RESIDENTIAL,"$649,000","$649,000",519300,519300,519400,519400,519400,519400,,
4993,7 FOX RUN LN,COMMERCIAL,"$5,152,000","$5,152,000",4187000,4187000,4187000,4187000,4187000,4187000,,
4994,274 PLAINFIELD RD,COMMERCIAL,"$2,922,400","$2,922,400",2654200,2654200,2654200,2654200,2654200,2654200,,
4995,0 NH ROUTE 4A,,"$8,200","$8,200",2000,2000,2000,2000,2000,2000,,
4996,28 WHEATLEY ST,RESIDENTIAL,"$573,000","$573,000",453300,453300,453200,453200,447800,447800,,
4997,30 WHEATLEY ST,RESIDENTIAL,"$548,100","$548,100",435900,435900,435800,435800,435800,435800,,
4998,16 LINDEN DR #E1,,"$560,400","$560,400",393800,393800,393800,393800,393800,393800,,
4999,14 LINDEN DR #E2,,"$567,800","$567,800",405600,405600,405600,405600,405600,405600,,
5000,12 LINDEN DR E3,,"$561,700","$561,700",398400,398400,398400,398400,398400,398400,,
5001,10 LINDEN DR #E4,,"$563,800","$563,800",395800,395800,395800,395800,395800,395800,,
5002,24 LINDEN DR F1,,"$533,100","$533,100",378000,378000,378000,378000,378000,378000,,
5003,22 LINDEN DR F2,,"$561,700","$561,700",398400,398400,398400,398400,398400,398400,,
5004,20 LINDEN DR #F3,,"$534,500","$534,500",367500,367500,367500,367500,367500,367500,,
5005,18 LINDEN DR #F4,,"$520,400","$520,400",366900,366900,366900,366900,366900,366900,,
5006,17 LINDEN DR H1,,"$454,900","$454,900",319900,319900,319900,319900,319900,319900,,
5007,19 LINDEN DR H2,,"$473,600","$473,600",327400,327400,327400,327400,327400,327400,,
5008,21 LINDEN DR H3,,"$484,900","$484,900",336600,336600,336600,336600,336600,336600,,
5009,23 LINDEN DR H4,,"$390,000","$390,000",270100,270100,268900,268900,268900,268900,,
5010,9 LINDEN DR I1,,"$453,000","$453,000",318200,318200,318200,318200,318200,318200,,
5011,11 LINDEN DR I2,,"$473,600","$473,600",327400,327400,327400,327400,327400,327400,,
5012,13 LINDEN DR I3,,"$478,600","$478,600",332600,332600,332600,332600,332600,332600,,
5013,15 LINDEN DR #I-4,,"$444,700","$444,700",310500,310500,310500,310500,310500,310500,,
5014,0 BARDEN HILL RD,,"$317,300","$5,145",263300,3145,263300,3145,263300,3145,,
5015,402 DARTMOUTH COLLEGE HWY,RESIDENTIAL,"$503,341","$503,341",361200,361200,361200,361200,361200,361200,,
5016,410 DARTMOUTH COLLEGE HWY,RESIDENTIAL,"$533,702","$533,702",348000,348000,348000,348000,348000,348000,,
5017,25 FARAWAY LN,RESIDENTIAL,"$1,652,342","$1,652,342",1140500,1140500,1140500,1140500,1151200,1151200,,
5018,161 STEVENS RD,RESIDENTIAL,"$947,910","$947,910",717800,717800,701100,701100,701100,701100,,
5019,173 STEVENS RD,RESIDENTIAL,"$756,300","$756,300",596500,596500,591500,591500,591500,591500,,
5020,177 STEVENS RD,RESIDENTIAL,"$855,571","$855,571",659000,659000,658800,658800,658800,658800,,
5021,181 STEVENS RD,RESIDENTIAL,"$937,442","$937,442",730500,730500,730500,730500,730500,730500,,
5022,0 DARTMOUTH AVE,,"$96,700","$96,700",79800,79800,79800,79800,79800,79800,,
5023,29 HARDY HILL RD,RESIDENTIAL,"$482,881","$482,881",345300,345300,345300,345300,345300,345300,,
5024,24 OLD PINE TREE CEMETERY RD,RESIDENTIAL,"$955,446","$955,446",682100,682100,682100,682100,700600,700600,,
5025,57 CHURCHILL WAY,RESIDENTIAL,"$588,550","$588,550",411800,411800,411800,411800,411800,411800,,
5026,46 PROSPECT ST,RESIDENTIAL,"$624,539","$624,539",448100,448100,446400,446400,446400,446400,,
5028,57 DAISY HILL RD,COMMERCIAL,"$2,349,460","$2,349,460",1858200,1858200,1858200,1858200,1858200,1858200,,
5029,0 DAISY HILL RD,,"$256,250","$2,951",212100,2950,169600,2950,169600,2950,,
5030,79 DAISY HILL RD,RESIDENTIAL,"$1,452,500","$1,452,500",1007600,1007600,1007600,1007600,1130600,1130600,,
5031,87 DAISY HILL RD,RESIDENTIAL,"$878,980","$878,980",702900,702900,702900,702900,666100,666100,,
5032,97 DAISY HILL RD,RESIDENTIAL,"$1,245,670","$1,245,670",951400,951400,951400,951400,951400,951400,,
5033,105 DAISY HILL RD,RESIDENTIAL,"$915,040","$915,040",725400,725400,725400,725400,725400,725400,,
5034,111 DAISY HILL RD,RESIDENTIAL,"$1,267,250","$1,267,250",962700,962700,962700,962700,962700,962700,,
5035,0 DAISY HILL RD,,"$18,050",$791,15100,790,15100,790,15100,790,,
5036,25 CHURCHILL WAY,RESIDENTIAL,"$1,193,608","$1,193,608",908100,908100,908100,908100,908100,908100,,
5037,2 ELM ST,,"$379,200","$379,200",203200,203200,203200,203200,203100,203100,,
5038,4 ELM ST,,"$379,000","$379,000",203100,203100,203100,203100,203100,203100,,
5040,6 ELM ST,,"$397,800","$397,800",218600,218600,218600,218600,218600,218600,,
5041,8 ELM ST,,"$398,300","$398,300",218800,218800,218800,218800,218800,218800,,
5042,10 ELM ST,,"$392,100","$392,100",213900,213900,213900,213900,213900,213900,,
5043,12 ELM ST,,"$397,000","$397,000",218200,218200,218200,218200,218200,218200,,
5044,0 PLAINFIELD RD,INDUSTRIAL,"$538,385","$538,385",465800,465800,465800,465800,465800,465800,,
5045,290 PLAINFIELD RD,COMMERCIAL,"$763,600","$763,600",699400,699400,699400,699400,699400,699400,,
5046,296 PLAINFIELD RD,COMMERCIAL,"$6,758,900","$6,758,900",6267100,6267100,6267100,6267100,6267100,6267100,,
5047,298 PLAINFIELD RD,COMMERCIAL,"$438,100","$438,100",386100,386100,386100,386100,386100,386100,,
5048,298 PLAINFIELD RD,,"$15,925,825","$15,925,825",13458600,13458600,11702300,11702300,11702300,11702300,,
5049,27 LINDEN DR #G2,,"$554,800","$554,800",369700,369700,369700,369700,369700,369700,,
5050,25 LINDEN DR #G1,,"$517,700","$517,700",345100,345100,345100,345100,345100,345100,,
5051,135 STORRS HILL RD,RESIDENTIAL,"$634,638","$634,638",487500,487500,487500,487500,487500,487500,,
5052,131 STORRS HILL RD,RESIDENTIAL,"$486,900","$486,900",369300,369300,369300,369300,369300,369300,,
5053,10 RITA ST,RESIDENTIAL,"$1,039,962","$1,039,962",808000,808000,808000,808000,808000,808000,,
5054,11 GARNET ST,RESIDENTIAL,"$1,091,810","$1,091,810",844100,844100,844100,844100,844100,844100,,
5055,10 MORGAN DR,COMMERCIAL,"$15,561,556","$15,561,555",12227100,12227100,15733100,15733100,15733100,15733100,,
5056,106 EASTMAN HILL RD,RESIDENTIAL,"$1,016,679","$1,016,680",724100,724100,724100,724100,724100,724100,,
5057,97 BANK ST,RESIDENTIAL,"$412,800","$412,800",298500,298500,298500,298500,298500,298500,,
5059,32 MAIN ST,COMMERCIAL,"$519,300","$519,300",462400,462400,462400,462400,462400,462400,,
5077,25 LAPLANTE RD,RESIDENTIAL,"$764,060","$764,060",596000,596000,596000,596000,644400,644400,,
5078,23 LAPLANTE RD,RESIDENTIAL,"$865,950","$865,950",612200,612200,535900,535900,501100,501100,,
5079,0 STEVENS RD,,"$150,364","$150,364",124000,124000,124000,124000,124000,124000,,
5081,203 HEATER RD,COMMERCIAL,"$1,998,700","$1,998,700",1691300,1691300,1691300,1691300,1691300,1691300,,
5082,62 WESTBORO WOODS LN F32,,"$365,100","$365,100",244200,244200,244200,244200,244200,244200,,
5083,60 WESTBORO WOODS LN #A31,,"$286,100","$286,100",195700,195700,195700,195700,195700,195700,,
5084,58 WESTBORO WOODS LN #A30,,"$285,700","$285,700",195300,195300,195300,195300,195300,195300,,
5085,56 WESTBORO WOODS LN #D29,,"$15,000","$15,000",15000,15000,15000,15000,15000,15000,,
5086,54 WESTBORO WOODS LN D28,,"$15,000","$15,000",15000,15000,15000,15000,15000,15000,,
5087,52 WESTBORO WOODS LN D27,,"$15,000","$15,000",15000,15000,15000,15000,15000,15000,,
5088,50 WESTBORO WOODS LN D26,,"$15,000","$15,000",15000,15000,15000,15000,15000,15000,,
5089,48 WESTBORO WOODS LN D25,,"$15,000","$15,000",15000,15000,15000,15000,15000,15000,,
5090,46 WESTBORO WOODS LN D24,,"$15,000","$15,000",15000,15000,15000,15000,15000,15000,,
5091,44 WESTBORO WOODS LN D23,,"$15,000","$15,000",15000,15000,15000,15000,15000,15000,,
5092,42 WESTBORO WOODS LN D22,,"$15,000","$15,000",15000,15000,15000,15000,15000,15000,,
5093,40 WESTBORO WOODS LN D21,,"$15,000","$15,000",15000,15000,15000,15000,15000,15000,,
5094,38 WESTBORO WOODS LN D20,,"$15,000","$15,000",15000,15000,15000,15000,15000,15000,,
5095,36 WESTBORO WOODS LN D19,,"$15,000","$15,000",15000,15000,15000,15000,15000,15000,,
5096,34 WESTBORO WOODS LN D18,,"$15,000","$15,000",15000,15000,15000,15000,15000,15000,,
5097,28 WESTBORO WOODS LN D17,,"$15,000","$15,000",15000,15000,15000,15000,15000,15000,,
5098,26 WESTBORO WOODS LN D16,,"$15,000","$15,000",15000,15000,15000,15000,15000,15000,,
5099,22 WESTBORO WOODS LN #F15,,"$374,800","$374,800",241400,241400,241400,241400,241400,241400,,
5100,20 WESTBORO WOODS LN #D14,,"$311,800","$311,800",208200,208200,208200,208200,208200,208200,,
5101,18 WESTBORO WOODS LN D13,,"$318,600","$318,600",212800,212800,212800,212800,212800,212800,,
5102,14 WESTBORO WOODS LN B12,,"$352,400","$352,400",233800,233800,233800,233800,233800,233800,,
5103,10 WESTBORO WOODS LN F11,,"$15,000","$15,000",15000,15000,15000,15000,15000,15000,,
5104,8 WESTBORO WOODS LN E10,,"$329,200","$329,200",229100,229100,229100,229100,229100,229100,,
5105,6 WESTBORO WOODS LN E9,,"$298,100","$298,100",200000,200000,200000,200000,200000,200000,,
5106,4 WESTBORO WOODS LN #A8,,"$274,200","$274,200",185100,185100,185100,185100,185100,185100,,
5107,2 WESTBORO WOODS LN A7,,"$276,600","$276,600",186600,186600,186600,186600,186600,186600,,
5108,3 WESTBORO WOODS LN A6,,"$278,000","$278,000",187500,187500,187500,187500,187500,187500,,
5109,1 WESTBORO WOODS LN A5,,"$278,000","$278,000",187500,187500,187500,187500,187500,187500,,
5110,61 WESTBORO WOODS LN B4,,"$15,000","$15,000",15000,15000,15000,15000,15000,15000,,
5111,55 WESTBORO WOODS LN F3,,"$360,700","$360,700",241400,241400,241400,241400,241400,241400,,
5112,23 WESTBORO WOODS LN B2,,"$356,600","$356,600",238000,238000,238000,238000,238000,238000,,
5113,5 WESTBORO WOODS LN F1,,"$360,800","$360,800",239100,239100,239100,239100,239100,239100,,
5114,96 SEMINARY HILL 33,,"$272,600","$272,600",188700,188700,179300,179300,179300,179300,,
5115,15 MOUNTAIN VIEW DR,,"$349,500","$349,500",243500,243500,243500,243500,243500,243500,,
5116,49 MOUNTAIN VIEW DR,,"$472,500","$472,500",334700,334700,334700,334700,334700,334700,,
5117,47 MOUNTAIN VIEW DR,,"$472,700","$472,700",334800,334800,334800,334800,334800,334800,,
5118,45 MOUNTAIN VIEW DR,,"$472,500","$472,500",334700,334700,334700,334700,334700,334700,,
5119,43 MOUNTAIN VIEW DR,,"$472,500","$472,500",334700,334700,334700,334700,334700,334700,,
5120,41 MOUNTAIN VIEW DR,,"$472,700","$472,700",334800,334800,334800,334800,334800,334800,,
5121,39 MOUNTAIN VIEW DR,,"$472,700","$472,700",334800,334800,334800,334800,334800,334800,,
5122,37 MOUNTAIN VIEW DR,,"$472,700","$472,700",334800,334800,334800,334800,334800,334800,,
5123,35 MOUNTAIN VIEW DR,,"$472,700","$472,700",334800,334800,334800,334800,334800,334800,,
5124,33 MOUNTAIN VIEW DR,,"$366,400","$366,400",260600,260600,260600,260600,260600,260600,,
5125,31 MOUNTAIN VIEW DR,,"$366,200","$366,200",260500,260500,260500,260500,260500,260500,,
5126,29 MOUNTAIN VIEW DR,,"$365,400","$365,400",260200,260200,260200,260200,260200,260200,,
5127,27 MOUNTAIN VIEW DR,,"$366,400","$366,400",260600,260600,260600,260600,260600,260600,,
5128,25 MOUNTAIN VIEW DR,,"$366,400","$366,400",260600,260600,260600,260600,260600,260600,,
5129,23 MOUNTAIN VIEW DR,,"$366,200","$366,200",260500,260500,260500,260500,260500,260500,,
5130,21 MOUNTAIN VIEW DR,,"$366,400","$366,400",260600,260600,260600,260600,260600,260600,,
5131,19 MOUNTAIN VIEW DR,,"$366,400","$366,400",260600,260600,260600,260600,260600,260600,,
5132,17 MOUNTAIN VIEW DR,,"$349,400","$349,400",243500,243500,243500,243500,243500,243500,,
5133,50 MOUNTAIN VIEW DR,,"$507,300","$507,300",357200,357200,357200,357200,357200,357200,,
5134,48 MOUNTAIN VIEW DR,,"$507,300","$507,300",357200,357200,357200,357200,357200,357200,,
5135,46 MOUNTAIN VIEW DR,,"$507,300","$507,300",357200,357200,357200,357200,357200,357200,,
5136,44 MOUNTAIN VIEW DR,,"$507,300","$507,300",357200,357200,357200,357200,357200,357200,,
5137,42 MOUNTAIN VIEW DR,,"$507,300","$507,300",357200,357200,357200,357200,357200,357200,,
5138,40 MOUNTAIN VIEW DR,,"$507,300","$507,300",357200,357200,357200,357200,357200,357200,,
5139,38 MOUNTAIN VIEW DR,,"$507,300","$507,300",357200,357200,357200,357200,357200,357200,,
5140,36 MOUNTAIN VIEW DR,,"$507,300","$507,300",357200,357200,357200,357200,357200,357200,,
5141,51 MOUNTAIN VIEW DR,,"$592,900","$592,900",424800,424800,424800,424800,424800,424800,,
5142,52 MOUNTAIN VIEW DR,,"$640,100","$640,100",431800,431800,431800,431800,431800,431800,,
5143,53 MOUNTAIN VIEW DR,,"$523,300","$523,300",350600,350600,350600,350600,350600,350600,,
5144,54 MOUNTAIN VIEW DR,,"$507,300","$507,300",351000,351000,351000,351000,351000,351000,,
5145,59 MOUNTAIN VIEW DR,,"$504,500","$504,500",351900,351900,351900,351900,351900,351900,,
5146,56 MOUNTAIN VIEW DR,,"$506,200","$506,200",350500,350500,350500,350500,350500,350500,,
5147,65 MOUNTAIN VIEW DR,,"$543,600","$543,600",370000,370000,370000,370000,370000,370000,,
5148,60 MOUNTAIN VIEW DR,,"$586,000","$586,000",420100,420100,420100,420100,420100,420100,,
5149,9 CHERRY CIR,,"$652,300","$652,300",442700,442700,442700,442700,442700,442700,,
5150,62 MOUNTAIN VIEW DR,,"$585,200","$585,200",418600,418600,418600,418600,418600,418600,,
5151,12 CHERRY CIR,,"$670,400","$670,400",439000,439000,439000,439000,439000,439000,,
5152,66 MOUNTAIN VIEW DR,,"$620,000","$620,000",441700,441700,441700,441700,441700,441700,,
5153,10 CHERRY CIR,,"$677,700","$677,700",458900,458900,458900,458900,458900,458900,,
5154,68 MOUNTAIN VIEW DR,,"$878,600","$878,600",635900,635900,635900,635900,635900,635900,,
5155,8 CHERRY CIR,,"$654,900","$654,900",445600,445600,445600,445600,445600,445600,,
5156,72 MOUNTAIN VIEW DR,,"$707,400","$707,400",511600,511600,511600,511600,511600,511600,,
5157,75 MOUNTAIN VIEW DR,,"$500,000","$500,000",349900,349900,349900,349900,349900,349900,,
5158,74 MOUNTAIN VIEW DR,,"$630,000","$630,000",452000,452000,452000,452000,452000,452000,,
5159,87 MOUNTAIN VIEW DR,,"$586,000","$586,000",420500,420500,420500,420500,420500,420500,,
5160,78 MOUNTAIN VIEW DR,,"$590,000","$590,000",423200,423200,423200,423200,423200,423200,,
5161,89 MOUNTAIN VIEW DR,,"$607,000","$607,000",427600,427600,427600,427600,427600,427600,,
5162,80 MOUNTAIN VIEW DR,,"$633,100","$633,100",450900,450900,450900,450900,450900,450900,,
5163,91 MOUNTAIN VIEW DR,,"$564,900","$564,900",394900,394900,394900,394900,394900,394900,,
5164,84 MOUNTAIN VIEW DR,,"$621,000","$621,000",442700,442700,442700,442700,442700,442700,,
5165,93 MOUNTAIN VIEW DR,,"$685,400","$685,400",492500,492500,492500,492500,492500,492500,,
5166,88 MOUNTAIN VIEW DR,,"$522,000","$522,000",361300,361300,361300,361300,361300,361300,,
5167,95 MOUNTAIN VIEW DR,,"$715,600","$715,600",501900,501900,501900,501900,501900,501900,,
5168,90 MOUNTAIN VIEW DR,,"$713,300","$713,300",508500,508500,508500,508500,508500,508500,,
5169,6 ORCHARD ST,,"$14,000","$14,000",14000,14000,14000,14000,15000,15000,,
5170,8 ORCHARD ST,,"$14,000","$14,000",14000,14000,14000,14000,15000,15000,,
5172,24 HICKORY LN,,"$14,000","$14,000",14000,14000,14000,14000,15000,15000,,
5173,22 HICKORY LN,,"$14,000","$14,000",14000,14000,14000,14000,15000,15000,,
5174,20 HICKORY LN,,"$14,000","$14,000",14000,14000,14000,14000,15000,15000,,
5175,18 HICKORY LN,,"$14,000","$14,000",14000,14000,15000,15000,15000,15000,,
5176,16 HICKORY LN,,"$14,000","$14,000",14000,14000,15000,15000,15000,15000,,
5177,14 HICKORY LN,,"$14,000","$14,000",14000,14000,14000,14000,15000,15000,,
5178,12 HICKORY LN,,"$14,000","$14,000",14000,14000,14000,14000,15000,15000,,
5179,10 HICKORY LN,,"$14,000","$14,000",14000,14000,14000,14000,15000,15000,,
5180,8 HICKORY LN,,"$14,000","$14,000",14000,14000,15000,15000,15000,15000,,
5181,6 HICKORY LN,,"$14,000","$14,000",14000,14000,15000,15000,15000,15000,,
5182,4 HICKORY CT,,"$14,000","$14,000",14000,14000,14000,14000,15000,15000,,
5183,5 HICKORY LN,,"$14,000","$14,000",14000,14000,14000,14000,15000,15000,,
5184,7 HICKORY LN,,"$14,000","$14,000",14000,14000,14000,14000,15000,15000,,
5185,9 HICKORY LN,,"$14,000","$14,000",14000,14000,14000,14000,15000,15000,,
5186,11 HICKORY LN,,"$14,000","$14,000",14000,14000,14000,14000,15000,15000,,
5187,13 HICKORY LN,,"$14,000","$14,000",14000,14000,14000,14000,15000,15000,,
5188,15 HICKORY LN,,"$14,000","$14,000",14000,14000,14000,14000,15000,15000,,
5189,17 HICKORY CIR,,"$14,000","$14,000",14000,14000,14000,14000,15000,15000,,
5190,19 HICKORY LN,,"$14,000","$14,000",14000,14000,14000,14000,15000,15000,,
5191,21 HICKORY LN,,"$14,000","$14,000",14000,14000,14000,14000,15000,15000,,
5192,23 HICKORY LN,,"$14,000","$14,000",14000,14000,14000,14000,15000,15000,,
5193,25 HICKORY LN,,"$14,000","$14,000",14000,14000,14000,14000,15000,15000,,
5194,3 HICKORY LN,,"$14,000","$14,000",14000,14000,14000,14000,15000,15000,,
5195,3 LOCUST CT,,"$14,000","$14,000",14000,14000,14000,14000,15000,15000,,
5196,5 LOCUST CT,,"$14,000","$14,000",14000,14000,14000,14000,15000,15000,,
5197,7 LOCUST CT,,"$14,000","$14,000",14000,14000,14000,14000,15000,15000,,
5198,9 LOCUST CT,,"$14,000","$14,000",14000,14000,14000,14000,15000,15000,,
5199,36 LOCUST CT,,"$14,000","$14,000",14000,14000,14000,14000,15000,15000,,
5200,34 LOCUST CT,,"$14,000","$14,000",14000,14000,14000,14000,15000,15000,,
5201,32 LOCUST CT,,"$14,000","$14,000",14000,14000,14000,14000,15000,15000,,
5202,30 LOCUST CT,,"$14,000","$14,000",14000,14000,14000,14000,15000,15000,,
5203,28 LOCUST CT,,"$14,000","$14,000",14000,14000,14000,14000,15000,15000,,
5204,26 LOCUST CT,,"$14,000","$14,000",14000,14000,14000,14000,15000,15000,,
5205,24 LOCUST CT,,"$14,000","$14,000",14000,14000,14000,14000,15000,15000,,
5206,22 LOCUST CT,,"$14,000","$14,000",14000,14000,14000,14000,15000,15000,,
5207,20 LOCUST CT,,"$14,000","$14,000",14000,14000,14000,14000,15000,15000,,
5208,18 LOCUST CT,,"$14,000","$14,000",14000,14000,14000,14000,15000,15000,,
5209,16 LOCUST CT,,"$14,000","$14,000",14000,14000,14000,14000,15000,15000,,
5210,14 LOCUST CT,,"$14,000","$14,000",14000,14000,14000,14000,15000,15000,,
5211,12 LOCUST CT,,"$14,000","$14,000",14000,14000,14000,14000,15000,15000,,
5212,10 LOCUST CT,,"$14,000","$14,000",14000,14000,14000,14000,15000,15000,,
5213,8 LOCUST CT,,"$14,000","$14,000",14000,14000,14000,14000,15000,15000,,
5214,6 LOCUST CT,,"$14,000","$14,000",14000,14000,14000,14000,15000,15000,,
5215,4 LOCUST CT,,"$14,000","$14,000",14000,14000,14000,14000,15000,15000,,
5216,2 LOCUST CT,,"$14,000","$14,000",14000,14000,14000,14000,15000,15000,,
5217,26 CROWES CT,,"$14,000","$14,000",14000,14000,14000,14000,15000,15000,,
5218,24 CROWES CT,,"$14,000","$14,000",14000,14000,14000,14000,15000,15000,,
5219,22 CROWES CT,,"$14,000","$14,000",14000,14000,14000,14000,15000,15000,,
5220,20 CROWES CT,,"$14,000","$14,000",14000,14000,14000,14000,15000,15000,,
5221,18 CROWES CT,,"$14,000","$14,000",14000,14000,14000,14000,15000,15000,,
5222,16 CROWES CT,,"$14,000","$14,000",14000,14000,14000,14000,15000,15000,,
5223,14 CROWES CT,,"$14,000","$14,000",14000,14000,14000,14000,15000,15000,,
5224,12 CROWES CT,,"$14,000","$14,000",14000,14000,14000,14000,15000,15000,,
5225,10 CROWES CT,,"$14,000","$14,000",14000,14000,14000,14000,15000,15000,,
5226,8 CROWES CT,,"$14,000","$14,000",14000,14000,14000,14000,15000,15000,,
5227,6 CROWES CT,,"$14,000","$14,000",14000,14000,14000,14000,15000,15000,,
5228,4 CROWES CT,,"$14,000","$14,000",14000,14000,14000,14000,15000,15000,,
5229,2 CROWES CT,,"$14,000","$14,000",14000,14000,14000,14000,15000,15000,,
5244,46 STARDUST LN,,"$14,000","$14,000",14000,14000,14000,14000,15000,15000,,
5245,12 STARDUST DR,,"$14,000","$14,000",14000,14000,14000,14000,15000,15000,,
5246,48 STARDUST LN,,"$14,000","$14,000",14000,14000,14000,14000,15000,15000,,
5247,8 STARDUST DR,,"$14,000","$14,000",14000,14000,14000,14000,15000,15000,,
5248,54 STARDUST LN,,"$14,000","$14,000",14000,14000,14000,14000,15000,15000,,
5249,4 STARDUST LA,,"$14,000","$14,000",14000,14000,14000,14000,15000,15000,,
5250,56 STARDUST LN,,"$14,000","$14,000",14000,14000,14000,14000,15000,15000,,
5251,91 STARDUST DR,,"$14,000","$14,000",14000,14000,14000,14000,15000,15000,,
5252,60 STARDUST LN,,"$14,000","$14,000",14000,14000,14000,14000,15000,15000,,
5253,29 STARDUST LN,,"$14,000","$14,000",14000,14000,14000,14000,15000,15000,,
5254,70 STARDUST LN,,"$14,000","$14,000",14000,14000,14000,14000,15000,15000,,
5255,37 STARDUST LN,,"$14,000","$14,000",14000,14000,14000,14000,15000,15000,,
5256,76 STARDUST LN,,"$14,000","$14,000",14000,14000,14000,14000,15000,15000,,
5257,63 STARDUST LN,,"$14,000","$14,000",14000,14000,14000,14000,1500,1500,,
5258,78 STARDUST LN,,"$14,000","$14,000",14000,14000,14000,14000,15000,15000,,
5259,73 STARDUST LN,,"$14,000","$14,000",14000,14000,14000,14000,15000,15000,,
5260,80 STARDUST LN,,"$14,000","$14,000",14000,14000,14000,14000,15000,15000,,
5261,81 STARDUST LN,,"$14,000","$14,000",14000,14000,14000,14000,15000,15000,,
5263,85 STARDUST LN,,"$14,000","$14,000",14000,14000,14000,14000,15000,15000,,
5264,86 STARDUST LN,,"$14,000","$14,000",14000,14000,14000,14000,15000,15000,,
5265,89 STARDUST LN,,"$14,000","$14,000",14000,14000,14000,14000,15000,15000,,
5266,10 STARDUST DR,,"$14,000","$14,000",14000,14000,14000,14000,15000,15000,,
5267,91 STARDUST LN,,"$14,000","$14,000",14000,14000,14000,14000,15000,15000,,
5268,6 STARDUST LN,,"$14,000","$14,000",14000,14000,14000,14000,15000,15000,,
5269,4 STARDUST LN,,"$14,000","$14,000",14000,14000,14000,14000,15000,15000,,
5270,2 STARDUST ST,,"$14,000","$14,000",14000,14000,14000,14000,15000,15000,,
5273,1 CROWES CT,,"$14,000","$14,000",14000,14000,14000,14000,15000,15000,,
5274,3 CROWES CT,,"$14,000","$14,000",14000,14000,14000,14000,15000,15000,,
5275,5 CROWES CT,,"$14,000","$14,000",14000,14000,14000,14000,15000,15000,,
5276,7 CROWES CT,,"$14,000","$14,000",14000,14000,14000,14000,15000,15000,,
5277,9 CROWES CT,,"$14,000","$14,000",14000,14000,14000,14000,15000,15000,,
5278,11 CROWES CT,,"$14,000","$14,000",14000,14000,14000,14000,15000,15000,,
5279,13 CROWES CT,,"$14,000","$14,000",14000,14000,14000,14000,15000,15000,,
5280,15 CROWES CT,,"$14,000","$14,000",14000,14000,14000,14000,15000,15000,,
5281,17 CROWES CT,,"$14,000","$14,000",14000,14000,14000,14000,15000,15000,,
5282,19 CROWES CT,,"$14,000","$14,000",14000,14000,14000,14000,15000,15000,,
5283,21 CROWES CT,,"$14,000","$14,000",14000,14000,14000,14000,15000,15000,,
5284,23 CROWES CT,,"$14,000","$14,000",14000,14000,14000,14000,15000,15000,,
5285,25 CROWES CT,,"$14,000","$14,000",14000,14000,14000,14000,15000,15000,,
5286,40 POWERS ST,RESIDENTIAL,"$554,700","$554,700",392500,392500,392400,392400,392400,392400,,
5287,83 DAISY HILL RD,RESIDENTIAL,"$1,315,550","$1,315,550",1038800,1038800,1038800,1038800,1115700,1115700,,
5288,31 RIVERSIDE DR,RESIDENTIAL,"$644,780","$644,780",452600,452600,452600,452600,452600,452600,,
5289,27 RIVERSIDE DR,RESIDENTIAL,"$586,514","$586,514",308800,308800,89300,89300,89300,89300,,
5290,0 HARDY HILL RD,,"$348,886","$1,204",288500,1205,288500,1220,231200,1220,,
5291,181 HARDY HILL RD,,"$57,538","$34,565",47700,28765,47700,28765,47700,28765,,
5292,0 EASTMAN HILL RD,,"$328,400",$591,287500,590,287500,590,287500,590,,
5293,61 GREAT BROOK RD,RESIDENTIAL,"$968,225","$968,225",788000,788000,788000,788000,799500,799500,,
5294,6 ROCK RIDGE BLVD,RESIDENTIAL,"$832,400","$832,400",74100,74100,74100,74100,74100,74100,,
5295,8 ROCK RIDGE BLVD,RESIDENTIAL,"$684,600","$684,600",71500,71500,71600,71600,71600,71600,,
5296,12 ROCK RIDGE BLVD,RESIDENTIAL,"$782,800","$782,800",70500,70500,70500,70500,70500,70500,,
5297,14 ROCK RIDGE BLVD,RESIDENTIAL,"$691,900","$691,900",71400,71400,71400,71400,71400,71400,,
5298,93 DOGWOOD CIR,RESIDENTIAL,"$763,800","$763,800",231400,231400,70900,70900,70900,70900,,
5299,91 DOGWOOD CIR,RESIDENTIAL,"$642,900","$642,900",247900,247900,36900,36900,36900,36900,,
5300,87 DOGWOOD CIR,RESIDENTIAL,"$627,400","$627,400",459700,459700,401300,401300,401300,401300,,
5301,23 WHITE BIRCH LN,RESIDENTIAL,"$713,800","$713,800",504500,504500,445300,445300,445300,445300,,
5302,21 WHITE BIRCH LN,RESIDENTIAL,"$625,200","$625,200",454200,454200,395600,395600,395600,395600,,
5303,17 WHITE BIRCH LN,RESIDENTIAL,"$650,000","$650,000",470000,470000,412000,412000,412000,412000,,
5304,15 WHITE BIRCH LN,RESIDENTIAL,"$625,900","$625,900",455000,455000,397300,397300,397300,397300,,
5305,13 WHITE BIRCH LN,RESIDENTIAL,"$681,100","$681,100",498400,498400,440500,440500,440500,440500,,
5306,11 WHITE BIRCH LN,RESIDENTIAL,"$631,900","$631,900",460800,460800,402300,402300,402300,402300,,
5307,7 WHITE BIRCH LN,RESIDENTIAL,"$674,300","$674,300",490600,490600,431400,431400,431400,431400,,
5308,3 WHITE BIRCH LN,RESIDENTIAL,"$775,400","$775,400",541300,541300,482200,482200,482200,482200,,
5309,2 WHITE BIRCH LN,RESIDENTIAL,"$777,100","$777,100",598600,598600,530000,530000,530000,530000,,
5310,4 WHITE BIRCH LN,RESIDENTIAL,"$636,500","$636,500",465800,465800,406100,406100,406100,406100,,
5311,10 WHITE BIRCH LN,RESIDENTIAL,"$716,000","$716,000",554300,554300,486700,486700,486700,486700,,
5312,12 WHITE BIRCH LN,RESIDENTIAL,"$661,200","$661,200",481200,481200,422200,422200,422200,422200,,
5313,16 WHITE BIRCH LN,RESIDENTIAL,"$633,100","$633,100",463000,463000,406900,406900,406900,406900,,
5314,20 WHITE BIRCH LN,RESIDENTIAL,"$618,200","$618,200",444700,444700,387900,387900,387900,387900,,
5315,22 WHITE BIRCH LN,RESIDENTIAL,"$683,100","$683,100",493900,493900,435300,435300,435300,435300,,
5316,24 WHITE BIRCH LN,RESIDENTIAL,"$629,700","$629,700",456600,456600,397700,397700,397700,397700,,
5317,57 DOGWOOD CIR,RESIDENTIAL,"$626,300","$626,300",199500,199500,29800,29800,29800,29800,,
5318,53 DOGWOOD CIR,RESIDENTIAL,"$624,700","$624,700",437600,437600,36500,36500,36500,36500,,
5319,51 DOGWOOD CIR,RESIDENTIAL,"$524,300","$524,300",344000,344000,302800,302800,27500,27500,,
5320,47 DOGWOOD CIR,RESIDENTIAL,"$731,200","$731,200",514400,514400,458900,458900,142300,142300,,
5321,45 DOGWOOD CIR,RESIDENTIAL,"$564,900","$564,900",413600,413600,413600,413600,408200,408200,,
5322,43 DOGWOOD CIR,RESIDENTIAL,"$644,800","$644,800",468900,468900,413100,413100,404300,404300,,
5323,39 DOGWOOD CIR,RESIDENTIAL,"$741,700","$741,700",526200,526200,468900,468900,468900,468900,,
5324,12 DOGWOOD CIR,RESIDENTIAL,"$737,600","$737,600",566400,566400,509100,509100,509100,509100,,
5325,29 EVERGREEN CT,RESIDENTIAL,"$733,200","$733,200",515500,515500,515500,515500,515500,515500,,
5326,23 EVERGREEN CT,RESIDENTIAL,"$682,800","$682,800",545100,545100,545100,545100,545100,545100,,
5327,11 EVERGREEN CT,RESIDENTIAL,"$694,300","$694,300",524400,524400,524400,524400,524400,524400,,
5328,7 EVERGREEN CT,RESIDENTIAL,"$723,500","$723,500",510400,510400,510400,510400,510400,510400,,
5329,3 EVERGREEN CT,,"$112,700","$112,700",93100,93100,37300,37300,37300,37300,,
5330,4 EVERGREEN CT,RESIDENTIAL,"$676,900","$676,900",483900,483900,484000,484000,484000,484000,,
5331,94 DOGWOOD CIR,,"$122,700","$122,700",101300,101300,40600,40600,40600,40600,,
5332,10 EVERGREEN CT,RESIDENTIAL,"$638,400","$638,400",452200,452200,452100,452100,452100,452100,,
5333,12 EVERGREEN CT,,"$119,600","$119,600",98800,98800,39600,39600,39600,39600,,
5334,16 EVERGREEN CT,RESIDENTIAL,"$537,600","$537,600",383800,383800,383800,383800,383800,383800,,
5335,18 EVERGREEN CT,RESIDENTIAL,"$652,000","$652,000",470600,470600,470500,470500,461400,461400,,
5336,20 EVERGREEN CT,RESIDENTIAL,"$606,900","$606,900",437400,437400,433900,433900,433900,433900,,
5337,24 EVERGREEN CT,RESIDENTIAL,"$776,800","$776,800",592900,592900,592900,592900,592900,592900,,
5338,28 EVERGREEN CT,RESIDENTIAL,"$864,500","$864,500",683700,683700,683600,683600,683600,683600,,
5339,30 EVERGREEN CT,RESIDENTIAL,"$714,300","$714,300",505500,505500,505600,505600,505600,505600,,
5340,36 DOGWOOD CIR,RESIDENTIAL,"$734,000","$734,000",518400,518400,461500,461500,461500,461500,,
5341,38 DOGWOOD CIR,RESIDENTIAL,"$645,500","$645,500",468900,468900,412100,412100,411100,411100,,
5342,42 DOGWOOD CIR,RESIDENTIAL,"$674,000","$674,000",488300,488300,432700,432700,429300,429300,,
5343,44 DOGWOOD CIR,RESIDENTIAL,"$742,800","$742,800",526400,526400,470900,470900,470900,470900,,
5344,46 DOGWOOD CIR,RESIDENTIAL,"$640,900","$640,900",463800,463800,408300,408300,145700,145700,,
5345,50 DOGWOOD CIR,RESIDENTIAL,"$627,100","$627,100",449800,449800,394300,394300,37000,37000,,
5346,52 DOGWOOD CIR,RESIDENTIAL,"$671,100","$671,100",481400,481400,425700,425700,37100,37100,,
5347,56 DOGWOOD CIR,RESIDENTIAL,"$693,300","$693,300",488300,488300,37100,37100,37100,37100,,
5348,60 DOGWOOD CIR,RESIDENTIAL,"$639,100","$639,100",434900,434900,117000,117000,37700,37700,,
5349,62 DOGWOOD CIR,RESIDENTIAL,"$787,700","$787,700",559800,559800,265100,265100,37600,37600,,
5350,76 DOGWOOD CIR,RESIDENTIAL,"$676,700","$676,700",497400,497400,438600,438600,446200,446200,,
5351,82 DOGWOOD CIR,RESIDENTIAL,"$679,800","$679,800",495000,495000,439100,439100,439100,439100,,
5352,84 DOGWOOD CIR,RESIDENTIAL,"$609,300","$609,300",443100,443100,387200,387200,387200,387200,,
5353,86 DOGWOOD CIR,RESIDENTIAL,"$608,800","$608,800",437800,437800,381100,381100,381100,381100,,
5354,88 DOGWOOD CIR,RESIDENTIAL,"$653,000","$653,000",471500,471500,414200,414200,414200,414200,,
5355,90 DOGWOOD CIR,RESIDENTIAL,"$771,000","$771,000",556500,556500,498500,498500,498500,498500,,
5356,92 DOGWOOD CIR,RESIDENTIAL,"$729,700","$729,700",523800,523800,466800,466800,466800,466800,,
5357,34 ROCK RIDGE BLVD,,"$4,600","$4,600",7600,7600,7600,7600,7600,7600,,
5358,38 ROCK RIDGE BLVD,,"$4,623","$4,623",7600,7600,7600,7600,7600,7600,,
5359,40 ROCK RIDGE BLVD,,"$4,623","$4,623",7600,7600,7600,7600,7600,7600,,
5360,0 ROCK RIDGE BLVD,,"$408,791","$408,791",354600,354600,417200,417200,417200,417200,,
5361,41 ROCK RIDGE BLVD,,"$4,602","$4,602",7600,7600,7600,7600,7600,7600,,
5362,37 ROCK RIDGE BLVD,,"$4,558","$4,558",7500,7500,7500,7500,7500,7500,,
5363,35 ROCK RIDGE BLVD,,"$4,551","$4,551",7500,7500,7500,7500,7500,7500,,
5364,15 ROCK RIDGE BLVD,,"$57,700","$57,700",38100,38100,38100,38100,38100,38100,,
5365,11 ROCK RIDGE BLVD,,"$57,800","$57,800",38200,38200,38200,38200,38200,38200,,
5366,9 ROCK RIDGE BLVD,,"$57,800","$57,800",38200,38200,38200,38200,38200,38200,,
5367,6 MEADOW OVLK,,"$5,474","$5,474",9000,9000,9000,9000,9000,9000,,
5368,12 MEADOW OVLK,,"$5,436","$5,436",9000,9000,9000,9000,9000,9000,,
5369,32 MEADOW OVLK,,"$4,591","$4,591",7600,7600,7600,7600,7600,7600,,
5370,36 MEADOW OVLK,,"$4,674","$4,674",7700,7700,7700,7700,7700,7700,,
5371,38 MEADOW OVLK,,"$4,666","$4,666",7700,7700,7700,7700,7700,7700,,
5372,42 MEADOW OVLK,,"$4,595","$4,595",7600,7600,7600,7600,7600,7600,,
5373,46 MEADOW OVLK,,"$9,320","$9,320",7700,7700,7700,7700,7700,7700,,
5374,48 MEADOW OVLK,,"$4,908","$4,908",8100,8100,8100,8100,8100,8100,,
5375,50 MEADOW OVLK,,"$4,663","$4,663",7700,7700,7700,7700,7700,7700,,
5376,54 MEADOW OVLK,,"$4,626","$4,626",7600,7600,7600,7600,7600,7600,,
5377,58 MEADOW OVLK,,"$4,561","$4,561",7500,7500,7500,7500,7500,7500,,
5378,55 MEADOW OVLK,,"$5,306","$5,306",8800,8800,8800,8800,8800,8800,,
5379,51 MEADOW OVLK,,"$4,783","$4,783",7900,7900,7900,7900,7900,7900,,
5380,47 MEADOW OVLK,,"$4,816","$4,816",8000,8000,8000,8000,8000,8000,,
5381,43 MEADOW OVLK,,"$4,935","$4,935",8200,8200,8200,8200,8200,8200,,
5382,41 MEADOW OVLK,,"$4,739","$4,739",7800,7800,7800,7800,7800,7800,,
5383,37 MEADOW OVLK,,"$4,705","$4,705",7800,7800,7800,7800,7800,7800,,
5384,33 MEADOW OVLK,,"$4,796","$4,796",7900,7900,7900,7900,7900,7900,,
5385,31 MEADOW OVLK,,"$4,859","$4,859",8000,8000,8000,8000,8000,8000,,
5386,27 MEADOW OVLK,,"$4,900","$4,900",8100,8100,8100,8100,8100,8100,,
5387,25 MEADOW OVLK,,"$4,915","$4,915",8100,8100,8100,8100,8100,8100,,
5388,4 FALCON TER,,"$4,688","$4,688",7800,7800,7800,7800,7800,7800,,
5389,6 FALCON TER,,"$4,437","$4,437",7300,7300,7300,7300,7300,7300,,
5390,10 FALCON TER,,"$4,426","$4,426",7300,7300,7300,7300,7300,7300,,
5391,12 FALCON TER,,"$4,752","$4,752",7800,7800,7800,7800,7800,7800,,
5392,16 FALCON TER,,"$4,884","$4,884",8000,8000,8000,8000,8000,8000,,
5393,20 FALCON TER,,"$4,771","$4,771",7900,7900,7900,7900,7900,7900,,
5394,24 FALCON TER,,"$6,045","$6,045",10000,10000,10000,10000,10000,10000,,
5395,19 FALCON TER,,"$4,890","$4,890",8100,8100,8100,8100,8100,8100,,
5396,15 FALCON TER,,"$4,885","$4,885",8100,8100,8100,8100,8100,8100,,
5397,13 FALCON TER,,"$4,717","$4,717",7800,7800,7800,7800,7800,7800,,
5398,9 FALCON TER,,"$4,750","$4,750",7900,7900,7900,7900,7900,7900,,
5399,7 FALCON TER,,"$6,769","$6,769",11200,11200,11200,11200,11200,11200,,
5400,3 FALCON TER,,"$4,771","$4,771",7900,7900,7900,7900,7900,7900,,
5401,13 MEADOW OVLK,,"$5,414","$5,414",8900,8900,8900,8900,8900,8900,,
5402,11 MEADOW OVLK,,"$9,586","$9,586",7900,7900,7900,7900,7900,7900,,
5403,25 RIO VISTA LN,,"$508,700","$508,700",345200,345200,345200,345200,345200,345200,,
5404,23 RIO VISTA LN,,"$511,700","$511,700",348100,348100,348100,348100,348100,348100,,
5405,21 RIO VISTA LN,,"$507,600","$507,600",344000,344000,344000,344000,344000,344000,,
5406,19 RIO VISTA LN,,"$510,500","$510,500",347000,347000,347000,347000,347000,347000,,
5407,130 OLD PINE TREE CEMETERY RD,RESIDENTIAL,"$612,072","$612,072",405800,405800,405800,405800,405800,405800,,
5409,49 RIO VISTA #D,,"$40,000","$40,000",40000,40000,40000,40000,40000,40000,,
5410,49 RIO VISTA #C,,"$40,000","$40,000",40000,40000,40000,40000,40000,40000,,
5411,49 RIO VISTA #B,,"$40,000","$40,000",40000,40000,40000,40000,40000,40000,,
5412,49 RIO VISTA #A,,"$40,000","$40,000",40000,40000,40000,40000,40000,40000,,
5413,48 RIO VISTA #A,,"$40,000","$40,000",40000,40000,40000,40000,40000,40000,,
5414,48 RIO VISTA #B,,"$40,000","$40,000",40000,40000,40000,40000,40000,40000,,
5415,48 RIO VISTA #C,,"$40,000","$40,000",40000,40000,40000,40000,40000,40000,,
5416,48 RIO VISTA #D,,"$40,000","$40,000",40000,40000,40000,40000,40000,40000,,
5417,20 RIO VISTA #A,,"$40,000","$40,000",40000,40000,40000,40000,40000,40000,,
5418,20 RIO VISTA #B,,"$40,000","$40,000",40000,40000,40000,40000,40000,40000,,
5419,20 RIO VISTA #C,,"$40,000","$40,000",40000,40000,40000,40000,40000,40000,,
5420,20 RIO VISTA #D,,"$40,000","$40,000",40000,40000,40000,40000,40000,40000,,
5421,26 RIO VISTA #A,,"$40,000","$40,000",40000,40000,40000,40000,40000,40000,,
5422,26 RIO VISTA #B,,"$40,000","$40,000",40000,40000,40000,40000,40000,40000,,
5423,26 RIO VISTA #C,,"$40,000","$40,000",40000,40000,40000,40000,40000,40000,,
5424,26 RIO VISTA #D,,"$40,000","$40,000",40000,40000,40000,40000,40000,40000,,
5425,26 RIO VISTA #E,,"$40,000","$40,000",40000,40000,40000,40000,40000,40000,,
5426,26 RIO VISTA #F,,"$40,000","$40,000",40000,40000,40000,40000,40000,40000,,
5427,32 RIO VISTA,,"$40,000","$40,000",40000,40000,40000,40000,40000,40000,,
5428,34 RIO VISTA,,"$40,000","$40,000",40000,40000,40000,40000,40000,40000,,
5429,36 RIO VISTA,,"$40,000","$40,000",40000,40000,40000,40000,40000,40000,,
5430,38 RIO VISTA,,"$40,000","$40,000",40000,40000,40000,40000,40000,40000,,
5431,2 BLACK BEAR CT,,"$125,100","$125,100",103300,103300,103300,103300,103300,103300,,
5432,4 BLACK BEAR CT,RESIDENTIAL,"$798,500","$798,500",625800,625800,625700,625700,625700,625700,,
5433,3 BLACK BEAR CT,RESIDENTIAL,"$1,228,100","$1,228,100",99800,99800,99800,99800,99800,99800,,
5434,5 BLACK BEAR CT,,"$116,600","$116,600",96300,96300,96200,96200,96200,96200,,
5435,139 OLD PINE TREE CEMETERY RD,,"$122,600","$122,600",101500,101500,101500,101500,101500,101500,,
5437,364 MERIDEN RD,RESIDENTIAL,"$354,455","$354,455",262900,262900,262900,262900,265200,265200,,
5438,37 LILY LN J1,,"$475,000","$475,000",329300,329300,329300,329300,329300,329300,,
5439,39 LILY LN #J2,,"$503,700","$503,700",346700,346700,346700,346700,346700,346700,,
5440,41 LILY LN J3,,"$500,900","$500,900",343700,343700,343700,343700,343700,343700,,
5441,43 LILY LN #J4,,"$483,600","$483,600",334800,334800,334800,334800,334800,334800,,
5442,29 LILY LN K1,,"$488,100","$488,100",336800,336800,336800,336800,336800,336800,,
5443,31 LILY LN K2,,"$495,700","$495,700",338400,338400,338400,338400,338400,338400,,
5444,33 LILY LN #K3,,"$434,500","$434,500",295800,295800,295800,295800,295800,295800,,
5445,35 LILY LN K4,,"$467,400","$467,400",322500,322500,322500,322500,322500,322500,,
5446,15 JOHNSON AVE,RESIDENTIAL,"$639,100","$639,100",482500,482500,482500,482500,482500,482500,,
5447,225 MECHANIC ST,COMMERCIAL,"$3,192,600","$3,192,600",2511800,2511800,2511800,2511800,2511800,2511800,,
5448,0 BLACK BEAR CT,,$0,$0,0,0,0,0,0,0,,
5449,133 OLD PINE TREE CEMETERY RD,,$0,$0,0,0,0,0,0,0,,
5450,127 OLD PINE TREE CEMETERY RD,,$0,$0,0,0,0,0,0,0,,
5451,0 STEVENS RD,,"$161,408","$1,132",133500,1130,133500,1130,108300,1130,,
5452,134 STEVENS RD,RESIDENTIAL,"$997,103","$958,738",792700,761040,792800,761140,801600,771540,,
5453,0 ROCK RIDGE BLVD,,$0,$0,0,0,0,0,0,0,,
5454,0 ROCK RIDGE BLVD,,$0,$0,0,0,0,0,0,0,,
5455,0 ROCK RIDGE BLVD,,$0,$0,0,0,0,0,0,0,,
5456,0 ROCK RIDGE BLVD,,$0,$0,0,0,0,0,0,0,,
5457,0 ROCK RIDGE BLVD,,$0,$0,0,0,0,0,0,0,,
5458,0 ROCK RIDGE BLVD,,$0,$0,0,0,0,0,0,0,,
5459,0 ROCK RIDGE BLVD,,$0,$0,0,0,0,0,0,0,,
5460,0 ROCK RIDGE BLVD,,$0,$0,0,0,0,0,0,0,,
5461,0 ROCK RIDGE BLVD,,$0,$0,0,0,0,0,0,0,,
5462,0 ROCK RIDGE BLVD,,$0,$0,0,0,0,0,0,0,,
5463,0 OLD PINE TREE CEMETERY RD,,"$14,245","$14,245",11800,11800,11800,11800,11800,11800,,
5464,0 ROCK RIDGE BLVD,,$0,$0,0,0,0,0,0,0,,
5465,123 OLD PINE TREE CEMETERY RD,,$0,$0,0,0,0,0,0,0,,
5466,44 LILY LN #L1,,"$474,500","$474,500",328800,328800,328800,328800,329900,329900,,
5467,42 LILY LN L2,,"$507,700","$507,700",346000,346000,346000,346000,346000,346000,,
5468,40 LILY LN #L3,,"$499,700","$499,700",342900,342900,342900,342900,342900,342900,,
5469,38 LILY LN,,"$417,200","$417,200",284800,284800,284800,284800,284800,284800,,
5506,36 LILY LN M1,,"$474,200","$474,200",329800,329800,329800,329800,329800,329800,,
5507,34 LILY LN M2,,"$489,500","$489,500",336500,336500,336500,336500,336500,336500,,
5508,32 LILY LN M3,,"$501,100","$501,100",344400,344400,344400,344400,344400,344400,,
5509,30 LILY LN #M4,,"$481,900","$481,900",334700,334700,334700,334700,334700,334700,,
5510,0 NH ROUTE 120,,"$312,720","$312,720",258500,258500,258500,258500,258500,258500,,
5517,287 MASCOMA ST #101,,"$360,100","$360,100",229500,229500,229500,229500,229500,229500,,
5518,287 MASCOMA ST 315,,"$360,100","$360,100",229500,229500,229500,229500,229500,229500,,
5519,287 MASCOMA ST 313,,"$360,100","$360,100",229500,229500,229500,229500,229500,229500,,
5520,287 MASCOMA ST #311,,"$363,200","$363,200",231300,231300,231300,231300,231300,231300,,
5521,287 MASCOMA ST 309,,"$360,100","$360,100",229500,229500,229500,229500,229500,229500,,
5522,287 MASCOMA ST 308,,"$360,100","$360,100",229500,229500,229500,229500,229500,229500,,
5523,287 MASCOMA ST #307,,"$360,100","$360,100",229500,229500,229500,229500,229500,229500,,
5524,287 MASCOMA ST 306,,"$360,100","$360,100",229500,229500,229500,229500,229500,229500,,
5525,287 MASCOMA ST #305,,"$360,100","$360,100",229500,229500,229500,229500,229500,229500,,
5526,287 MASCOMA ST #304,,"$360,100","$360,100",229500,229500,229500,229500,229500,229500,,
5527,287 MASCOMA ST 303,,"$360,100","$360,100",229500,229500,229500,229500,229500,229500,,
5528,287 MASCOMA ST 302,,"$360,100","$360,100",229500,229500,229500,229500,229500,229500,,
5529,287 MASCOMA ST #301,,"$360,100","$360,100",229500,229500,229500,229500,229500,229500,,
5530,287 MASCOMA ST 215,,"$357,500","$357,500",227900,227900,227900,227900,227900,227900,,
5531,287 MASCOMA ST 213,,"$360,100","$360,100",229500,229500,229500,229500,229500,229500,,
5532,287 MASCOMA ST 212,,"$360,100","$360,100",229500,229500,229500,229500,229500,229500,,
5533,287 MASCOMA ST 211,,"$360,100","$360,100",229500,229500,229500,229500,229500,229500,,
5534,287 MASCOMA ST 210,,"$360,100","$360,100",229500,229500,229500,229500,229500,229500,,
5535,287 MASCOMA ST 209,,"$360,100","$360,100",229500,229500,229500,229500,229500,229500,,
5536,287 MASCOMA ST 208,,"$360,100","$360,100",229500,229500,229500,229500,229500,229500,,
5537,287 MASCOMA ST 207,,"$360,100","$360,100",229500,229500,229500,229500,229500,229500,,
5538,287 MASCOMA ST 206,,"$360,100","$360,100",229500,229500,229500,229500,229500,229500,,
5539,287 MASCOMA ST 205,,"$360,100","$360,100",229500,229500,229500,229500,229500,229500,,
5540,287 MASCOMA ST 204,,"$360,100","$360,100",229500,229500,229500,229500,229500,229500,,
5541,287 MASCOMA ST #203,,"$360,100","$360,100",229500,229500,229500,229500,229500,229500,,
5542,287 MASCOMA ST 202,,"$360,100","$360,100",229500,229500,229500,229500,229500,229500,,
5543,287 MASCOMA ST 201,,"$360,100","$360,100",229500,229500,229500,229500,229500,229500,,
5544,287 MASCOMA ST 108,,"$360,100","$360,100",229500,229500,229500,229500,229500,229500,,
5545,287 MASCOMA ST 107,,"$360,100","$360,100",229500,229500,229500,229500,229500,229500,,
5546,287 MASCOMA ST #106,,"$360,100","$360,100",229500,229500,229500,229500,229500,229500,,
5547,287 MASCOMA ST 105,,"$360,100","$360,100",229500,229500,229500,229500,229500,229500,,
5548,287 MASCOMA ST #104,,"$360,100","$360,100",229500,229500,229500,229500,229500,229500,,
5549,287 MASCOMA ST 103,,"$360,100","$360,100",229500,229500,229500,229500,229500,229500,,
5550,287 MASCOMA ST #102,,"$357,500","$357,500",227900,227900,227900,227900,227900,227900,,
5552,0 RIGHTS-OF- WAY,,"$32,600","$32,600",32600,32600,32500,32500,25400,25400,,
5553,58 DOGWOOD CIR,,"$1,200","$1,200",1000,1000,1000,1000,1000,1000,,
5554,0 AIRPARK RD,,"$22,400","$22,400",18500,18500,18500,18500,18500,18500,,
5555,0 NOTTINGHAM CIR,,"$5,800","$5,800",4800,4800,4800,4800,4800,4800,,
5556,31 AIRPARK RD,INDUSTRIAL,"$979,500","$814,800",1057800,858300,841100,841100,1057800,810015,,
5557,337 MOUNT SUPPORT RD #101,,"$535,900","$535,900",395100,395100,395100,395100,395100,395100,,
5558,337 MOUNT SUPPORT RD #102,,"$534,000","$534,000",393100,393100,393100,393100,393100,393100,,
5559,337 MOUNT SUPPORT RD 103,,"$527,500","$527,500",386000,386000,386000,386000,386000,386000,,
5560,337 MOUNT SUPPORT RD #104,,"$534,000","$534,000",393100,393100,393100,393100,393100,393100,,
5561,337 MOUNT SUPPORT RD #105,,"$547,000","$547,000",407200,407200,407200,407200,407200,407200,,
5562,337 MOUNT SUPPORT RD 106,,"$542,600","$542,600",398100,398100,398100,398100,398100,398100,,
5563,337 MOUNT SUPPORT RD 201,,"$445,800","$445,800",329000,329000,329000,329000,329000,329000,,
5564,337 MOUNT SUPPORT RD #202,,"$464,700","$464,700",349700,349700,349700,349700,349700,349700,,
5565,337 MOUNT SUPPORT RD 203,,"$452,200","$452,200",336100,336100,336100,336100,336100,336100,,
5566,337 MOUNT SUPPORT RD #204,,"$447,100","$447,100",330000,330000,330000,330000,330000,330000,,
5567,337 MOUNT SUPPORT RD 205,,"$447,100","$447,100",330000,330000,330000,330000,330000,330000,,
5568,337 MOUNT SUPPORT RD 206,,"$445,800","$445,800",329000,329000,338800,338800,334700,334700,,
5569,337 MOUNT SUPPORT RD 301,,"$475,200","$475,200",360700,360700,360700,360700,360700,360700,,
5570,337 MOUNT SUPPORT RD 302,,"$466,900","$466,900",351500,351500,351500,351500,351500,351500,,
5571,337 MOUNT SUPPORT RD 303,,"$466,500","$466,500",349500,349500,349500,349500,349500,349500,,
5572,337 MOUNT SUPPORT RD 304,,"$472,500","$472,500",356000,356000,356000,356000,356000,356000,,
5573,337 MOUNT SUPPORT RD 305,,"$470,800","$470,800",354200,354200,354200,354200,354200,354200,,
5574,337 MOUNT SUPPORT RD #306,,"$458,700","$458,700",342600,342600,342600,342600,337500,337500,,
5575,337 MOUNT SUPPORT RD 307,,"$458,300","$458,300",342300,342300,342300,342300,342300,342300,,
5576,337 MOUNT SUPPORT RD 401,,"$509,500","$509,500",386100,386100,386100,386100,386100,386100,,
5577,337 MOUNT SUPPORT RD #402,,"$490,800","$490,800",366200,366200,366200,366200,366200,366200,,
5578,337 MOUNT SUPPORT RD 403,,"$461,300","$461,300",333000,333000,333000,333000,333000,333000,,
5579,337 MOUNT SUPPORT RD 404,,"$461,300","$461,300",333000,333000,333000,333000,333000,333000,,
5580,337 MOUNT SUPPORT RD 405,,"$498,000","$498,000",373800,373800,373800,373800,373800,373800,,
5581,337 MOUNT SUPPORT RD 406,,"$469,700","$469,700",343800,343800,343800,343800,343800,343800,,
5582,6 CHILD ST,RESIDENTIAL,"$585,500","$585,500",445000,445000,445000,445000,445000,445000,,
5588,337 MOUNT SUPPORT RD 501,,"$553,700","$553,700",400100,400100,400100,400100,400100,400100,,
5589,337 MOUNT SUPPORT RD 503,,"$486,100","$486,100",352100,352100,352100,352100,352100,352100,,
5590,337 MOUNT SUPPORT RD 504,,"$544,800","$544,800",390700,390700,390700,390700,390700,390700,,
5591,337 MOUNT SUPPORT RD 502,,"$542,500","$542,500",389100,389100,389100,389100,389100,389100,,
5592,337 MOUNT SUPPORT RD #505,,"$544,800","$544,800",390700,390700,390700,390700,390700,390700,,
5593,337 MOUNT SUPPORT RD 601,,"$553,700","$553,700",400100,400100,400100,400100,400100,400100,,
5594,337 MOUNT SUPPORT RD #602,,"$544,100","$544,100",395400,395400,395400,395400,395400,395400,,
5595,337 MOUNT SUPPORT RD 603,,"$523,100","$523,100",376400,376400,416100,416100,416100,416100,,
5596,337 MOUNT SUPPORT RD 604,,"$549,200","$549,200",395400,395400,400000,400000,400000,400000,,
5597,337 MOUNT SUPPORT RD 605,,"$558,300","$558,300",403100,403100,403100,403100,403100,403100,,
5598,337 MOUNT SUPPORT RD #701,,"$571,300","$571,300",418800,418800,418800,418800,418800,418800,,
5599,337 MOUNT SUPPORT RD #702,,"$544,800","$544,800",390700,390700,390700,390700,390700,390700,,
5600,337 MOUNT SUPPORT RD #703,,"$553,700","$553,700",400100,400100,400100,400100,400100,400100,,
5601,337 MOUNT SUPPORT RD 704,,"$566,900","$566,900",414200,414200,414200,414200,414200,414200,,
5602,6 TRANSFER STATION DR,,"$205,800","$205,800",170100,170100,340400,340400,340400,340400,,
5603,8 FORTUNE ST,RESIDENTIAL,"$405,318","$405,318",295500,295500,302200,302200,157200,157200,,
5604,85 MECHANIC ST C2-1,COMMERCIAL,"$508,000","$508,000",467500,467500,467500,467500,467500,467500,,
5605,0 ROUTE I-89,,"$590,400","$590,400",339200,339200,339200,339200,339200,339200,,
5606,44 MAPLE ST,COMMERCIAL,"$1,551,600","$1,551,600",1240600,1240600,1240600,1240600,1240600,1240600,,
5607,0 PLAZA HEIGHTS RD,,"$1,005,290","$1,005,290",887100,887100,887100,887100,887100,887100,,
5608,30 PLAZA HEIGHTS RD,INDUSTRIAL,"$6,135,833","$6,135,833",5563300,5563300,5563300,5563300,5563300,5563300,,
5609,36 PLAZA HEIGHTS RD,INDUSTRIAL,"$3,110,224","$3,110,224",2842300,2842300,2842300,2842300,2842300,2842300,,
5610,0 PROSPECT ST,,"$218,400","$1,520",178200,1520,178200,1520,263800,216945,,
5611,144 SUNSET ROCK RD,RESIDENTIAL,"$1,179,558","$1,167,125",818700,807525,818600,807425,818600,807425,,
5612,11 ELDRIDGE ST,COMMERCIAL,"$1,737,500","$1,737,500",1326600,1326600,1326700,1326700,1326700,1326700,,
5613,0 PLAZA HEIGHTS RD,,"$49,200","$49,200",40700,40700,40700,40700,40700,40700,,
5614,023A PEABODY ST,,"$378,400","$378,400",258900,258900,258900,258900,258900,258900,,
5615,32-47 ROMANO CIR,COMMERCIAL,"$1,368,155","$1,368,155",698137,698137,677604,677604,731707,731707,,
5616,103 MAPLE ST,RESIDENTIAL,"$537,700","$537,700",379600,379600,379600,379600,379600,379600,,
5617,0 LAPLANTE RD,,"$103,888","$103,888",86700,86700,86700,86700,86700,86700,,
5618,0 TICKNOR RD,,"$124,400","$3,475",106100,3475,106100,3475,106100,3475,,
5619,317 POVERTY LN,RESIDENTIAL,"$683,816","$683,816",464600,464600,464600,464600,464600,464600,,
5620,0 DARTMOUTH COLLEGE HWY,,"$210,069","$7,275",184600,7275,164300,7275,164300,7275,,
5621,85 MECHANIC ST,COMMERCIAL,"$191,700","$191,700",174000,174000,174000,174000,174000,174000,,
5622,25 FOOTHILL ST,COMMERCIAL,"$17,342,200","$17,342,200",16392400,16392400,16392400,16392400,16392400,16392400,,
5623,18 MERCHANT ST,COMMERCIAL,"$6,325,800","$6,325,800",5148300,5148300,5148300,5148300,5148300,5148300,,
5624,6 MERCHANT ST,,"$334,100","$334,100",276100,276100,276100,276100,276100,276100,,
5625,15 MERCHANT ST,,"$353,430","$353,430",292000,292000,292000,292000,292000,292000,,
5626,5 MERCHANT ST,,"$348,900","$348,900",288400,288400,288500,288500,288500,288500,,
5627,14 MERCHANT ST,,"$382,700","$382,700",316200,316200,316200,316200,316200,316200,,
5630,15 CHURCHILL WAY,RESIDENTIAL,"$781,954","$781,954",540600,540600,540600,540600,540600,540600,,
5632,0 DARTMOUTH COLLEGE HWY,,"$4,100","$4,100",3600,3600,3600,3600,3600,3600,,
5633,324 POVERTY LN,RESIDENTIAL,"$726,926","$596,548",530500,422450,530500,422450,541700,437430,,
5634,246 BANK ST EXT,RESIDENTIAL,"$472,800","$472,800",349400,349400,349300,349300,349300,349300,,
5635,101 MAPLE ST,RESIDENTIAL,"$482,400","$482,400",326600,326600,326700,326700,326700,326700,,
5636,MORSE,RESIDENTIAL,"$1,359,932","$1,296,751",1069500,1017350,1069500,1017350,1074900,1022750,,
5643,26 SUNSET ROCK RD,RESIDENTIAL,"$1,068,800","$1,068,800",797300,797300,790000,790000,804500,804500,,
5644,LAPLANTE RD,,"$145,444",$357,121900,355,118900,580,118900,580,,
5645,00 LAPLANTE RD,,"$141,897","$2,052",117500,2050,117500,2050,112800,2050,,
5646,20 MORGAN DR #Unit 10,,"$423,300","$423,300",358300,358300,358300,358300,358300,358300,,
5647,20 MORGAN DR Unit 21,,"$651,200","$651,200",505600,505600,505600,505600,505600,505600,,
5648,20 MORGAN DR #Unit 23,,"$625,500","$625,500",436600,436600,436600,436600,436600,436600,,
5649,20 MORGAN DR Unit 25,,"$634,600","$634,600",442400,442400,442400,442400,442400,442400,,
5650,20 MORGAN DR Unit 27,,"$645,600","$645,600",473600,473600,473600,473600,473600,473600,,
5651,20 MORGAN DR #Unit 28,,"$541,300","$541,300",447500,447500,447500,447500,447500,447500,,
5652,20 MORGAN DR Unit 26,,"$528,200","$528,200",437900,437900,437900,437900,437900,437900,,
5653,20 MORGAN DR Unit 24,,"$493,900","$493,900",411800,411800,411800,411800,411800,411800,,
5654,20 MORGAN DR Unit 22,,"$510,900","$510,900",424700,424700,424700,424700,424700,424700,,
5655,20 MORGAN DR Unit 20,,"$637,800","$637,800",521200,521200,521200,521200,521200,521200,,
5656,20 MORGAN DR Unit 31,,"$635,500","$635,500",494400,494400,494400,494400,494400,494400,,
5657,20 MORGAN DR Unit 35,,"$771,600","$771,600",589600,589600,589600,589600,589600,589600,,
5658,20 MORGAN DR Unit 37,,"$799,000","$799,000",580200,580200,580200,580200,580200,580200,,
5659,20 MORGAN DR #Unit 38,,"$604,900","$604,900",446500,446500,446500,446500,446500,446500,,
5660,20 MORGAN DR #Unit 36,,"$584,100","$584,100",432700,432700,432700,432700,432700,432700,,
5661,20 MORGAN DR Unit 34,,"$541,100","$541,100",403500,403500,403500,403500,403500,403500,,
5662,20 MORGAN DR Unit 32,,"$559,100","$559,100",415700,415700,415700,415700,415700,415700,,
5663,20 MORGAN DR #Unit 30,,"$740,400","$740,400",556200,556200,556200,556200,556200,556200,,
5664,20 MORGAN DR Unit 41,,"$641,900","$641,900",498900,498900,498900,498900,498900,498900,,
5665,20 MORGAN DR Unit 45,,"$771,600","$771,600",589600,589600,589600,589600,589600,589600,,
5666,20 MORGAN DR Unit 47,,"$807,300","$807,300",585800,585800,585800,585800,585800,585800,,
5667,20 MORGAN DR #Unit 48,,"$604,900","$604,900",446500,446500,446500,446500,446500,446500,,
5668,20 MORGAN DR Unit 46,,"$578,500","$578,500",428900,428900,428900,428900,428900,428900,,
5669,20 MORGAN DR Unit 44,,"$541,100","$541,100",403500,403500,403500,403500,403500,403500,,
5670,20 MORGAN DR Unit 42,,"$559,100","$559,100",415700,415700,415700,415700,415700,415700,,
5671,20 MORGAN DR Unit 40,,"$673,000","$673,000",521200,521200,521200,521200,521200,521200,,
5672,00 RIGHTS-OF- WAY,,"$5,200","$5,200",5200,5200,5200,5200,4100,4100,,
5673,0 LABOMBARD RD,,"$2,156,795","$2,156,795",1655300,1655300,1655300,1655300,1655300,1655300,,
5674,39 LABOMBARD RD,COMMERCIAL,"$5,138,790","$5,138,790",4622200,4622200,4197200,4197200,4197200,4197200,,
5675,33 LABOMBARD RD,INDUSTRIAL,"$2,677,047","$2,677,045",1008800,1008800,983800,983800,993500,993500,,
5676,CAVENDISH CT,,"$168,325",$85,141600,85,141600,85,141600,85,,
5677,CAVENDISH CT,,"$167,200",$85,140500,85,140500,85,140500,85,,
5678,CAVENDISH CT,,"$181,263",$275,154600,275,154600,275,154600,275,,
5679,CAVENDISH CT,,"$242,575",$342,215900,340,215900,340,215900,340,,
5680,CAVENDISH CT,,"$248,200",$114,221500,115,221500,115,221500,115,,
5681,CAVENDISH CT,,"$257,200",$117,230500,115,230500,115,230500,115,,
5682,CAVENDISH CT,,"$176,200",$88,149500,90,149500,90,149500,90,,
5683,CAVENDISH CT,,"$245,950",$113,219300,115,219300,115,219300,115,,
5684,CAVENDISH CT,,"$367,450",$126,340800,125,340800,125,340800,125,,
5685,CAVENDISH CT,,"$323,013",$140,296300,140,296300,140,296300,140,,
5686,NH ROUTE 120,,$0,$0,0,0,0,0,0,0,,
5687,0 RIVER PARK DR,,"$185,552","$185,552",154200,154200,154200,154200,154200,154200,,
5688,0 RIVER PARK DR,,"$180,000",$655,150500,655,150500,655,150500,655,,
5689,0 RIVER PARK DR,,"$83,451","$1,276",83500,1280,83500,1280,83500,1280,,
5690,0 RIVER PARK DR,,"$63,418",$558,53600,560,53600,560,53600,560,,
5691,0 RIVER PARK DR,,"$120,317","$113,944",100500,94145,100500,94145,104400,94570,,
5692,0 RIVER PARK DR,,"$92,051",$557,77300,555,77300,555,77300,555,,
5693,0 RIVER PARK DR,,$0,$0,0,0,0,0,0,0,,
5694,0 RIVER PARK DR,,"$132,135","$121,565",110000,99465,110000,99465,143000,405,,
5696,61 CRAFTS AVE,,"$113,800","$113,800",92600,92600,92600,92600,92600,92600,,
5697,63 CRAFTS AVE,RESIDENTIAL,"$915,200","$915,200",734200,734200,649200,649200,540100,540100,,
5698,65 CRAFTS AVE,RESIDENTIAL,"$621,900","$621,900",447300,447300,447300,447300,94200,94200,,
5699,67 CRAFTS AVE,RESIDENTIAL,"$511,600","$511,600",368000,368000,94500,94500,94500,94500,,
5700,0 CRAFTS AVE,,"$180,100","$180,100",146600,146600,146600,146600,195200,195200,,
5701,66 CRAFTS AVE,RESIDENTIAL,"$437,200","$437,200",350800,350800,350900,350900,320400,320400,,
5702,0 CRAFTS AVE,,"$114,900","$114,900",93400,93400,93500,93500,93500,93500,,
5703,0 CRAFTS AVE,,"$124,900","$124,900",101600,101600,101700,101700,101700,101700,,
5704,0 CRAFTS AVE,,"$115,300","$115,300",93800,93800,93800,93800,93800,93800,,
5705,N MAIN,,"$114,200","$114,200",92900,92900,92800,92800,92800,92800,,
5706,RIVER PARK DR,,"$77,967","$77,967",63500,63500,63500,63500,63500,63500,,
5707,0 CRAFTS AVE,,"$30,200","$30,200",24500,24500,24500,24500,245400,245400,,
5708,0 ORA AVE,,"$86,400","$86,400",71400,71400,71400,71400,71400,71400,,
5709,92 MECHANIC ST,RESIDENTIAL,"$375,300","$375,300",284600,284600,284600,284600,284600,284600,,
5710,HARDY HILL,,"$27,100","$15,365",22600,12865,24900,14895,24900,14895,,
5712,263 PLAINFIELD RD,COMMERCIAL,"$2,041,156","$2,041,155",1811500,1811500,1811500,1811500,1811600,1811600,,
5713,263 PLAINFIELD RD,COMMERCIAL,"$2,666,175","$2,666,175",2450700,2450700,2450500,2450500,2450500,2450500,,
5714,0 AIRPORT RD,,"$5,600","$5,600",4600,4600,4600,4600,4600,4600,,
5716,69 ETNA RD #102,,"$398,700","$398,700",283000,283000,283000,283000,283000,283000,,
5718,69 ETNA RD #104,,"$531,600","$531,600",376300,376300,376300,376300,376300,376300,,
5720,69 ETNA RD #106,,"$393,700","$393,700",279700,279700,279700,279700,279700,279700,,
5721,69 ETNA RD #107,,"$413,600","$413,600",292600,292600,292600,292600,292600,292600,,
5722,69 ETNA RD 108,,"$399,600","$399,600",283500,283500,283500,283500,283500,283500,,
5723,69 ETNA RD #109,,"$404,700","$404,700",286800,286800,286800,286800,286800,286800,,
5724,69 ETNA RD #110,,"$562,200","$562,200",396100,396100,396100,396100,396100,396100,,
5725,69 ETNA RD #111,,"$404,700","$404,700",286800,286800,286800,286800,286800,286800,,
5726,69 ETNA RD #112,,"$562,200","$562,200",396100,396100,396100,396100,396100,396100,,
5727,69 ETNA RD #113,,"$396,700","$396,700",284800,284800,284800,284800,284800,284800,,
5728,69 ETNA RD #114,,"$401,000","$401,000",284400,284400,284400,284400,284400,284400,,
5729,69 ETNA RD #115,,"$374,000","$374,000",267000,267000,267000,267000,267000,267000,,
5730,69 ETNA RD #116,,"$393,700","$393,700",279700,279700,279700,279700,279700,279700,,
5731,69 ETNA RD #117,,"$511,300","$511,300",363200,363200,363200,363200,363200,363200,,
5732,69 ETNA RD #118,,"$514,900","$514,900",365600,365600,365600,365600,365600,365600,,
5733,69 ETNA RD #201,,"$380,900","$380,900",271400,271400,271400,271400,287400,287400,,
5734,69 ETNA RD #202,,"$405,500","$405,500",287400,287400,287400,287400,287400,287400,,
5735,69 ETNA RD #203,,"$524,900","$524,900",372000,372000,372000,372000,372000,372000,,
5736,69 ETNA RD #204,,"$566,000","$566,000",400400,400400,400400,400400,400400,400400,,
5737,69 ETNA RD #205,,"$323,000","$323,000",234100,234100,234100,234100,234100,234100,,
5738,69 ETNA RD #206,,"$411,000","$411,000",290800,290800,290800,290800,290800,290800,,
5739,69 ETNA RD #207,,"$421,500","$421,500",297700,297700,297700,297700,297700,297700,,
5740,69 ETNA RD #208,,"$415,300","$415,300",293600,293600,293600,293600,293600,293600,,
5741,69 ETNA RD #209,,"$412,400","$412,400",291800,291800,291800,291800,291800,291800,,
5742,69 ETNA RD #210,,"$596,900","$596,900",418400,418400,418400,418400,418400,418400,,
5743,69 ETNA RD #211,,"$412,400","$412,400",291800,291800,291800,291800,291800,291800,,
5744,69 ETNA RD #212,,"$587,200","$587,200",412200,412200,412200,412200,412200,412200,,
5745,69 ETNA RD #213,,"$412,400","$412,400",291800,291800,291800,291800,291800,291800,,
5746,69 ETNA RD #214,,"$415,300","$415,300",293600,293600,293600,293600,293600,293600,,
5747,69 ETNA RD #215,,"$384,000","$384,000",273500,273500,273500,273500,273500,273500,,
5748,69 ETNA RD #216,,"$411,000","$411,000",290800,290800,290800,290800,290800,290800,,
5749,69 ETNA RD #217,,"$533,700","$533,700",377600,377600,377600,377600,377600,377600,,
5750,69 ETNA RD #218,,"$537,500","$537,500",380100,380100,380100,380100,380100,380100,,
5751,69 ETNA RD #219,,"$537,500","$537,500",380100,380100,380100,380100,380100,380100,,
5752,69 ETNA RD #220,,"$405,500","$405,500",287400,287400,287400,287400,287400,287400,,
5753,69 ETNA RD #221,,"$415,400","$415,400",293800,293800,293800,293800,293800,293800,,
5754,69 ETNA RD #301,,"$415,400","$415,400",293800,293800,293800,293800,293800,293800,,
5755,69 ETNA RD #302,,"$405,500","$405,500",287400,287400,287400,287400,287400,287400,,
5756,69 ETNA RD #303,,"$524,900","$524,900",372000,372000,372000,372000,372000,372000,,
5757,69 ETNA RD #304,,"$537,500","$537,500",380100,380100,380100,380100,380100,380100,,
5758,69 ETNA RD #305,,"$323,000","$323,000",234100,234100,234100,234100,234100,234100,,
5759,69 ETNA RD #306,,"$411,000","$411,000",290800,290800,290800,290800,290800,290800,,
5760,69 ETNA RD #307,,"$421,500","$421,500",297700,297700,297700,297700,297700,297700,,
5761,69 ETNA RD #308,,"$405,400","$405,400",287300,287300,287300,287300,287300,287300,,
5762,69 ETNA RD #309,,"$412,400","$412,400",291800,291800,291800,291800,291800,291800,,
5763,69 ETNA RD #310,,"$587,200","$587,200",412200,412200,412200,412200,412200,412200,,
5764,69 ETNA RD #311,,"$412,400","$412,400",291800,291800,291800,291800,291800,291800,,
5765,69 ETNA RD #312,,"$601,800","$601,800",421600,421600,421600,421600,421600,421600,,
5766,69 ETNA RD #313,,"$412,400","$412,400",291800,291800,291800,291800,291800,291800,,
5767,69 ETNA RD #314,,"$405,400","$405,400",287300,287300,287300,287300,287300,287300,,
5768,69 ETNA RD #315,,"$390,200","$390,200",277400,277400,277400,277400,277400,277400,,
5769,69 ETNA RD #316,,"$411,000","$411,000",290800,290800,290800,290800,290800,290800,,
5770,69 ETNA RD #317,,"$533,700","$533,700",377600,377600,377600,377600,377600,377600,,
5771,69 ETNA RD #318,,"$537,500","$537,500",380100,380100,380100,380100,380100,380100,,
5772,69 ETNA RD #319,,"$537,500","$537,500",380100,380100,380100,380100,380100,380100,,
5773,69 ETNA RD #320,,"$405,500","$405,500",287400,287400,287400,287400,287400,287400,,
5774,69 ETNA RD #321,,"$405,500","$405,500",287400,287400,287400,287400,287400,287400,,
5775,69 ETNA RD #401,,"$422,500","$422,500",298300,298300,298300,298300,298300,298300,,
5776,69 ETNA RD #402,,"$428,000","$428,000",300000,300000,305000,305000,305000,305000,,
5777,69 ETNA RD #403,,"$560,000","$560,000",394600,394600,394600,394600,394600,394600,,
5778,69 ETNA RD #404,,"$560,000","$560,000",394600,394600,394600,394600,394600,394600,,
5779,69 ETNA RD #405,,"$335,900","$335,900",242400,242400,242400,242400,242400,242400,,
5780,69 ETNA RD #406,,"$428,200","$428,200",301900,301900,301900,301900,301900,301900,,
5781,69 ETNA RD #407,,"$439,300","$439,300",309100,309100,309100,309100,309100,309100,,
5782,69 ETNA RD #408,,"$422,400","$422,400",298200,298200,298200,298200,298200,298200,,
5783,69 ETNA RD #409,,"$429,700","$429,700",302900,302900,302900,302900,302900,302900,,
5784,69 ETNA RD #410,,"$612,200","$612,200",428300,428300,428300,428300,428300,428300,,
5785,69 ETNA RD #411,,"$429,700","$429,700",302900,302900,302900,302900,302900,302900,,
5786,69 ETNA RD #412,,"$612,200","$612,200",428300,428300,428300,428300,428300,428300,,
5787,69 ETNA RD #413,,"$429,700","$429,700",302900,302900,302900,302900,302900,302900,,
5788,69 ETNA RD #414,,"$432,700","$432,700",302600,302600,302600,302600,302600,302600,,
5789,69 ETNA RD #415,,"$399,900","$399,900",283700,283700,283700,283700,283700,283700,,
5790,28 MARKET ST,,"$215,300","$215,300",430600,430600,430600,430600,430600,430600,,
5791,36 POVERTY LN,,"$42,900","$42,900",85800,85800,85800,85800,85800,85800,,
5792,80 MAIN ST,,"$211,200","$211,200",211200,211200,211200,211200,211200,211200,,
5793,65 PUMPING STATION RD,,"$260,000","$260,000",520000,520000,520000,520000,520000,520000,,
5794,370 PLAINFIELD RD,,"$152,100","$152,100",304000,304000,304000,304000,304000,304000,,
5795,17 SUMMER ST #1,,"$235,800","$235,800",155000,155000,155000,155000,155000,155000,,
5796,17 SUMMER ST #2,,"$253,200","$253,200",168000,168000,168000,168000,168000,168000,,
5797,17 SUMMER ST #3,,"$310,200","$310,200",206700,206700,206700,206700,206700,206700,,
5799,0 DARTMOUTH COLLEGE HWY,,"$263,058","$5,921",231400,5920,231400,5920,231400,5920,,
5801,0 DARTMOUTH COLLEGE HWY,,"$96,400",$260,84400,260,67500,260,67500,260,,
5803,46 HARDY HILL RD,,"$121,200",$750,129000,2355,129000,2355,124700,2355,,
5804,0 DARTMOUTH COLLEGE HWY,,"$113,310","$113,310",99100,99100,99100,99100,99100,99100,,
5806,69 ETNA RD #119,,"$514,900","$514,900",365600,365600,365600,365600,365600,365600,,
5807,69 ETNA RD #120,,"$388,600","$388,600",276500,276500,276500,276500,276500,276500,,
5808,69 ETNA RD #121,,"$398,000","$398,000",282500,282500,282500,282500,282500,282500,,
5810,117 MASCOMA ST,,"$332,700","$332,700",274900,274900,274900,274900,274900,274900,,
5811,0 JENKINS RD,,"$233,720",$345,193300,345,155400,345,155400,345,,
5812,0 JENKINS RD,,"$256,525",$783,212100,780,171000,780,171000,780,,
5813,0 AIRPARK RD,,"$29,193","$29,193",28000,28000,28000,28000,28000,28000,,
5816,20 BANK ST,,"$3,303,500","$3,303,500",2680500,2680500,2920400,2920400,2695100,2695100,,
5817,150 HEATER RD,,"$1,580,200","$1,580,200",1736000,1736000,1736000,1736000,1736000,1736000,,
5818,MOUNT SUPPORT RD,,"$1,256,000","$1,256,000",1038400,1038400,1038400,1038400,1038400,1038400,,
5825,54 + 56 ETNA RD,INDUSTRIAL,"$9,497,521","$7,475,078",7136666,7136700,4242284,4242301,4242284,4242301,,
5826,11 BANK ST,COMMERCIAL,"$4,049,450","$2,464,510",2191870,2141073,2191870,2141073,2191870,2141073,,
5827,109 BANK ST,RESIDENTIAL,"$323,677","$323,677",188203,188203,188203,188203,188203,188203,,
5828,83 CROSS RD,,"$126,800","$126,800",104500,104500,104500,104500,,,,
5936,2 HICKORY CT,,"$14,000","$14,000",14000,14000,14000,14000,,,,
5937,MAPLE ST,,"$117,100","$117,100",95300,95300,95300,95300,,,,
5939,0 DARTMOUTH COLLEGE HWY,,"$134,400",$170,117600,170,117600,170,,,,
5940,134 AIRPARK RD,INDUSTRIAL,"$1,157,300","$1,157,300",848600,848600,0,0,,,,
5941,110 AIRPARK RD,INDUSTRIAL,"$2,376,900","$2,376,900",1183200,1183200,0,0,,,,
5943,SLAYTON HILL RD,,"$153,000",$840,146600,840,146600,840,,,,
5944,SLAYTON HILL RD,,"$152,100",$820,145900,820,145900,820,,,,
5945,10 ALICE PECK DAY DR,COMMERCIAL,"$417,300","$417,300",338800,338800,,,,,,
5946,HANOVER ST EXT,,"$91,600","$91,600",75700,75700,,,,,,
5947,HANOVER ST EXT,,"$113,300","$113,300",93600,93600,,,,,,
5948,84 STARDUST LN,,"$14,000","$14,000",14000,14000,,,,,,
5950,695 DARTMOUTH COLLEGE HWY #1,,"$146,800","$146,800",61900,61900,,,,,,
5951,695 DARTMOUTH COLLEGE HWY #8,,"$146,800","$146,800",65600,65600,,,,,,
5952,35 CENTERRA PKWY,COMMERCIAL,"$6,410,500","$2,564,200",2393020,1941140,,,,,,
5953,18 MAPLE ST,COMMERCIAL,"$1,356,000","$1,356,000",1057300,1057300,,,,,,
5955,39 HANOVER ST,COMMERCIAL,"$766,000","$766,000",704300,704300,833300,833300,833300,833300,,
5956,48 MAPLE ST,,"$149,300","$149,300",0,0,,,,,,
6230,MECHANIC ST,,$0,$0,,,,,,,,
